tasks,k,act_cosine,agg_min_act_cosine,agg_max_act_cosine,act_dot,agg_min_act_dot,agg_max_act_dot,act_l2,agg_min_act_l2,agg_max_act_l2,act_magnitude_ratio,agg_min_act_magnitude_ratio,agg_max_act_magnitude_ratio,grad_cosine,agg_min_grad_cosine,agg_max_grad_cosine,grad_dot,agg_min_grad_dot,agg_max_grad_dot,grad_l2,agg_min_grad_l2,agg_max_grad_l2,sub_interact_bot,agg_min_sub_interact_bot,agg_max_sub_interact_bot,sub_interact_top,agg_min_sub_interact_top,agg_max_sub_interact_top,sub_left_top,agg_min_sub_left_top,agg_max_sub_left_top,sub_right_bot,agg_min_sub_right_bot,agg_max_sub_right_bot,sub_right_top,agg_min_sub_right_top,agg_max_sub_right_top,sub_sv_overlap,agg_min_sub_sv_overlap,agg_max_sub_sv_overlap,tv_cosine,agg_min_tv_cosine,agg_max_tv_cosine,tv_dot,agg_min_tv_dot,agg_max_tv_dot,tv_l2,agg_min_tv_l2,agg_max_tv_l2,tv_norm_mean,agg_min_tv_norm_mean,agg_max_tv_norm_mean,tv_norm_ratio,agg_min_tv_norm_ratio,agg_max_tv_norm_ratio,eff_rank_global,eff_rank_layerwise
Cars|DTD,2,0.49151936173439026,0.49151936173439026,0.49151936173439026,1.9593803882598877,1.9593803882598877,1.9593803882598877,2.0318186283111572,2.0318186283111572,2.0318186283111572,0.8724794725520848,0.8724794725520848,0.8724794725520848,-0.0017596038524061441,-0.0017596038524061441,-0.0017596038524061441,-675.4219970703125,-675.4219970703125,-675.4219970703125,878.4017333984375,878.4017333984375,878.4017333984375,0.21378606349229812,0.21378606349229812,0.21378606349229812,0.0940720197558403,0.0940720197558403,0.0940720197558403,0.21947736218571662,0.21947736218571662,0.21947736218571662,0.3676764128357172,0.3676764128357172,0.3676764128357172,0.2832543121278286,0.2832543121278286,0.2832543121278286,0.9960398495197296,0.9960398495197296,0.9960398495197296,0.03845915198326111,0.03845915198326111,0.03845915198326111,0.26001840829849243,0.26001840829849243,0.26001840829849243,3.620723247528076,3.620723247528076,3.620723247528076,2.6053271293640137,2.6053271293640137,2.6053271293640137,0.8816983258232093,0.8816983258232093,0.8816983258232093,1.9949849843978882,1.9409781694412231
Cars|EuroSAT,2,0.39812302589416504,0.39812302589416504,0.39812302589416504,4.354806423187256,4.354806423187256,4.354806423187256,4.695323467254639,4.695323467254639,4.695323467254639,0.4177066895520622,0.4177066895520622,0.4177066895520622,-2.2255242681950925e-19,-2.2255242681950925e-19,-2.2255242681950925e-19,-1.317664050882215e-24,-1.317664050882215e-24,-1.317664050882215e-24,592.0693969726562,592.0693969726562,592.0693969726562,0.1582983256969601,0.1582983256969601,0.1582983256969601,0.06985590515658259,0.06985590515658259,0.06985590515658259,0.1901806677877903,0.1901806677877903,0.1901806677877903,0.31929037734866145,0.31929037734866145,0.31929037734866145,0.24423736676573754,0.24423736676573754,0.24423736676573754,0.9666107904911041,0.9666107904911041,0.9666107904911041,0.03231355920433998,0.03231355920433998,0.03231355920433998,0.20050103962421417,0.20050103962421417,0.20050103962421417,3.5050363540649414,3.5050363540649414,3.5050363540649414,2.5049257278442383,2.5049257278442383,2.5049257278442383,0.8091833824900917,0.8091833824900917,0.8091833824900917,1.9893337488174438,1.9260624647140503
Cars|GTSRB,2,0.3038870096206665,0.3038870096206665,0.3038870096206665,1.3385379314422607,1.3385379314422607,1.3385379314422607,2.4775545597076416,2.4775545597076416,2.4775545597076416,0.9640414547648831,0.9640414547648831,0.9640414547648831,-0.010190306231379509,-0.010190306231379509,-0.010190306231379509,-0.14134830236434937,-0.14134830236434937,-0.14134830236434937,592.0697021484375,592.0697021484375,592.0697021484375,0.14847369547002018,0.14847369547002018,0.14847369547002018,0.07987039588391781,0.07987039588391781,0.07987039588391781,0.19560649812221528,0.19560649812221528,0.19560649812221528,0.3075099489092827,0.3075099489092827,0.3075099489092827,0.26585274159908295,0.26585274159908295,0.26585274159908295,0.9760823047161102,0.9760823047161102,0.9760823047161102,0.038010358810424805,0.038010358810424805,0.038010358810424805,0.24430392682552338,0.24430392682552338,0.24430392682552338,3.544968843460083,3.544968843460083,3.544968843460083,2.54509174823761,2.54509174823761,2.54509174823761,0.8381933031550787,0.8381933031550787,0.8381933031550787,1.9913638830184937,1.9378440380096436
Cars|MNIST,2,0.25093308091163635,0.25093308091163635,0.25093308091163635,1.0557562112808228,1.0557562112808228,1.0557562112808228,2.5162994861602783,2.5162994861602783,2.5162994861602783,0.9208370257550247,0.9208370257550247,0.9208370257550247,0.00014278432354331017,0.00014278432354331017,0.00014278432354331017,0.3807687759399414,0.3807687759399414,0.3807687759399414,592.0828857421875,592.0828857421875,592.0828857421875,0.131733631757088,0.131733631757088,0.131733631757088,0.07428598659113049,0.07428598659113049,0.07428598659113049,0.18391735911369322,0.18391735911369322,0.18391735911369322,0.28851692341268065,0.28851692341268065,0.28851692341268065,0.25261561810970307,0.25261561810970307,0.25261561810970307,0.9425064945220947,0.9425064945220947,0.9425064945220947,0.035304002463817596,0.035304002463817596,0.035304002463817596,0.23702400922775269,0.23702400922775269,0.23702400922775269,3.6167144775390625,3.6167144775390625,3.6167144775390625,2.596823215484619,2.596823215484619,2.596823215484619,0.8755563713909044,0.8755563713909044,0.8755563713909044,1.9952512979507446,1.9395462274551392
Cars|RESISC45,2,0.455707848072052,0.455707848072052,0.455707848072052,2.544947624206543,2.544947624206543,2.544947624206543,2.510986328125,2.510986328125,2.510986328125,0.8181455980290264,0.8181455980290264,0.8181455980290264,-0.0010163168190047145,-0.0010163168190047145,-0.0010163168190047145,-193.78399658203125,-193.78399658203125,-193.78399658203125,674.2596435546875,674.2596435546875,674.2596435546875,0.21402897433843462,0.21402897433843462,0.21402897433843462,0.10085700456053019,0.10085700456053019,0.10085700456053019,0.2231216111034155,0.2231216111034155,0.2231216111034155,0.36570368506014345,0.36570368506014345,0.36570368506014345,0.2965458858013153,0.2965458858013153,0.2965458858013153,0.9957396388053894,0.9957396388053894,0.9957396388053894,0.03468220680952072,0.03468220680952072,0.03468220680952072,0.241504967212677,0.241504967212677,0.241504967212677,3.6762349605560303,3.6762349605560303,3.6762349605560303,2.6418834924697876,2.6418834924697876,2.6418834924697876,0.9081011703946362,0.9081011703946362,0.9081011703946362,1.9969664812088013,1.9449875354766846
Cars|SUN397,2,0.5647979974746704,0.5647979974746704,0.5647979974746704,2.699104070663452,2.699104070663452,2.699104070663452,2.0418617725372314,2.0418617725372314,2.0418617725372314,0.9560848300960262,0.9560848300960262,0.9560848300960262,0.012081542983651161,0.012081542983651161,0.012081542983651161,3818.341796875,3818.341796875,3818.341796875,792.3446044921875,792.3446044921875,792.3446044921875,0.2557000710116699,0.2557000710116699,0.2557000710116699,0.13399490974843503,0.13399490974843503,0.13399490974843503,0.24629767790436743,0.24629767790436743,0.24629767790436743,0.4024586429446936,0.4024586429446936,0.4024586429446936,0.34432258665561677,0.34432258665561677,0.34432258665561677,0.9928080403804779,0.9928080403804779,0.9928080403804779,0.036100901663303375,0.036100901663303375,0.036100901663303375,0.28846561908721924,0.28846561908721924,0.28846561908721924,3.9294800758361816,3.9294800758361816,3.9294800758361816,2.827354073524475,2.827354073524475,2.827354073524475,0.9596400766387169,0.9596400766387169,0.9596400766387169,1.998620867729187,1.9508718252182007
Cars|SVHN,2,0.30404189229011536,0.30404189229011536,0.30404189229011536,2.4311347007751465,2.4311347007751465,2.4311347007751465,3.7013933658599854,3.7013933658599854,3.7013933658599854,0.5714093144440677,0.5714093144440677,0.5714093144440677,0.008518097922205925,0.008518097922205925,0.008518097922205925,23.304271697998047,23.304271697998047,23.304271697998047,592.0496826171875,592.0496826171875,592.0496826171875,0.12912840384524316,0.12912840384524316,0.12912840384524316,0.06517255367711186,0.06517255367711186,0.06517255367711186,0.17969981715083122,0.17969981715083122,0.17969981715083122,0.2888169038295746,0.2888169038295746,0.2888169038295746,0.2377028200030327,0.2377028200030327,0.2377028200030327,0.9475286674499511,0.9475286674499511,0.9475286674499511,0.027750547975301743,0.027750547975301743,0.027750547975301743,0.2051803022623062,0.2051803022623062,0.2051803022623062,3.7946197986602783,3.7946197986602783,3.7946197986602783,2.7195934057235718,2.7195934057235718,2.7195934057235718,0.9642271793020888,0.9642271793020888,0.9642271793020888,1.9992924928665161,1.9447885751724243
DTD|EuroSAT,2,0.5092779994010925,0.5092779994010925,0.5092779994010925,4.860283374786377,4.860283374786377,4.860283374786377,4.465884208679199,4.465884208679199,4.465884208679199,0.36444051218186063,0.36444051218186063,0.36444051218186063,7.695287087974959e-19,7.695287087974959e-19,7.695287087974959e-19,4.988704299797934e-24,4.988704299797934e-24,4.988704299797934e-24,648.2864990234375,648.2864990234375,648.2864990234375,0.17783991725184023,0.17783991725184023,0.17783991725184023,0.10810716398060322,0.10810716398060322,0.10810716398060322,0.2333650331199169,0.2333650331199169,0.2333650331199169,0.3389296133816242,0.3389296133816242,0.3389296133816242,0.3153537392616272,0.3153537392616272,0.3153537392616272,0.9706153762340546,0.9706153762340546,0.9706153762340546,0.04307468608021736,0.04307468608021736,0.04307468608021736,0.23565340042114258,0.23565340042114258,0.23565340042114258,3.244525194168091,3.244525194168091,3.244525194168091,2.341129779815674,2.341129779815674,2.341129779815674,0.9177553804863892,0.9177553804863892,0.9177553804863892,1.9976165294647217,1.9314979314804077
DTD|GTSRB,2,0.36424750089645386,0.36424750089645386,0.36424750089645386,1.3998143672943115,1.3998143672943115,1.3998143672943115,2.21917462348938,2.21917462348938,2.21917462348938,0.9050227749437091,0.9050227749437091,0.9050227749437091,0.03707445040345192,0.03707445040345192,0.03707445040345192,0.5630835294723511,0.5630835294723511,0.5630835294723511,648.285888671875,648.285888671875,648.285888671875,0.15259508956689388,0.15259508956689388,0.15259508956689388,0.0804180484265089,0.0804180484265089,0.0804180484265089,0.19464195899665357,0.19464195899665357,0.19464195899665357,0.3140910381823778,0.3140910381823778,0.3140910381823778,0.26753958165645597,0.26753958165645597,0.26753958165645597,0.9813095808029175,0.9813095808029175,0.9813095808029175,0.042315542697906494,0.042315542697906494,0.042315542697906494,0.23980019986629486,0.23980019986629486,0.23980019986629486,3.29878830909729,3.29878830909729,3.29878830909729,2.3812958002090454,2.3812958002090454,2.3812958002090454,0.950657700719221,0.950657700719221,0.950657700719221,1.9984627962112427,1.9389996528625488
DTD|MNIST,2,0.38253578543663025,0.38253578543663025,0.38253578543663025,1.4042130708694458,1.4042130708694458,1.4042130708694458,2.1316332817077637,2.1316332817077637,2.1316332817077637,0.9474852206737777,0.9474852206737777,0.9474852206737777,0.009280186146497726,0.009280186146497726,0.009280186146497726,27.092092514038086,27.092092514038086,27.092092514038086,648.2662963867188,648.2662963867188,648.2662963867188,0.12954391851089894,0.12954391851089894,0.12954391851089894,0.06994802160188555,0.06994802160188555,0.06994802160188555,0.17781210832297803,0.17781210832297803,0.17781210832297803,0.2881211578845978,0.2881211578845978,0.2881211578845978,0.24883417591452597,0.24883417591452597,0.24883417591452597,0.9490800726413727,0.9490800726413727,0.9490800726413727,0.03848227858543396,0.03848227858543396,0.03848227858543396,0.22779788076877594,0.22779788076877594,0.22779788076877594,3.3761603832244873,3.3761603832244873,3.3761603832244873,2.4330272674560547,2.4330272674560547,2.4330272674560547,0.9930339502158289,0.9930339502158289,0.9930339502158289,1.999374508857727,1.9392340183258057
DTD|RESISC45,2,0.6783864498138428,0.6783864498138428,0.6783864498138428,3.3054051399230957,3.3054051399230957,3.3054051399230957,1.921756386756897,1.921756386756897,1.921756386756897,0.7138152398391749,0.7138152398391749,0.7138152398391749,-0.03360769525170326,-0.03360769525170326,-0.03360769525170326,-7016.0185546875,-7016.0185546875,-7016.0185546875,733.56201171875,733.56201171875,733.56201171875,0.230687906621024,0.230687906621024,0.230687906621024,0.13126642152667045,0.13126642152667045,0.13126642152667045,0.2529061867296696,0.2529061867296696,0.2529061867296696,0.3828497867286205,0.3828497867286205,0.3828497867286205,0.3469041955471039,0.3469041955471039,0.3469041955471039,0.9975438833236694,0.9975438833236694,0.9975438833236694,0.0472680926322937,0.0472680926322937,0.0472680926322937,0.2902061939239502,0.2902061939239502,0.2902061939239502,3.4229538440704346,3.4229538440704346,3.4229538440704346,2.478087544441223,2.478087544441223,2.478087544441223,0.9709252168897073,0.9709252168897073,0.9709252168897073,1.9988212585449219,1.9426974058151245
DTD|SUN397,2,0.6929855346679688,0.6929855346679688,0.6929855346679688,2.8893883228302,2.8893883228302,2.8893883228302,1.6424504518508911,1.6424504518508911,1.6424504518508911,0.8341643882772305,0.8341643882772305,0.8341643882772305,-0.014227695763111115,-0.014227695763111115,-0.014227695763111115,-4923.54296875,-4923.54296875,-4923.54296875,844.759765625,844.759765625,844.759765625,0.2517738260142505,0.2517738260142505,0.2517738260142505,0.13363310649991036,0.13363310649991036,0.13363310649991036,0.2525999009609222,0.2525999009609222,0.2525999009609222,0.40093803748488427,0.40093803748488427,0.40093803748488427,0.3504413586854935,0.3504413586854935,0.3504413586854935,0.9902831947803498,0.9902831947803498,0.9902831947803498,0.043344855308532715,0.043344855308532715,0.043344855308532715,0.3053748309612274,0.3053748309612274,0.3053748309612274,3.7001407146453857,3.7001407146453857,3.7001407146453857,2.6635581254959106,2.6635581254959106,2.6635581254959106,0.8461130489652129,0.8461130489652129,0.8461130489652129,1.991012454032898,1.9431674480438232
DTD|SVHN,2,0.39828598499298096,0.39828598499298096,0.39828598499298096,2.7785983085632324,2.7785983085632324,2.7785983085632324,3.451723575592041,3.451723575592041,3.451723575592041,0.49854289727750856,0.49854289727750856,0.49854289727750856,0.006426433566957712,0.006426433566957712,0.006426433566957712,19.251110076904297,19.251110076904297,19.251110076904297,648.2736206054688,648.2736206054688,648.2736206054688,0.1488975227298215,0.1488975227298215,0.1488975227298215,0.07380904737859964,0.07380904737859964,0.07380904737859964,0.18122473910450934,0.18122473910450934,0.18122473910450934,0.30948425829410553,0.30948425829410553,0.30948425829410553,0.25588696360588076,0.25588696360588076,0.25588696360588076,0.9543756783008576,0.9543756783008576,0.9543756783008576,0.033533141016960144,0.033533141016960144,0.033533141016960144,0.21860364079475403,0.21860364079475403,0.21860364079475403,3.558150053024292,3.558150053024292,3.558150053024292,2.5557974576950073,2.5557974576950073,2.5557974576950073,0.9144093267121818,0.9144093267121818,0.9144093267121818,1.997491478919983,1.941576361656189
EuroSAT|GTSRB,2,0.3473110795021057,0.3473110795021057,0.3473110795021057,3.662400484085083,3.662400484085083,3.662400484085083,4.807098388671875,4.807098388671875,4.807098388671875,0.40268656466079344,0.40268656466079344,0.40268656466079344,2.040189075278605e-18,2.040189075278605e-18,2.040189075278605e-18,4.779682417272856e-28,4.779682417272856e-28,4.779682417272856e-28,0.023427657783031464,0.023427657783031464,0.023427657783031464,0.15251652357634157,0.15251652357634157,0.15251652357634157,0.09796252850443125,0.09796252850443125,0.09796252850443125,0.18987153515219687,0.18987153515219687,0.18987153515219687,0.31295126862823963,0.31295126862823963,0.31295126862823963,0.29205415964126585,0.29205415964126585,0.29205415964126585,0.9908609926700592,0.9908609926700592,0.9908609926700592,0.04938589036464691,0.04938589036464691,0.04938589036464691,0.25684934854507446,0.25684934854507446,0.25684934854507446,3.14892578125,3.14892578125,3.14892578125,2.28089439868927,2.28089439868927,2.28089439868927,0.9653899398196222,0.9653899398196222,0.9653899398196222,1.9989838600158691,1.9294941425323486
EuroSAT|MNIST,2,0.3983391225337982,0.3983391225337982,0.3983391225337982,4.012243270874023,4.012243270874023,4.012243270874023,4.694297790527344,4.694297790527344,4.694297790527344,0.3846397856450984,0.3846397856450984,0.3846397856450984,1.9384854870558028e-19,1.9384854870558028e-19,1.9384854870558028e-19,8.72943077695872e-27,8.72943077695872e-27,8.72943077695872e-27,4.5031232833862305,4.5031232833862305,4.5031232833862305,0.1200994289945811,0.1200994289945811,0.1200994289945811,0.07651109758764506,0.07651109758764506,0.07651109758764506,0.16596948496997357,0.16596948496997357,0.16596948496997357,0.2782855594903231,0.2782855594903231,0.2782855594903231,0.25728564724326136,0.25728564724326136,0.25728564724326136,0.9901955568790436,0.9901955568790436,0.9901955568790436,0.040663763880729675,0.040663763880729675,0.040663763880729675,0.22091415524482727,0.22091415524482727,0.22091415524482727,3.235456705093384,3.235456705093384,3.235456705093384,2.3326258659362793,2.3326258659362793,2.3326258659362793,0.9241933574244079,0.9241933574244079,0.9241933574244079,1.998428463935852,1.9305366277694702
EuroSAT|RESISC45,2,0.7395517230033875,0.7395517230033875,0.7395517230033875,9.887564659118652,9.887564659118652,9.887564659118652,3.638331174850464,3.638331174850464,3.638331174850464,0.510553000050784,0.510553000050784,0.510553000050784,-1.1252965053171388e-20,-1.1252965053171388e-20,-1.1252965053171388e-20,-3.6258413786673366e-26,-3.6258413786673366e-26,-3.6258413786673366e-26,322.0206604003906,322.0206604003906,322.0206604003906,0.19377210104838014,0.19377210104838014,0.19377210104838014,0.19193964421749116,0.19193964421749116,0.19193964421749116,0.30182128623127935,0.30182128623127935,0.30182128623127935,0.35498172864317895,0.35498172864317895,0.35498172864317895,0.42701003909111024,0.42701003909111024,0.42701003909111024,0.9778551924228668,0.9778551924228668,0.9778551924228668,0.07195529341697693,0.07195529341697693,0.07195529341697693,0.4054414927959442,0.4054414927959442,0.4054414927959442,3.2474312782287598,3.2474312782287598,3.2474312782287598,2.3776861429214478,2.3776861429214478,2.3776861429214478,0.8910718418504433,0.8910718418504433,0.8910718418504433,1.9950616359710693,1.9320882558822632
EuroSAT|SUN397,2,0.583328127861023,0.583328127861023,0.583328127861023,6.673719882965088,6.673719882965088,6.673719882965088,4.223459243774414,4.223459243774414,4.223459243774414,0.4368929161966821,0.4368929161966821,0.4368929161966821,1.665638023300626e-22,1.665638023300626e-22,1.665638023300626e-22,8.828339605554648e-28,8.828339605554648e-28,8.828339605554648e-28,533.7966918945312,533.7966918945312,533.7966918945312,0.17715138992294668,0.17715138992294668,0.17715138992294668,0.09994034685194492,0.09994034685194492,0.09994034685194492,0.22499136827886104,0.22499136827886104,0.22499136827886104,0.34031935669481755,0.34031935669481755,0.34031935669481755,0.30511929482221606,0.30511929482221606,0.30511929482221606,0.9439950239658356,0.9439950239658356,0.9439950239658356,0.03595525771379471,0.03595525771379471,0.03595525771379471,0.23247995972633362,0.23247995972633362,0.23247995972633362,3.5911407470703125,3.5911407470703125,3.5911407470703125,2.5631567239761353,2.5631567239761353,2.5631567239761353,0.7765248031875678,0.7765248031875678,0.7765248031875678,1.984007716178894,1.9246186017990112
EuroSAT|SVHN,2,0.5060277581214905,0.5060277581214905,0.5060277581214905,9.686758995056152,9.686758995056152,9.686758995056152,4.561436653137207,4.561436653137207,4.561436653137207,0.7310113415957439,0.7310113415957439,0.7310113415957439,4.548952082728313e-19,4.548952082728313e-19,4.548952082728313e-19,2.101968261321589e-26,2.101968261321589e-26,2.101968261321589e-26,4.620810508728027,4.620810508728027,4.620810508728027,0.1461059981631115,0.1461059981631115,0.1461059981631115,0.09224195493385196,0.09224195493385196,0.09224195493385196,0.18134086154401302,0.18134086154401302,0.18134086154401302,0.30627217233181,0.30627217233181,0.30627217233181,0.27913796037435534,0.27913796037435534,0.27913796037435534,0.992200984954834,0.992200984954834,0.992200984954834,0.05111716687679291,0.05111716687679291,0.05111716687679291,0.30582839250564575,0.30582839250564575,0.30582839250564575,3.397838830947876,3.397838830947876,3.397838830947876,2.455396056175232,2.455396056175232,2.455396056175232,0.8392040795570413,0.8392040795570413,0.8392040795570413,1.9922702312469482,1.9320623874664307
GTSRB|MNIST,2,0.18573522567749023,0.18573522567749023,0.18573522567749023,0.7533479332923889,0.7533479332923889,0.7533479332923889,2.571749687194824,2.571749687194824,2.571749687194824,0.9551840547973164,0.9551840547973164,0.9551840547973164,-0.0068441638723015785,-0.0068441638723015785,-0.0068441638723015785,-0.0007220288971439004,-0.0007220288971439004,-0.0007220288971439004,4.503320693969727,4.503320693969727,4.503320693969727,0.14425995809957384,0.14425995809957384,0.14425995809957384,0.15515765726566313,0.15515765726566313,0.15515765726566313,0.2901959399878979,0.2901959399878979,0.2901959399878979,0.30187892355024815,0.30187892355024815,0.30187892355024815,0.38557306945323944,0.38557306945323944,0.38557306945323944,0.9846444416046143,0.9846444416046143,0.9846444416046143,0.07869261503219604,0.07869261503219604,0.07869261503219604,0.4428389370441437,0.4428389370441437,0.4428389370441437,3.2251665592193604,3.2251665592193604,3.2251665592193604,2.372791886329651,2.372791886329651,2.372791886329651,0.9573264846711458,0.9573264846711458,0.9573264846711458,1.9972476959228516,1.9343020915985107
GTSRB|RESISC45,2,0.34888410568237305,0.34888410568237305,0.34888410568237305,1.8783185482025146,1.8783185482025146,1.8783185482025146,2.7047414779663086,2.7047414779663086,2.7047414779663086,0.7887262725333879,0.7887262725333879,0.7887262725333879,-0.03945091366767883,-0.03945091366767883,-0.03945091366767883,-0.29762423038482666,-0.29762423038482666,-0.29762423038482666,322.0215759277344,322.0215759277344,322.0215759277344,0.1513640237180516,0.1513640237180516,0.1513640237180516,0.07849837850779295,0.07849837850779295,0.07849837850779295,0.19433914750814438,0.19433914750814438,0.19433914750814438,0.31191114723682406,0.31191114723682406,0.31191114723682406,0.2642727071046829,0.2642727071046829,0.2642727071046829,0.9867686939239502,0.9867686939239502,0.9867686939239502,0.04230622202157974,0.04230622202157974,0.04230622202157974,0.24692615866661072,0.24692615866661072,0.24692615866661072,3.3512799739837646,3.3512799739837646,3.3512799739837646,2.4178521633148193,2.4178521633148193,2.4178521633148193,0.9230175342586802,0.9230175342586802,0.9230175342586802,1.998042106628418,1.9394513368606567
GTSRB|SUN397,2,0.37267711758613586,0.37267711758613586,0.37267711758613586,1.7169392108917236,1.7169392108917236,1.7169392108917236,2.410569906234741,2.410569906234741,2.410569906234741,0.9217054104844091,0.9217054104844091,0.9217054104844091,-0.015429490245878696,-0.015429490245878696,-0.015429490245878696,-0.19295275211334229,-0.19295275211334229,-0.19295275211334229,533.797119140625,533.797119140625,533.797119140625,0.1536616448312998,0.1536616448312998,0.1536616448312998,0.07892146952450275,0.07892146952450275,0.07892146952450275,0.19203231208026408,0.19203231208026408,0.19203231208026408,0.314784746542573,0.314784746542573,0.314784746542573,0.2639716973900795,0.2639716973900795,0.2639716973900795,0.9556169211864471,0.9556169211864471,0.9556169211864471,0.03467102348804474,0.03467102348804474,0.03467102348804474,0.23221337795257568,0.23221337795257568,0.23221337795257568,3.6421444416046143,3.6421444416046143,3.6421444416046143,2.603322744369507,2.603322744369507,2.603322744369507,0.8043638856777989,0.8043638856777989,0.8043638856777989,1.98716139793396,1.93747878074646
GTSRB|SVHN,2,0.10879246890544891,0.10879246890544891,0.10879246890544891,0.8386296033859253,0.8386296033859253,0.8386296033859253,4.0697221755981445,4.0697221755981445,4.0697221755981445,0.5508622667628635,0.5508622667628635,0.5508622667628635,0.017108695581555367,0.017108695581555367,0.017108695581555367,0.0018521102610975504,0.0018521102610975504,0.0018521102610975504,4.620469570159912,4.620469570159912,4.620469570159912,0.16075084358919411,0.16075084358919411,0.16075084358919411,0.18455372154712676,0.18455372154712676,0.18455372154712676,0.32272966936230657,0.32272966936230657,0.32272966936230657,0.31983410105109217,0.31983410105109217,0.31983410105109217,0.41931044042110444,0.41931044042110444,0.41931044042110444,0.985786327123642,0.985786327123642,0.985786327123642,0.08916044235229492,0.08916044235229492,0.08916044235229492,0.5525619983673096,0.5525619983673096,0.5525619983673096,3.380375623703003,3.380375623703003,3.380375623703003,2.4955620765686035,2.4955620765686035,2.4955620765686035,0.8692902680484137,0.8692902680484137,0.8692902680484137,1.9912488460540771,1.9326438903808594
MNIST|RESISC45,2,0.43354347348213196,0.43354347348213196,0.43354347348213196,2.229501247406006,2.229501247406006,2.229501247406006,2.4982359409332275,2.4982359409332275,2.4982359409332275,0.7533787591236146,0.7533787591236146,0.7533787591236146,-0.0001028524711728096,-0.0001028524711728096,-0.0001028524711728096,-0.14906644821166992,-0.14906644821166992,-0.14906644821166992,322.0522155761719,322.0522155761719,322.0522155761719,0.1247148741222918,0.1247148741222918,0.1247148741222918,0.06980668123811483,0.06980668123811483,0.06980668123811483,0.1720629321038723,0.1720629321038723,0.1720629321038723,0.28223778448998926,0.28223778448998926,0.28223778448998926,0.2467322526872158,0.2467322526872158,0.2467322526872158,0.9577009117603302,0.9577009117603302,0.9577009117603302,0.0384184792637825,0.0384184792637825,0.0384184792637825,0.2342304140329361,0.2342304140329361,0.2342304140329361,3.4272525310516357,3.4272525310516357,3.4272525310516357,2.4695836305618286,2.4695836305618286,2.4695836305618286,0.9641617034921464,0.9641617034921464,0.9641617034921464,1.9992862939834595,1.9410851001739502
MNIST|SUN397,2,0.39542585611343384,0.39542585611343384,0.39542585611343384,1.7401005029678345,1.7401005029678345,1.7401005029678345,2.3221640586853027,2.3221640586853027,2.3221640586853027,0.8803983113151228,0.8803983113151228,0.8803983113151228,-0.014638679102063179,-0.014638679102063179,-0.014638679102063179,-35.18762969970703,-35.18762969970703,-35.18762969970703,533.88037109375,533.88037109375,533.88037109375,0.1281368724349886,0.1281368724349886,0.1281368724349886,0.06801592504605651,0.06801592504605651,0.06801592504605651,0.17529268726706504,0.17529268726706504,0.17529268726706504,0.2876971074938774,0.2876971074938774,0.2876971074938774,0.24055260643363,0.24055260643363,0.24055260643363,0.9140474808216095,0.9140474808216095,0.9140474808216095,0.03125239536166191,0.03125239536166191,0.03125239536166191,0.21864666044712067,0.21864666044712067,0.21864666044712067,3.7135424613952637,3.7135424613952637,3.7135424613952637,2.655054211616516,2.655054211616516,2.655054211616516,0.8402189833430843,0.8402189833430843,0.8402189833430843,1.9918651580810547,1.9400132894515991
MNIST|SVHN,2,0.42331022024154663,0.42331022024154663,0.42331022024154663,3.116858720779419,3.116858720779419,3.116858720779419,3.4108800888061523,3.4108800888061523,3.4108800888061523,0.5261748536013929,0.5261748536013929,0.5261748536013929,-0.1030338779091835,-0.1030338779091835,-0.1030338779091835,-2.1437623500823975,-2.1437623500823975,-2.1437623500823975,6.771592617034912,6.771592617034912,6.771592617034912,0.13913517272565515,0.13913517272565515,0.13913517272565515,0.24622574262320995,0.24622574262320995,0.24622574262320995,0.44449236303567885,0.44449236303567885,0.44449236303567885,0.30242815382778643,0.30242815382778643,0.30242815382778643,0.480085501074791,0.480085501074791,0.480085501074791,0.996410745382309,0.996410745382309,0.996410745382309,0.15894895792007446,0.15894895792007446,0.15894895792007446,1.0289767980575562,1.0289767980575562,1.0289767980575562,3.3135247230529785,3.3135247230529785,3.3135247230529785,2.547293543815613,2.547293543815613,2.547293543815613,0.9080395058191942,0.9080395058191942,0.9080395058191942,1.9871680736541748,1.9276138544082642
RESISC45|SUN397,2,0.6963694095611572,0.6963694095611572,0.6963694095611572,4.067575454711914,4.067575454711914,4.067575454711914,1.9207206964492798,1.9207206964492798,1.9207206964492798,0.8557249025139897,0.8557249025139897,0.8557249025139897,0.03717033192515373,0.03717033192515373,0.03717033192515373,6389.33447265625,6389.33447265625,6389.33447265625,613.0060424804688,613.0060424804688,613.0060424804688,0.2495213056495413,0.2495213056495413,0.2495213056495413,0.14997754529118537,0.14997754529118537,0.14997754529118537,0.2690149384737015,0.2690149384737015,0.2690149384737015,0.39828387305140495,0.39828387305140495,0.39828387305140495,0.3775308632850647,0.3775308632850647,0.3775308632850647,0.9851504838466645,0.9851504838466645,0.9851504838466645,0.04351009055972099,0.04351009055972099,0.04351009055972099,0.31571874022483826,0.31571874022483826,0.31571874022483826,3.7468745708465576,3.7468745708465576,3.7468745708465576,2.7001144886016846,2.7001144886016846,2.7001144886016846,0.8714502767532172,0.8714502767532172,0.8714502767532172,1.9927663803100586,1.9457565546035767
RESISC45|SVHN,2,0.4830778241157532,0.4830778241157532,0.4830778241157532,4.721305847167969,4.721305847167969,4.721305847167969,3.3729631900787354,3.3729631900787354,3.3729631900787354,0.6984200805096736,0.6984200805096736,0.6984200805096736,-0.013691926375031471,-0.013691926375031471,-0.013691926375031471,-20.37371063232422,-20.37371063232422,-20.37371063232422,322.11346435546875,322.11346435546875,322.11346435546875,0.13575552843045444,0.13575552843045444,0.13575552843045444,0.07028068535029888,0.07028068535029888,0.07028068535029888,0.17795667320489883,0.17795667320489883,0.17795667320489883,0.29815638773143294,0.29815638773143294,0.29815638773143294,0.24674906879663466,0.24674906879663466,0.24674906879663466,0.9619661748409272,0.9619661748409272,0.9619661748409272,0.03412843495607376,0.03412843495607376,0.03412843495607376,0.22914737462997437,0.22914737462997437,0.22914737462997437,3.6066102981567383,3.6066102981567383,3.6066102981567383,2.5923538208007812,2.5923538208007812,2.5923538208007812,0.9417917166076185,0.9417917166076185,0.9417917166076185,1.9983009099960327,1.9447792768478394
SUN397|SVHN,2,0.49911195039749146,0.49911195039749146,0.49911195039749146,4.174237251281738,4.174237251281738,4.174237251281738,3.262434482574463,3.262434482574463,3.262434482574463,0.5976554553079533,0.5976554553079533,0.5976554553079533,0.01196158118546009,0.01196158118546009,0.01196158118546009,29.504188537597656,29.504188537597656,29.504188537597656,533.7646484375,533.7646484375,533.7646484375,0.13820634059142323,0.13820634059142323,0.13820634059142323,0.06725064024329186,0.06725064024329186,0.06725064024329186,0.17502254866063593,0.17502254866063593,0.17502254866063593,0.301457079872489,0.301457079872489,0.301457079872489,0.23864580139517785,0.23864580139517785,0.23864580139517785,0.9203775632381439,0.9203775632381439,0.9203775632381439,0.02689892053604126,0.02689892053604126,0.02689892053604126,0.20724841952323914,0.20724841952323914,0.20724841952323914,3.8818395137786865,3.8818395137786865,3.8818395137786865,2.7778244018554688,2.7778244018554688,2.7778244018554688,0.9253110442425904,0.9253110442425904,0.9253110442425904,1.9975166320800781,1.946887731552124
Cars|DTD|EuroSAT,3,0.46630679567654926,0.39812302589416504,0.5092779994010925,3.7248233954111734,1.9593803882598877,4.860283374786377,3.731008768081665,2.0318186283111572,4.695323467254639,0.5515422247620025,0.36444051218186063,0.8724794725520848,-0.0005865346174687145,-0.0017596038524061441,7.695287087974959e-19,-225.14066569010416,-675.4219970703125,4.988704299797934e-24,706.2525431315104,592.0693969726562,878.4017333984375,0.18330810214703283,0.1582983256969601,0.21378606349229812,0.09067836296434202,0.06985590515658259,0.10810716398060322,0.21434102103114128,0.1901806677877903,0.2333650331199169,0.34196546785533427,0.31929037734866145,0.3676764128357172,0.2809484727183978,0.24423736676573754,0.3153537392616272,0.9777553387482961,0.9666107904911041,0.9960398495197296,0.03794913242260615,0.03231355920433998,0.04307468608021736,0.2320576161146164,0.20050103962421417,0.26001840829849243,3.456761598587036,3.244525194168091,3.620723247528076,2.4837942123413086,2.341129779815674,2.6053271293640137,0.8695456962665634,0.8091833824900917,0.9177553804863892,2.986388683319092,2.859748363494873
Cars|DTD|GTSRB,3,0.38655129075050354,0.3038870096206665,0.49151936173439026,1.5659108956654866,1.3385379314422607,1.9593803882598877,2.242849270502726,2.0318186283111572,2.4775545597076416,0.913847900753559,0.8724794725520848,0.9640414547648831,0.008374846773222089,-0.010190306231379509,0.03707445040345192,-225.00008728106818,-675.4219970703125,0.5630835294723511,706.25244140625,592.0697021484375,878.4017333984375,0.1716182828430707,0.14847369547002018,0.21378606349229812,0.08478682135542233,0.07987039588391781,0.0940720197558403,0.20324193976819516,0.19464195899665357,0.21947736218571662,0.32975913330912593,0.3075099489092827,0.3676764128357172,0.27221554512778917,0.26585274159908295,0.2832543121278286,0.984477245012919,0.9760823047161102,0.9960398495197296,0.0395950178305308,0.038010358810424805,0.042315542697906494,0.24804084499677023,0.23980019986629486,0.26001840829849243,3.4881601333618164,3.29878830909729,3.620723247528076,2.510571559270223,2.3812958002090454,2.6053271293640137,0.8901831098991696,0.8381933031550787,0.950657700719221,2.9882757663726807,2.8721585273742676
Cars|DTD|MNIST,3,0.3749960760275523,0.25093308091163635,0.49151936173439026,1.4731165568033855,1.0557562112808228,1.9593803882598877,2.2265837987264,2.0318186283111572,2.5162994861602783,0.9136005729936291,0.8724794725520848,0.9474852206737777,0.002554455539211631,-0.0017596038524061441,0.009280186146497726,-215.98304526011148,-675.4219970703125,27.092092514038086,706.2503051757812,592.0828857421875,878.4017333984375,0.15835453792009502,0.12954391851089894,0.21378606349229812,0.07943534264961878,0.06994802160188555,0.0940720197558403,0.1937356098741293,0.17781210832297803,0.21947736218571662,0.3147714980443319,0.2881211578845978,0.3676764128357172,0.26156803538401924,0.24883417591452597,0.2832543121278286,0.962542138894399,0.9425064945220947,0.9960398495197296,0.03741514434417089,0.035304002463817596,0.03848227858543396,0.24161343276500702,0.22779788076877594,0.26001840829849243,3.5378660360972085,3.3761603832244873,3.620723247528076,2.5450592041015625,2.4330272674560547,2.6053271293640137,0.9167628824766475,0.8755563713909044,0.9930339502158289,2.991919994354248,2.8734350204467773
Cars|DTD|RESISC45,3,0.5418712198734283,0.455707848072052,0.6783864498138428,2.6032443841298423,1.9593803882598877,3.3054051399230957,2.1548537810643515,1.921756386756897,2.510986328125,0.8014801034734287,0.7138152398391749,0.8724794725520848,-0.012127871974371374,-0.03360769525170326,-0.0010163168190047145,-2628.4081827799478,-7016.0185546875,-193.78399658203125,762.074462890625,674.2596435546875,878.4017333984375,0.21950098148391892,0.21378606349229812,0.230687906621024,0.10873181528101365,0.0940720197558403,0.13126642152667045,0.23183505333960056,0.21947736218571662,0.2529061867296696,0.3720766282081604,0.36570368506014345,0.3828497867286205,0.3089014644920826,0.2832543121278286,0.3469041955471039,0.9964411238829295,0.9957396388053894,0.9975438833236694,0.04013648380835851,0.03468220680952072,0.0472680926322937,0.26390985647837323,0.241504967212677,0.2902061939239502,3.573304017384847,3.4229538440704346,3.6762349605560303,2.5750993887583413,2.478087544441223,2.6418834924697876,0.9202415710358509,0.8816983258232093,0.9709252168897073,2.9934165477752686,2.879455327987671
Cars|DTD|SUN397,3,0.5831009646256765,0.49151936173439026,0.6929855346679688,2.5159575939178467,1.9593803882598877,2.8893883228302,1.90537695089976,1.6424504518508911,2.0418617725372314,0.8875762303084471,0.8341643882772305,0.9560848300960262,-0.0013019188772886992,-0.014227695763111115,0.012081542983651161,-593.5410563151041,-4923.54296875,3818.341796875,838.5020345052084,792.3446044921875,878.4017333984375,0.2404199868394062,0.21378606349229812,0.2557000710116699,0.12056667866806191,0.0940720197558403,0.13399490974843503,0.23945831368366877,0.21947736218571662,0.2525999009609222,0.3903576977550984,0.3676764128357172,0.4024586429446936,0.32600608582297963,0.2832543121278286,0.3504413586854935,0.9930436948935192,0.9902831947803498,0.9960398495197296,0.03930163631836573,0.036100901663303375,0.043344855308532715,0.2846196194489797,0.26001840829849243,0.3053748309612274,3.750114679336548,3.620723247528076,3.9294800758361816,2.6987464427948,2.6053271293640137,2.827354073524475,0.895817150475713,0.8461130489652129,0.9596400766387169,2.989771842956543,2.884242534637451
Cars|DTD|SVHN,3,0.39794907967249554,0.30404189229011536,0.49151936173439026,2.389704465866089,1.9593803882598877,2.7785983085632324,3.061645189921061,2.0318186283111572,3.7013933658599854,0.6474772280912203,0.49854289727750856,0.8724794725520848,0.004394975878919165,-0.0017596038524061441,0.008518097922205925,-210.95553843180338,-675.4219970703125,23.304271697998047,706.2416788736979,592.0496826171875,878.4017333984375,0.16393733002245425,0.12912840384524316,0.21378606349229812,0.07768454027051726,0.06517255367711186,0.0940720197558403,0.19346730614701904,0.17969981715083122,0.21947736218571662,0.32199252498646574,0.2888169038295746,0.3676764128357172,0.25894803191224736,0.2377028200030327,0.2832543121278286,0.9659813984235127,0.9475286674499511,0.9960398495197296,0.03324761365850767,0.027750547975301743,0.03845915198326111,0.22793411711851755,0.2051803022623062,0.26001840829849243,3.6578310330708823,3.558150053024292,3.7946197986602783,2.6269059975941977,2.5557974576950073,2.7195934057235718,0.9201116106124934,0.8816983258232093,0.9642271793020888,2.993860960006714,2.8787078857421875
Cars|EuroSAT|GTSRB,3,0.34977370500564575,0.3038870096206665,0.39812302589416504,3.1185816129048667,1.3385379314422607,4.354806423187256,3.9933254718780518,2.4775545597076416,4.807098388671875,0.5948115696592463,0.40268656466079344,0.9640414547648831,-0.003396768743793169,-0.010190306231379509,2.040189075278605e-18,-0.047116100788116455,-0.14134830236434937,4.779682417272856e-28,394.7208422596256,0.023427657783031464,592.0697021484375,0.15309618158110727,0.14847369547002018,0.1582983256969601,0.08256294318164388,0.06985590515658259,0.09796252850443125,0.19188623368740085,0.18987153515219687,0.19560649812221528,0.3132505316287279,0.3075099489092827,0.31929037734866145,0.26738142266869547,0.24423736676573754,0.29205415964126585,0.9778513626257578,0.9666107904911041,0.9908609926700592,0.0399032694598039,0.03231355920433998,0.04938589036464691,0.23388477166493735,0.20050103962421417,0.25684934854507446,3.399643659591675,3.14892578125,3.544968843460083,2.4436372915903726,2.28089439868927,2.54509174823761,0.8709222084882642,0.8091833824900917,0.9653899398196222,2.9845340251922607,2.8563454151153564
Cars|EuroSAT|MNIST,3,0.3491317431131999,0.25093308091163635,0.3983391225337982,3.1409353017807007,1.0557562112808228,4.354806423187256,3.9686402479807534,2.5162994861602783,4.695323467254639,0.574394500317395,0.3846397856450984,0.9208370257550247,4.7594774514436715e-05,-2.2255242681950925e-19,0.00014278432354331017,0.1269229253133138,-1.317664050882215e-24,0.3807687759399414,396.21846866607666,4.5031232833862305,592.0828857421875,0.13671046214954305,0.1200994289945811,0.1582983256969601,0.07355099644511938,0.06985590515658259,0.07651109758764506,0.18002250395715236,0.16596948496997357,0.1901806677877903,0.29536428675055504,0.2782855594903231,0.31929037734866145,0.25137954403956736,0.24423736676573754,0.25728564724326136,0.9664376139640808,0.9425064945220947,0.9901955568790436,0.03609377518296242,0.03231355920433998,0.040663763880729675,0.21947973469893137,0.20050103962421417,0.23702400922775269,3.4524025122324624,3.235456705093384,3.6167144775390625,2.4781249364217124,2.3326258659362793,2.596823215484619,0.8696443704351347,0.8091833824900917,0.9241933574244079,2.98738956451416,2.858297348022461
Cars|EuroSAT|RESISC45,3,0.5311275323232015,0.39812302589416504,0.7395517230033875,5.595772902170817,2.544947624206543,9.887564659118652,3.614880323410034,2.510986328125,4.695323467254639,0.5821350958772908,0.4177066895520622,0.8181455980290264,-0.0003387722730015716,-0.0010163168190047145,-1.1252965053171388e-20,-64.59466552734375,-193.78399658203125,-3.6258413786673366e-26,529.4499003092448,322.0206604003906,674.2596435546875,0.1886998003612583,0.1582983256969601,0.21402897433843462,0.12088418464486798,0.06985590515658259,0.19193964421749116,0.23837452170749507,0.1901806677877903,0.30182128623127935,0.34665859701732793,0.31929037734866145,0.36570368506014345,0.3225977638860544,0.24423736676573754,0.42701003909111024,0.9800685405731201,0.9666107904911041,0.9957396388053894,0.04631701981027921,0.03231355920433998,0.07195529341697693,0.2824824998776118,0.20050103962421417,0.4054414927959442,3.476234197616577,3.2474312782287598,3.6762349605560303,2.508165121078491,2.3776861429214478,2.6418834924697876,0.8694521315783904,0.8091833824900917,0.9081011703946362,2.986799716949463,2.8627796173095703
Cars|EuroSAT|SUN397,3,0.5154163837432861,0.39812302589416504,0.583328127861023,4.575876792271932,2.699104070663452,6.673719882965088,3.6535481611887612,2.0418617725372314,4.695323467254639,0.6035614786149235,0.4177066895520622,0.9560848300960262,0.004027180994550387,-2.2255242681950925e-19,0.012081542983651161,1272.7805989583333,-1.317664050882215e-24,3818.341796875,639.403564453125,533.7966918945312,792.3446044921875,0.19704992887719222,0.1582983256969601,0.2557000710116699,0.10126372058565418,0.06985590515658259,0.13399490974843503,0.22048990465700627,0.1901806677877903,0.24629767790436743,0.3540227923293909,0.31929037734866145,0.4024586429446936,0.2978930827478568,0.24423736676573754,0.34432258665561677,0.9678046182791391,0.9439950239658356,0.9928080403804779,0.03478990619381269,0.03231355920433998,0.036100901663303375,0.24048220614592233,0.20050103962421417,0.28846561908721924,3.6752190589904785,3.5050363540649414,3.9294800758361816,2.6318121751149497,2.5049257278442383,2.827354073524475,0.8484494207721255,0.7765248031875678,0.9596400766387169,2.981651782989502,2.8635079860687256
Cars|EuroSAT|SVHN,3,0.40273089210192364,0.30404189229011536,0.5060277581214905,5.490900039672852,2.4311347007751465,9.686758995056152,4.319384495417277,3.7013933658599854,4.695323467254639,0.5733757818639579,0.4177066895520622,0.7310113415957439,0.0028393659740686417,-2.2255242681950925e-19,0.008518097922205925,7.768090565999349,-1.317664050882215e-24,23.304271697998047,396.24663003285724,4.620810508728027,592.0693969726562,0.14451090923510493,0.12912840384524316,0.1582983256969601,0.07575680458918214,0.06517255367711186,0.09224195493385196,0.18374044882754484,0.17969981715083122,0.1901806677877903,0.3047931511700153,0.2888169038295746,0.31929037734866145,0.2536927157143752,0.2377028200030327,0.27913796037435534,0.968780147631963,0.9475286674499511,0.992200984954834,0.03706042468547821,0.027750547975301743,0.05111716687679291,0.2371699114640554,0.20050103962421417,0.30582839250564575,3.5658316612243652,3.397838830947876,3.7946197986602783,2.559971729914347,2.455396056175232,2.7195934057235718,0.8708715471164074,0.8091833824900917,0.9642271793020888,2.9864554405212402,2.8630318641662598
Cars|GTSRB|MNIST,3,0.24685177206993103,0.18573522567749023,0.3038870096206665,1.0492140253384907,0.7533479332923889,1.3385379314422607,2.5218679110209146,2.4775545597076416,2.571749687194824,0.946687511772408,0.9208370257550247,0.9640414547648831,-0.005630561926712592,-0.010190306231379509,0.00014278432354331017,0.07956614822614938,-0.14134830236434937,0.3807687759399414,396.2186361948649,4.503320693969727,592.0828857421875,0.141489095108894,0.131733631757088,0.14847369547002018,0.10310467991357047,0.07428598659113049,0.15515765726566313,0.22323993240793547,0.18391735911369322,0.2901959399878979,0.2993019319574038,0.28851692341268065,0.3075099489092827,0.3013471430540085,0.25261561810970307,0.38557306945323944,0.9677444136142731,0.9425064945220947,0.9846444416046143,0.05066899210214615,0.035304002463817596,0.07869261503219604,0.3080556243658066,0.23702400922775269,0.4428389370441437,3.4622832934061685,3.2251665592193604,3.6167144775390625,2.5049022833506265,2.372791886329651,2.596823215484619,0.8903587197390429,0.8381933031550787,0.9573264846711458,2.987373113632202,2.867558002471924
Cars|GTSRB|RESISC45,3,0.3694929877916972,0.3038870096206665,0.455707848072052,1.9206013679504395,1.3385379314422607,2.544947624206543,2.564427455266317,2.4775545597076416,2.7047414779663086,0.8569711084424325,0.7887262725333879,0.9640414547648831,-0.016885845572687685,-0.03945091366767883,-0.0010163168190047145,-64.7409897049268,-193.78399658203125,-0.14134830236434937,529.4503072102865,322.0215759277344,674.2596435546875,0.1712888978421688,0.14847369547002018,0.21402897433843462,0.08640859298408032,0.07849837850779295,0.10085700456053019,0.2043557522445917,0.19433914750814438,0.2231216111034155,0.3283749270687501,0.3075099489092827,0.36570368506014345,0.2755571115016937,0.2642727071046829,0.2965458858013153,0.9861968791484833,0.9760823047161102,0.9957396388053894,0.03833292921384176,0.03468220680952072,0.04230622202157974,0.24424501756827036,0.241504967212677,0.24692615866661072,3.5241612593332925,3.3512799739837646,3.6762349605560303,2.5349424680074057,2.4178521633148193,2.6418834924697876,0.889770669269465,0.8381933031550787,0.9230175342586802,2.990164279937744,2.8754420280456543
Cars|GTSRB|SUN397,3,0.4137873748938243,0.3038870096206665,0.5647979974746704,1.9181937376658122,1.3385379314422607,2.699104070663452,2.309995412826538,2.0418617725372314,2.4775545597076416,0.9472772317817727,0.9217054104844091,0.9640414547648831,-0.004512751164535682,-0.015429490245878696,0.012081542983651161,1272.6691652735074,-0.19295275211334229,3818.341796875,639.40380859375,533.797119140625,792.3446044921875,0.18594513710432994,0.14847369547002018,0.2557000710116699,0.09759559171895187,0.07892146952450275,0.13399490974843503,0.21131216270228226,0.19203231208026408,0.24629767790436743,0.3415844461321831,0.3075099489092827,0.4024586429446936,0.29138234188159307,0.2639716973900795,0.34432258665561677,0.9748357554276784,0.9556169211864471,0.9928080403804779,0.03626076132059097,0.03467102348804474,0.038010358810424805,0.2549943079551061,0.23221337795257568,0.28846561908721924,3.705531120300293,3.544968843460083,3.9294800758361816,2.658589522043864,2.54509174823761,2.827354073524475,0.8673990884905315,0.8043638856777989,0.9596400766387169,2.984527349472046,2.8786003589630127
Cars|GTSRB|SVHN,3,0.23890712360541025,0.10879246890544891,0.30404189229011536,1.5361007452011108,0.8386296033859253,2.4311347007751465,3.4162233670552573,2.4775545597076416,4.0697221755981445,0.6954376786572715,0.5508622667628635,0.9640414547648831,0.005145495757460594,-0.010190306231379509,0.017108695581555367,7.721591835298265,-0.14134830236434937,23.304271697998047,396.2466181119283,4.620469570159912,592.0697021484375,0.14611764763481916,0.12912840384524316,0.16075084358919411,0.10986555703605215,0.06517255367711186,0.18455372154712676,0.2326786615451177,0.17969981715083122,0.32272966936230657,0.3053869845966498,0.2888169038295746,0.31983410105109217,0.3076220006744067,0.2377028200030327,0.41931044042110444,0.9697990997632345,0.9475286674499511,0.985786327123642,0.05164044971267382,0.027750547975301743,0.08916044235229492,0.33401540915171307,0.2051803022623062,0.5525619983673096,3.5733214219411216,3.380375623703003,3.7946197986602783,2.5867490768432617,2.4955620765686035,2.7195934057235718,0.8905702501685271,0.8381933031550787,0.9642271793020888,2.9863548278808594,2.8702595233917236
Cars|MNIST|RESISC45,3,0.38006146748860675,0.25093308091163635,0.455707848072052,1.9434016942977905,1.0557562112808228,2.544947624206543,2.508507251739502,2.4982359409332275,2.5162994861602783,0.8307871276358886,0.7533787591236146,0.9208370257550247,-0.000325461655544738,-0.0010163168190047145,0.00014278432354331017,-64.517431418101,-193.78399658203125,0.3807687759399414,529.4649149576823,322.0522155761719,674.2596435546875,0.15682582673927148,0.1247148741222918,0.21402897433843462,0.08164989079659184,0.06980668123811483,0.10085700456053019,0.193033967440327,0.1720629321038723,0.2231216111034155,0.3121527976542711,0.28223778448998926,0.36570368506014345,0.26529791886607806,0.2467322526872158,0.2965458858013153,0.9653156816959382,0.9425064945220947,0.9957396388053894,0.036134896179040275,0.03468220680952072,0.0384184792637825,0.23758646349112192,0.2342304140329361,0.241504967212677,3.5734006563822427,3.4272525310516357,3.6762349605560303,2.569430112838745,2.4695836305618286,2.6418834924697876,0.9159397484258957,0.8755563713909044,0.9641617034921464,2.9939215183258057,2.877572774887085
Cars|MNIST|SUN397,3,0.4037189781665802,0.25093308091163635,0.5647979974746704,1.8316535949707031,1.0557562112808228,2.699104070663452,2.2934417724609375,2.0418617725372314,2.5162994861602783,0.9191067223887246,0.8803983113151228,0.9560848300960262,-0.0008047839316229025,-0.014638679102063179,0.012081542983651161,1261.1783119837444,-35.18762969970703,3818.341796875,639.4359537760416,533.88037109375,792.3446044921875,0.17185685840124884,0.1281368724349886,0.2557000710116699,0.09209894046187402,0.06801592504605651,0.13399490974843503,0.2018359080950419,0.17529268726706504,0.24629767790436743,0.3262242246170839,0.2876971074938774,0.4024586429446936,0.27916360373298327,0.24055260643363,0.34432258665561677,0.9497873385747274,0.9140474808216095,0.9928080403804779,0.03421909982959429,0.03125239536166191,0.036100901663303375,0.2480454295873642,0.21864666044712067,0.28846561908721924,3.7532456715901694,3.6167144775390625,3.9294800758361816,2.6930771668752036,2.596823215484619,2.827354073524475,0.8918051437909019,0.8402189833430843,0.9596400766387169,2.9902334213256836,2.8812198638916016
Cars|MNIST|SVHN,3,0.32609506448109943,0.25093308091163635,0.42331022024154663,2.201249877611796,1.0557562112808228,3.116858720779419,3.209524313608805,2.5162994861602783,3.7013933658599854,0.6728070646001618,0.5261748536013929,0.9208370257550247,-0.03145766522114476,-0.1030338779091835,0.008518097922205925,7.180426041285197,-2.1437623500823975,23.304271697998047,396.9680536588033,6.771592617034912,592.0828857421875,0.13333240277599542,0.12912840384524316,0.13913517272565515,0.1285614276304841,0.06517255367711186,0.24622574262320995,0.2693698464334011,0.17969981715083122,0.44449236303567885,0.29325399369001387,0.28851692341268065,0.30242815382778643,0.32346797972917557,0.2377028200030327,0.480085501074791,0.9621486357847849,0.9425064945220947,0.996410745382309,0.0740011694530646,0.027750547975301743,0.15894895792007446,0.49039370318253833,0.2051803022623062,1.0289767980575562,3.574952999750773,3.3135247230529785,3.7946197986602783,2.621236721674601,2.547293543815613,2.7195934057235718,0.9159410188373958,0.8755563713909044,0.9642271793020888,2.9842963218688965,2.8653724193573
Cars|RESISC45|SUN397,3,0.5722917517026266,0.455707848072052,0.6963694095611572,3.103875716527303,2.544947624206543,4.067575454711914,2.157856265703837,1.9207206964492798,2.510986328125,0.8766517768796808,0.8181455980290264,0.9560848300960262,0.016078519363266725,-0.0010163168190047145,0.03717033192515373,3337.9640909830728,-193.78399658203125,6389.33447265625,693.2034301757812,613.0060424804688,792.3446044921875,0.23975011699988194,0.21402897433843462,0.2557000710116699,0.12827648653338353,0.10085700456053019,0.14997754529118537,0.24614474249382814,0.2231216111034155,0.2690149384737015,0.3888154003520807,0.36570368506014345,0.4024586429446936,0.3394664452473322,0.2965458858013153,0.3775308632850647,0.9912327210108439,0.9851504838466645,0.9957396388053894,0.038097733010848366,0.03468220680952072,0.04351009055972099,0.2818964421749115,0.241504967212677,0.31571874022483826,3.7841965357462564,3.6762349605560303,3.9294800758361816,2.7231173515319824,2.6418834924697876,2.827354073524475,0.9130638412621902,0.8714502767532172,0.9596400766387169,2.9926633834838867,2.888599157333374
Cars|RESISC45|SVHN,3,0.4142758548259735,0.30404189229011536,0.4830778241157532,3.232462724049886,2.4311347007751465,4.721305847167969,3.1951142946879068,2.510986328125,3.7013933658599854,0.6959916643275893,0.5714093144440677,0.8181455980290264,-0.0020633817572767534,-0.013691926375031471,0.008518097922205925,-63.617811838785805,-193.78399658203125,23.304271697998047,529.4742635091146,322.11346435546875,674.2596435546875,0.15963763553804408,0.12912840384524316,0.21402897433843462,0.07877008119598032,0.06517255367711186,0.10085700456053019,0.19359270048638186,0.17795667320489883,0.2231216111034155,0.3175589922070503,0.2888169038295746,0.36570368506014345,0.2603325915336609,0.2377028200030327,0.2965458858013153,0.9684114936987559,0.9475286674499511,0.9957396388053894,0.03218706324696541,0.027750547975301743,0.03468220680952072,0.22527754803498587,0.2051803022623062,0.241504967212677,3.692488352457682,3.6066102981567383,3.7946197986602783,2.6512769063313804,2.5923538208007812,2.7195934057235718,0.9380400221014478,0.9081011703946362,0.9642271793020888,2.9960758686065674,2.8836073875427246
Cars|SUN397|SVHN,3,0.4559839467207591,0.30404189229011536,0.5647979974746704,3.101492007573446,2.4311347007751465,4.174237251281738,3.001896540323893,2.0418617725372314,3.7013933658599854,0.7083831999493491,0.5714093144440677,0.9560848300960262,0.010853740697105726,0.008518097922205925,0.012081542983651161,1290.3834190368652,23.304271697998047,3818.341796875,639.3863118489584,533.7646484375,792.3446044921875,0.17434493848277877,0.12912840384524316,0.2557000710116699,0.0888060345562796,0.06517255367711186,0.13399490974843503,0.20034001457194486,0.17502254866063593,0.24629767790436743,0.330910875548919,0.2888169038295746,0.4024586429446936,0.2735570693512758,0.2377028200030327,0.34432258665561677,0.9535714236895242,0.9203775632381439,0.9928080403804779,0.030250123391548794,0.02689892053604126,0.036100901663303375,0.2336314469575882,0.2051803022623062,0.28846561908721924,3.8686464627583823,3.7946197986602783,3.9294800758361816,2.7749239603678384,2.7195934057235718,2.827354073524475,0.949726100061132,0.9253110442425904,0.9642271793020888,2.996708393096924,2.8891947269439697
DTD|EuroSAT|GTSRB,3,0.40694552659988403,0.3473110795021057,0.5092779994010925,3.307499408721924,1.3998143672943115,4.860283374786377,3.830719073613485,2.21917462348938,4.807098388671875,0.5573832839287877,0.36444051218186063,0.9050227749437091,0.012358150134483973,7.695287087974959e-19,0.03707445040345192,0.18769450982411703,4.779682417272856e-28,0.5630835294723511,432.1986051176985,0.023427657783031464,648.2864990234375,0.16098384346502523,0.15251652357634157,0.17783991725184023,0.09549591363718113,0.0804180484265089,0.10810716398060322,0.20595950908958913,0.18987153515219687,0.2333650331199169,0.32199064006408057,0.31295126862823963,0.3389296133816242,0.29164916018644965,0.26753958165645597,0.3153537392616272,0.9809286499023439,0.9706153762340546,0.9908609926700592,0.044925373047590256,0.042315542697906494,0.04938589036464691,0.24410098294417062,0.23565340042114258,0.25684934854507446,3.2307464281717935,3.14892578125,3.29878830909729,2.334439992904663,2.28089439868927,2.3812958002090454,0.9446010070084108,0.9177553804863892,0.9653899398196222,2.9957070350646973,2.860118865966797
DTD|EuroSAT|MNIST,3,0.43005096912384033,0.38253578543663025,0.5092779994010925,3.4255799055099487,1.4042130708694458,4.860283374786377,3.7639384269714355,2.1316332817077637,4.694297790527344,0.5655218395002456,0.36444051218186063,0.9474852206737777,0.0030933953821659092,1.9384854870558028e-19,0.009280186146497726,9.030697504679361,8.72943077695872e-27,27.092092514038086,433.68530623118085,4.5031232833862305,648.2864990234375,0.14249442158577344,0.1200994289945811,0.17783991725184023,0.08485542772337795,0.06994802160188555,0.10810716398060322,0.1923822088042895,0.16596948496997357,0.2333650331199169,0.30177877691884836,0.2782855594903231,0.3389296133816242,0.2738245208064715,0.24883417591452597,0.3153537392616272,0.9699636685848235,0.9490800726413727,0.9901955568790436,0.04074024284879366,0.03848227858543396,0.04307468608021736,0.22812181214491525,0.22091415524482727,0.23565340042114258,3.285380760828654,3.235456705093384,3.3761603832244873,2.3689276377360025,2.3326258659362793,2.4330272674560547,0.944994229375542,0.9177553804863892,0.9930339502158289,2.9961373805999756,2.8610308170318604
DTD|EuroSAT|RESISC45,3,0.6424053907394409,0.5092779994010925,0.7395517230033875,6.017751057942708,3.3054051399230957,9.887564659118652,3.34199059009552,1.921756386756897,4.465884208679199,0.5296029173572732,0.36444051218186063,0.7138152398391749,-0.011202565083901087,-0.03360769525170326,7.695287087974959e-19,-2338.6728515625,-7016.0185546875,4.988704299797934e-24,567.9563903808594,322.0206604003906,733.56201171875,0.2007666416404148,0.17783991725184023,0.230687906621024,0.1437710765749216,0.10810716398060322,0.19193964421749116,0.2626975020269553,0.2333650331199169,0.30182128623127935,0.35892037625114126,0.3389296133816242,0.3828497867286205,0.3630893246332804,0.3153537392616272,0.42701003909111024,0.9820048173268635,0.9706153762340546,0.9975438833236694,0.054099357376495995,0.04307468608021736,0.07195529341697693,0.310433695713679,0.23565340042114258,0.4054414927959442,3.304970105489095,3.244525194168091,3.4229538440704346,2.3989678223927817,2.341129779815674,2.478087544441223,0.9265841464088466,0.8910718418504433,0.9709252168897073,2.9917805194854736,2.8643994331359863
DTD|EuroSAT|SUN397,3,0.5951972206433614,0.5092779994010925,0.6929855346679688,4.807797193527222,2.8893883228302,6.673719882965088,3.443931301434835,1.6424504518508911,4.465884208679199,0.5451659388852578,0.36444051218186063,0.8341643882772305,-0.004742565254370372,-0.014227695763111115,7.695287087974959e-19,-1641.1809895833333,-4923.54296875,4.988704299797934e-24,675.6143188476562,533.7966918945312,844.759765625,0.2022550443963458,0.17715138992294668,0.2517738260142505,0.1138935391108195,0.09994034685194492,0.13363310649991036,0.23698543411990006,0.22499136827886104,0.2525999009609222,0.36006233585377534,0.3389296133816242,0.40093803748488427,0.3236381309231122,0.30511929482221606,0.3504413586854935,0.9682978649934132,0.9439950239658356,0.9902831947803498,0.04079159970084826,0.03595525771379471,0.043344855308532715,0.2578360637029012,0.23247995972633362,0.3053748309612274,3.511935551961263,3.244525194168091,3.7001407146453857,2.5226148764292398,2.341129779815674,2.6635581254959106,0.8467977442130566,0.7765248031875678,0.9177553804863892,2.9812967777252197,2.860342025756836
DTD|EuroSAT|SVHN,3,0.471197247505188,0.39828598499298096,0.5092779994010925,5.775213559468587,2.7785983085632324,9.686758995056152,4.159681479136149,3.451723575592041,4.561436653137207,0.5313315836850377,0.36444051218186063,0.7310113415957439,0.0021421445223192377,4.548952082728313e-19,0.006426433566957712,6.417036692301433,2.101968261321589e-26,19.251110076904297,433.72697671254474,4.620810508728027,648.2864990234375,0.1576144793815911,0.1461059981631115,0.17783991725184023,0.09138605543101826,0.07380904737859964,0.10810716398060322,0.19864354458947975,0.18122473910450934,0.2333650331199169,0.3182286813358466,0.30627217233181,0.3389296133816242,0.28345955441395443,0.25588696360588076,0.3153537392616272,0.972397346496582,0.9543756783008576,0.992200984954834,0.04257499799132347,0.033533141016960144,0.05111716687679291,0.2533618112405141,0.21860364079475403,0.30582839250564575,3.4001713593800864,3.244525194168091,3.558150053024292,2.4507744312286377,2.341129779815674,2.5557974576950073,0.8904562622518708,0.8392040795570413,0.9177553804863892,2.9889440536499023,2.8637847900390625
DTD|GTSRB|MNIST,3,0.3108395040035248,0.18573522567749023,0.38253578543663025,1.185791790485382,0.7533479332923889,1.4042130708694458,2.3075191974639893,2.1316332817077637,2.571749687194824,0.9358973501382678,0.9050227749437091,0.9551840547973164,0.013170157559216022,-0.0068441638723015785,0.03707445040345192,9.21815133820443,-0.0007220288971439004,27.092092514038086,433.6851685841878,4.503320693969727,648.285888671875,0.1421329887257889,0.12954391851089894,0.15259508956689388,0.10184124243135252,0.06994802160188555,0.15515765726566313,0.2208833357691765,0.17781210832297803,0.2901959399878979,0.30136370653907457,0.2881211578845978,0.3140910381823778,0.3006489423414071,0.24883417591452597,0.38557306945323944,0.9716780316829682,0.9490800726413727,0.9846444416046143,0.0531634787718455,0.03848227858543396,0.07869261503219604,0.3034790058930715,0.22779788076877594,0.4428389370441437,3.3000384171803794,3.2251665592193604,3.3761603832244873,2.395704984664917,2.372791886329651,2.4330272674560547,0.9670060452020652,0.950657700719221,0.9930339502158289,2.9951589107513428,2.867891550064087
DTD|GTSRB|RESISC45,3,0.4638393521308899,0.34888410568237305,0.6783864498138428,2.194512685139974,1.3998143672943115,3.3054051399230957,2.2818908294041953,1.921756386756897,2.7047414779663086,0.802521429105424,0.7138152398391749,0.9050227749437091,-0.011994719505310059,-0.03945091366767883,0.03707445040345192,-2338.584365129471,-7016.0185546875,0.5630835294723511,567.9564921061198,322.0215759277344,733.56201171875,0.17821567330198984,0.1513640237180516,0.230687906621024,0.09672761615365744,0.07849837850779295,0.13126642152667045,0.21396243107815582,0.19433914750814438,0.2529061867296696,0.3362839907159408,0.31191114723682406,0.3828497867286205,0.29290549476941424,0.2642727071046829,0.3469041955471039,0.988540719350179,0.9813095808029175,0.9975438833236694,0.043963285783926644,0.04230622202157974,0.0472680926322937,0.2589775174856186,0.23980019986629486,0.2902061939239502,3.3576740423838296,3.29878830909729,3.4229538440704346,2.425745169321696,2.3812958002090454,2.478087544441223,0.9482001506225362,0.9230175342586802,0.9709252168897073,2.995121955871582,2.8741164207458496
DTD|GTSRB|SUN397,3,0.47663671771685284,0.36424750089645386,0.6929855346679688,2.002047300338745,1.3998143672943115,2.8893883228302,2.090731660525004,1.6424504518508911,2.410569906234741,0.8869641912351162,0.8341643882772305,0.9217054104844091,0.002472421464820703,-0.015429490245878696,0.03707445040345192,-1641.057612657547,-4923.54296875,0.5630835294723511,675.6142578125,533.797119140625,844.759765625,0.18601018680414808,0.15259508956689388,0.2517738260142505,0.09765754148364068,0.07892146952450275,0.13363310649991036,0.21309139067927996,0.19203231208026408,0.2525999009609222,0.34327127406994506,0.3140910381823778,0.40093803748488427,0.293984212577343,0.2639716973900795,0.3504413586854935,0.9757365655899047,0.9556169211864471,0.9902831947803498,0.04011047383149465,0.03467102348804474,0.043344855308532715,0.25912946959336597,0.23221337795257568,0.3053748309612274,3.5470244884490967,3.29878830909729,3.7001407146453857,2.5493922233581543,2.3812958002090454,2.6635581254959106,0.8670448784540775,0.8043638856777989,0.950657700719221,2.983736038208008,2.8734138011932373
DTD|GTSRB|SVHN,3,0.29044198493162793,0.10879246890544891,0.39828598499298096,1.6723474264144897,0.8386296033859253,2.7785983085632324,3.246873458226522,2.21917462348938,4.0697221755981445,0.6514759796613604,0.49854289727750856,0.9050227749437091,0.020203193183988333,0.006426433566957712,0.03707445040345192,6.6053485722125815,0.0018521102610975504,19.251110076904297,433.72665961583454,4.620469570159912,648.285888671875,0.15408115196196984,0.1488975227298215,0.16075084358919411,0.11292693911741176,0.07380904737859964,0.18455372154712676,0.23286545582115648,0.18122473910450934,0.32272966936230657,0.3144697991758585,0.30948425829410553,0.31983410105109217,0.3142456618944804,0.25588696360588076,0.41931044042110444,0.9738238620758057,0.9543756783008576,0.985786327123642,0.055003042022387184,0.033533141016960144,0.08916044235229492,0.3369886130094528,0.21860364079475403,0.5525619983673096,3.412437995274862,3.29878830909729,3.558150053024292,2.4775517781575522,2.3812958002090454,2.5557974576950073,0.9114524318266054,0.8692902680484137,0.950657700719221,2.9881584644317627,2.868424654006958
DTD|MNIST|RESISC45,3,0.49815523624420166,0.38253578543663025,0.6783864498138428,2.3130398193995156,1.4042130708694458,3.3054051399230957,2.1838752031326294,1.921756386756897,2.4982359409332275,0.8048930732121891,0.7138152398391749,0.9474852206737777,-0.008143453858792782,-0.03360769525170326,0.009280186146497726,-2329.6918428738913,-7016.0185546875,27.092092514038086,567.9601745605469,322.0522155761719,733.56201171875,0.16164889975140492,0.1247148741222918,0.230687906621024,0.09034037478889027,0.06980668123811483,0.13126642152667045,0.20092707571883997,0.1720629321038723,0.2529061867296696,0.31773624303440257,0.28223778448998926,0.3828497867286205,0.28082354138294857,0.2467322526872158,0.3469041955471039,0.9681082892417908,0.9490800726413727,0.9975438833236694,0.04138961682717005,0.0384184792637825,0.0472680926322937,0.25074482957522076,0.22779788076877594,0.2902061939239502,3.4087889194488525,3.3761603832244873,3.4272525310516357,2.4602328141530356,2.4330272674560547,2.478087544441223,0.9760402901992276,0.9641617034921464,0.9930339502158289,2.997182846069336,2.875300407409668
DTD|MNIST|SUN397,3,0.4903157254060109,0.38253578543663025,0.6929855346679688,2.0112339655558267,1.4042130708694458,2.8893883228302,2.0320825974146524,1.6424504518508911,2.3221640586853027,0.887349306755377,0.8341643882772305,0.9474852206737777,-0.006528729572892189,-0.014638679102063179,0.009280186146497726,-1643.8795019785564,-4923.54296875,27.092092514038086,675.6354777018229,533.88037109375,844.759765625,0.16981820565337935,0.1281368724349886,0.2517738260142505,0.09053235104928414,0.06801592504605651,0.13363310649991036,0.20190156551698843,0.17529268726706504,0.2525999009609222,0.32558543428778647,0.2876971074938774,0.40093803748488427,0.27994271367788315,0.24055260643363,0.3504413586854935,0.9511369160811106,0.9140474808216095,0.9902831947803498,0.03769317641854286,0.03125239536166191,0.043344855308532715,0.2506064573923747,0.21864666044712067,0.3053748309612274,3.5966145197550454,3.3761603832244873,3.7135424613952637,2.5838798681894937,2.4330272674560547,2.6635581254959106,0.8931219941747086,0.8402189833430843,0.9930339502158289,2.987703561782837,2.8752048015594482
DTD|MNIST|SVHN,3,0.4013773302237193,0.38253578543663025,0.42331022024154663,2.4332233667373657,1.4042130708694458,3.116858720779419,2.998078982035319,2.1316332817077637,3.451723575592041,0.6574009905175597,0.49854289727750856,0.9474852206737777,-0.02910908606524269,-0.1030338779091835,0.009280186146497726,14.733146746953329,-2.1437623500823975,27.092092514038086,434.4371698697408,6.771592617034912,648.2736206054688,0.13919220465545853,0.12954391851089894,0.1488975227298215,0.12999427053456505,0.06994802160188555,0.24622574262320995,0.26784307015438874,0.17781210832297803,0.44449236303567885,0.30001119000216325,0.2881211578845978,0.30948425829410553,0.3282688801983992,0.24883417591452597,0.480085501074791,0.966622165441513,0.9490800726413727,0.996410745382309,0.07698812584082286,0.033533141016960144,0.15894895792007446,0.4917927732070287,0.21860364079475403,1.0289767980575562,3.415945053100586,3.3135247230529785,3.558150053024292,2.5120394229888916,2.4330272674560547,2.5557974576950073,0.9384942609157351,0.9080395058191942,0.9930339502158289,2.9846625328063965,2.862994432449341
DTD|RESISC45|SUN397,3,0.6892471313476562,0.6783864498138428,0.6963694095611572,3.42078963915507,2.8893883228302,4.067575454711914,1.828309178352356,1.6424504518508911,1.921756386756897,0.801234843543465,0.7138152398391749,0.8557249025139897,-0.0035550196965535483,-0.03360769525170326,0.03717033192515373,-1850.07568359375,-7016.0185546875,6389.33447265625,730.4426066080729,613.0060424804688,844.759765625,0.2439943460949386,0.230687906621024,0.2517738260142505,0.13829235777258872,0.13126642152667045,0.14997754529118537,0.25817367538809777,0.2525999009609222,0.2690149384737015,0.3940238990883032,0.3828497867286205,0.40093803748488427,0.358292139172554,0.3469041955471039,0.3775308632850647,0.9909925206502278,0.9851504838466645,0.9975438833236694,0.04470767950018247,0.043344855308532715,0.0472680926322937,0.3037665883700053,0.2902061939239502,0.31571874022483826,3.6233230431874595,3.4229538440704346,3.7468745708465576,2.613920052846273,2.478087544441223,2.7001144886016846,0.8961628475360458,0.8461130489652129,0.9709252168897073,2.9892494678497314,2.881479501724243
DTD|RESISC45|SVHN,3,0.5199167529741923,0.39828598499298096,0.6783864498138428,3.601769765218099,2.7785983085632324,4.721305847167969,2.9154810508092246,1.921756386756897,3.451723575592041,0.636926072542119,0.49854289727750856,0.7138152398391749,-0.013624396019925674,-0.03360769525170326,0.006426433566957712,-2339.04705174764,-7016.0185546875,19.251110076904297,567.9830322265625,322.11346435546875,733.56201171875,0.17178031926043333,0.13575552843045444,0.230687906621024,0.09178538475185632,0.07028068535029888,0.13126642152667045,0.20402919967969257,0.17795667320489883,0.2529061867296696,0.3301634775847197,0.29815638773143294,0.3828497867286205,0.28318007598320644,0.24674906879663466,0.3469041955471039,0.9712952454884847,0.9543756783008576,0.9975438833236694,0.0383098895351092,0.033533141016960144,0.0472680926322937,0.24598573644955954,0.21860364079475403,0.2902061939239502,3.5292380650838218,3.4229538440704346,3.6066102981567383,2.5420796076456704,2.478087544441223,2.5923538208007812,0.9423754200698359,0.9144093267121818,0.9709252168897073,2.995504379272461,2.8794891834259033
DTD|SUN397|SVHN,3,0.5301278233528137,0.39828598499298096,0.6929855346679688,3.280741294225057,2.7785983085632324,4.174237251281738,2.7855361700057983,1.6424504518508911,3.451723575592041,0.6434542469542307,0.49854289727750856,0.8341643882772305,0.0013867729964355628,-0.014227695763111115,0.01196158118546009,-1624.9292233784993,-4923.54296875,29.504188537597656,675.5993448893229,533.7646484375,844.759765625,0.1796258964451651,0.13820634059142323,0.2517738260142505,0.09156426470726729,0.06725064024329186,0.13363310649991036,0.20294906290868917,0.17502254866063593,0.2525999009609222,0.3372931252171596,0.301457079872489,0.40093803748488427,0.2816580412288507,0.23864580139517785,0.3504413586854935,0.9550121454397837,0.9203775632381439,0.9902831947803498,0.034592305620511375,0.02689892053604126,0.043344855308532715,0.24374229709307352,0.20724841952323914,0.3053748309612274,3.713376760482788,3.558150053024292,3.8818395137786865,2.665726661682129,2.5557974576950073,2.7778244018554688,0.895277806639995,0.8461130489652129,0.9253110442425904,2.9902844429016113,2.881565809249878
EuroSAT|GTSRB|MNIST,3,0.31046180923779804,0.18573522567749023,0.3983391225337982,2.8093305627504983,0.7533479332923889,4.012243270874023,4.024381955464681,2.571749687194824,4.807098388671875,0.5808368017010693,0.3846397856450984,0.9551840547973164,-0.0022813879574338585,-0.0068441638723015785,2.040189075278605e-18,-0.0002406762990479668,-0.0007220288971439004,8.72943077695872e-27,3.009957211712996,0.023427657783031464,4.503320693969727,0.1389586368901655,0.1200994289945811,0.15251652357634157,0.10987709445257982,0.07651109758764506,0.15515765726566313,0.2153456533700228,0.16596948496997357,0.2901959399878979,0.2977052505562703,0.2782855594903231,0.31295126862823963,0.3116376254459222,0.25728564724326136,0.38557306945323944,0.9885669970512391,0.9846444416046143,0.9908609926700592,0.05624742309252421,0.040663763880729675,0.07869261503219604,0.30686748027801514,0.22091415524482727,0.4428389370441437,3.2031830151875815,3.14892578125,3.235456705093384,2.328770716985067,2.28089439868927,2.372791886329651,0.9489699273050586,0.9241933574244079,0.9653899398196222,2.9946658611297607,2.855992555618286
EuroSAT|GTSRB|RESISC45,3,0.47858230272928876,0.3473110795021057,0.7395517230033875,5.14276123046875,1.8783185482025146,9.887564659118652,3.716723680496216,2.7047414779663086,4.807098388671875,0.5673219457483217,0.40268656466079344,0.7887262725333879,-0.013150304555892944,-0.03945091366767883,2.040189075278605e-18,-0.09920807679494222,-0.29762423038482666,4.779682417272856e-28,214.68855466196933,0.023427657783031464,322.0215759277344,0.16588421611425777,0.1513640237180516,0.19377210104838014,0.12280018374323846,0.07849837850779295,0.19193964421749116,0.22867732296387352,0.18987153515219687,0.30182128623127935,0.3266147148360809,0.31191114723682406,0.35498172864317895,0.327778968612353,0.2642727071046829,0.42701003909111024,0.9851616263389588,0.9778551924228668,0.9908609926700592,0.05454913526773453,0.04230622202157974,0.07195529341697693,0.30307233333587646,0.24692615866661072,0.4054414927959442,3.2492123444875083,3.14892578125,3.3512799739837646,2.3588109016418457,2.28089439868927,2.4178521633148193,0.9264931053095818,0.8910718418504433,0.9653899398196222,2.9917237758636475,2.860689401626587
EuroSAT|GTSRB|SUN397,3,0.4344387749830882,0.3473110795021057,0.583328127861023,4.017686525980632,1.7169392108917236,6.673719882965088,3.8137091795603433,2.410569906234741,4.807098388671875,0.5870949637806282,0.40268656466079344,0.9217054104844091,-0.005143163415292898,-0.015429490245878696,2.040189075278605e-18,-0.06431758403778076,-0.19295275211334229,8.828339605554648e-28,355.8724128976464,0.023427657783031464,533.797119140625,0.16110985277686268,0.15251652357634157,0.17715138992294668,0.09227478162695964,0.07892146952450275,0.09994034685194492,0.20229840517044065,0.18987153515219687,0.22499136827886104,0.32268512395521004,0.31295126862823963,0.34031935669481755,0.2870483839511871,0.2639716973900795,0.30511929482221606,0.963490979274114,0.9439950239658356,0.9908609926700592,0.04000405718882879,0.03467102348804474,0.04938589036464691,0.2405142287413279,0.23221337795257568,0.25684934854507446,3.4607369899749756,3.14892578125,3.6421444416046143,2.482457955678304,2.28089439868927,2.603322744369507,0.8487595428949963,0.7765248031875678,0.9653899398196222,2.9786620140075684,2.8549978733062744
EuroSAT|GTSRB|SVHN,3,0.3207104355096817,0.10879246890544891,0.5060277581214905,4.729263027509053,0.8386296033859253,9.686758995056152,4.479419072469075,4.0697221755981445,4.807098388671875,0.5615200576731336,0.40268656466079344,0.7310113415957439,0.005702898527185123,4.548952082728313e-19,0.017108695581555367,0.0006173700870325168,4.779682417272856e-28,0.0018521102610975504,3.088235912223657,0.023427657783031464,4.620810508728027,0.15312445510954906,0.1461059981631115,0.16075084358919411,0.12491940166180332,0.09224195493385196,0.18455372154712676,0.2313140220195055,0.18134086154401302,0.32272966936230657,0.3130191806703806,0.30627217233181,0.31983410105109217,0.3301675201455752,0.27913796037435534,0.41931044042110444,0.9896161015828451,0.985786327123642,0.992200984954834,0.06322116653124492,0.04938589036464691,0.08916044235229492,0.37174657980600995,0.25684934854507446,0.5525619983673096,3.309046745300293,3.14892578125,3.397838830947876,2.4106175104777017,2.28089439868927,2.4955620765686035,0.8912947624750257,0.8392040795570413,0.9653899398196222,2.984196424484253,2.8559019565582275
EuroSAT|MNIST|RESISC45,3,0.5238114396731058,0.3983391225337982,0.7395517230033875,5.3764363924662275,2.229501247406006,9.887564659118652,3.6102883021036782,2.4982359409332275,4.694297790527344,0.5495238482731657,0.3846397856450984,0.7533787591236146,-3.428415705760314e-05,-0.0001028524711728096,1.9384854870558028e-19,-0.04968881607055664,-0.14906644821166992,8.72943077695872e-27,216.19199975331625,4.5031232833862305,322.0522155761719,0.14619546805508435,0.1200994289945811,0.19377210104838014,0.11275247434775033,0.06980668123811483,0.19193964421749116,0.2132845677683751,0.16596948496997357,0.30182128623127935,0.3051683575411637,0.2782855594903231,0.35498172864317895,0.31034264634052916,0.2467322526872158,0.42701003909111024,0.9752505536874135,0.9577009117603302,0.9901955568790436,0.05034584552049637,0.0384184792637825,0.07195529341697693,0.28686202069123584,0.22091415524482727,0.4054414927959442,3.3033801714579263,3.235456705093384,3.4272525310516357,2.393298546473185,2.3326258659362793,2.4695836305618286,0.9264756342556658,0.8910718418504433,0.9641617034921464,2.993281364440918,2.862506628036499
EuroSAT|MNIST|SUN397,3,0.45903103550275165,0.39542585611343384,0.583328127861023,4.142021218935649,1.7401005029678345,6.673719882965088,3.74664036432902,2.3221640586853027,4.694297790527344,0.5673103377189678,0.3846397856450984,0.8803983113151228,-0.004879559700687726,-0.014638679102063179,1.9384854870558028e-19,-11.729209899902344,-35.18762969970703,8.72943077695872e-27,357.39339542388916,4.5031232833862305,533.88037109375,0.14179589711750548,0.1200994289945811,0.17715138992294668,0.08148912316188216,0.06801592504605651,0.09994034685194492,0.18875118017196657,0.16596948496997357,0.22499136827886104,0.30210067455967266,0.2782855594903231,0.34031935669481755,0.26765251616636915,0.24055260643363,0.30511929482221606,0.9494126872221629,0.9140474808216095,0.9901955568790436,0.03595713898539543,0.03125239536166191,0.040663763880729675,0.22401359180609384,0.21864666044712067,0.23247995972633362,3.51337997118632,3.235456705093384,3.7135424613952637,2.5169456005096436,2.3326258659362793,2.655054211616516,0.84697904798502,0.7765248031875678,0.9241933574244079,2.9823079109191895,2.8575046062469482
EuroSAT|MNIST|SVHN,3,0.44255903363227844,0.3983391225337982,0.5060277581214905,5.605286995569865,3.116858720779419,9.686758995056152,4.222204844156901,3.4108800888061523,4.694297790527344,0.5472753269474118,0.3846397856450984,0.7310113415957439,-0.034344625969727836,-0.1030338779091835,4.548952082728313e-19,-0.7145874500274658,-2.1437623500823975,2.101968261321589e-26,5.298508803049724,4.5031232833862305,6.771592617034912,0.13511353329444925,0.1200994289945811,0.1461059981631115,0.13832626504823567,0.07651109758764506,0.24622574262320995,0.2639342365165552,0.16596948496997357,0.44449236303567885,0.2956619618833065,0.2782855594903231,0.30627217233181,0.3388363695641359,0.25728564724326136,0.480085501074791,0.9929357624053955,0.9901955568790436,0.996410745382309,0.08357662955919902,0.040663763880729675,0.15894895792007446,0.518573115269343,0.22091415524482727,1.0289767980575562,3.3156067530314126,3.235456705093384,3.397838830947876,2.4451051553090415,2.3326258659362793,2.547293543815613,0.8904789809335479,0.8392040795570413,0.9241933574244079,2.980684757232666,2.851531505584717
EuroSAT|RESISC45|SUN397,3,0.6730830868085226,0.583328127861023,0.7395517230033875,6.876286665598552,4.067575454711914,9.887564659118652,3.2608370383580527,1.9207206964492798,4.223459243774414,0.6010569395871519,0.4368929161966821,0.8557249025139897,0.01239011064171791,-1.1252965053171388e-20,0.03717033192515373,2129.7781575520835,-3.6258413786673366e-26,6389.33447265625,489.60779825846356,322.0206604003906,613.0060424804688,0.20681493220695604,0.17715138992294668,0.2495213056495413,0.14728584545354048,0.09994034685194492,0.19193964421749116,0.2652758643279473,0.22499136827886104,0.30182128623127935,0.36452831946313385,0.34031935669481755,0.39828387305140495,0.3698867323994637,0.30511929482221606,0.42701003909111024,0.9690002334117889,0.9439950239658356,0.9851504838466645,0.05047354723016421,0.03595525771379471,0.07195529341697693,0.3178800642490387,0.23247995972633362,0.4054414927959442,3.52848219871521,3.2474312782287598,3.7468745708465576,2.5469857851664224,2.3776861429214478,2.7001144886016846,0.8463489739304094,0.7765248031875678,0.8910718418504433,2.9823272228240967,2.862298011779785
EuroSAT|RESISC45|SVHN,3,0.5762191017468771,0.4830778241157532,0.7395517230033875,8.098543167114258,4.721305847167969,9.887564659118652,3.8575770060221353,3.3729631900787354,4.561436653137207,0.6466614740520672,0.510553000050784,0.7310113415957439,-0.0045639754583438235,-0.013691926375031471,4.548952082728313e-19,-6.791236877441406,-20.37371063232422,2.101968261321589e-26,216.2516450881958,4.620810508728027,322.11346435546875,0.15854454254731534,0.13575552843045444,0.19377210104838014,0.11815409483388066,0.07028068535029888,0.19193964421749116,0.2203729403267304,0.17795667320489883,0.30182128623127935,0.3198034295688073,0.29815638773143294,0.35498172864317895,0.3176323560873668,0.24674906879663466,0.42701003909111024,0.977340784072876,0.9619661748409272,0.992200984954834,0.05240029841661453,0.03412843495607376,0.07195529341697693,0.3134724199771881,0.22914737462997437,0.4054414927959442,3.4172934691111245,3.2474312782287598,3.6066102981567383,2.4751453399658203,2.3776861429214478,2.5923538208007812,0.8906892126717011,0.8392040795570413,0.9417917166076185,2.989158868789673,2.866166353225708
EuroSAT|SUN397|SVHN,3,0.529489278793335,0.49911195039749146,0.583328127861023,6.844905376434326,4.174237251281738,9.686758995056152,4.015776793162028,3.262434482574463,4.561436653137207,0.5885199043667931,0.4368929161966821,0.7310113415957439,0.003987193728486697,1.665638023300626e-22,0.01196158118546009,9.834729512532553,8.828339605554648e-28,29.504188537597656,357.3940502802531,4.620810508728027,533.7966918945312,0.1538212428924938,0.13820634059142323,0.17715138992294668,0.08647764734302958,0.06725064024329186,0.09994034685194492,0.19378492616117002,0.17502254866063593,0.22499136827886104,0.3160162029663722,0.301457079872489,0.34031935669481755,0.2743010188639164,0.23864580139517785,0.30511929482221606,0.9521911907196046,0.9203775632381439,0.992200984954834,0.03799044837554296,0.02689892053604126,0.05111716687679291,0.24851892391840616,0.20724841952323914,0.30582839250564575,3.6236063639322915,3.397838830947876,3.8818395137786865,2.598792394002279,2.455396056175232,2.7778244018554688,0.8470133089957331,0.7765248031875678,0.9253110442425904,2.982456922531128,2.8635005950927734
GTSRB|MNIST|RESISC45,3,0.32272093494733173,0.18573522567749023,0.43354347348213196,1.6203892429669697,0.7533479332923889,2.229501247406006,2.5915757020314536,2.4982359409332275,2.7047414779663086,0.8324296954847729,0.7533787591236146,0.9551840547973164,-0.015465976670384407,-0.03945091366767883,-0.0001028524711728096,-0.14913756916454682,-0.29762423038482666,-0.0007220288971439004,216.19237073262533,4.503320693969727,322.0522155761719,0.14011295197997242,0.1247148741222918,0.1513640237180516,0.10115423900385696,0.06980668123811483,0.15515765726566313,0.21886600653330487,0.1720629321038723,0.2901959399878979,0.2986759517590205,0.28223778448998926,0.31191114723682406,0.29885934308171275,0.2467322526872158,0.38557306945323944,0.9763713490962983,0.9577009117603302,0.9867686939239502,0.053139105439186096,0.0384184792637825,0.07869261503219604,0.30799850324789685,0.2342304140329361,0.4428389370441437,3.334566354751587,3.2251665592193604,3.4272525310516357,2.4200758934020996,2.372791886329651,2.4695836305618286,0.9481685741406575,0.9230175342586802,0.9641617034921464,2.9944558143615723,2.8695268630981445
GTSRB|MNIST|SUN397,3,0.31794606645901996,0.18573522567749023,0.39542585611343384,1.403462549050649,0.7533479332923889,1.7401005029678345,2.4348278840382895,2.3221640586853027,2.571749687194824,0.9190959255322828,0.8803983113151228,0.9551840547973164,-0.012304111073414484,-0.015429490245878696,-0.0068441638723015785,-11.793768160239173,-35.18762969970703,-0.0007220288971439004,357.39360364278156,4.503320693969727,533.88037109375,0.14201949178862075,0.1281368724349886,0.1536616448312998,0.10069835061207415,0.06801592504605651,0.15515765726566313,0.21917364644507567,0.17529268726706504,0.2901959399878979,0.3014535925288995,0.2876971074938774,0.314784746542573,0.29669912442564966,0.24055260643363,0.38557306945323944,0.9514362812042236,0.9140474808216095,0.9846444416046143,0.048205344627300896,0.03125239536166191,0.07869261503219604,0.29789965848128,0.21864666044712067,0.4428389370441437,3.5269511540730796,3.2251665592193604,3.7135424613952637,2.543722947438558,2.372791886329651,2.655054211616516,0.867303117897343,0.8043638856777989,0.9573264846711458,2.982407808303833,2.867647647857666
GTSRB|MNIST|SVHN,3,0.23927930494149527,0.10879246890544891,0.42331022024154663,1.5696120858192444,0.7533479332923889,3.116858720779419,3.3507839838663735,2.571749687194824,4.0697221755981445,0.6774070583871911,0.5261748536013929,0.9551840547973164,-0.03092311539997657,-0.1030338779091835,0.017108695581555367,-0.7142107562394813,-2.1437623500823975,0.0018521102610975504,5.298460960388184,4.503320693969727,6.771592617034912,0.14804865813814103,0.13913517272565515,0.16075084358919411,0.19531237381199995,0.15515765726566313,0.24622574262320995,0.35247265746196116,0.2901959399878979,0.44449236303567885,0.30804705947637556,0.30187892355024815,0.31983410105109217,0.4283230036497116,0.38557306945323944,0.480085501074791,0.9889471713701884,0.9846444416046143,0.996410745382309,0.1089340051015218,0.07869261503219604,0.15894895792007446,0.6747925778230032,0.4428389370441437,1.0289767980575562,3.306355635325114,3.2251665592193604,3.380375623703003,2.4718825022379556,2.372791886329651,2.547293543815613,0.9115520861795846,0.8692902680484137,0.9573264846711458,2.9787232875823975,2.852940559387207
GTSRB|RESISC45|SUN397,3,0.47264354427655536,0.34888410568237305,0.6963694095611572,2.5542777379353843,1.7169392108917236,4.067575454711914,2.3453440268834433,1.9207206964492798,2.7047414779663086,0.8553855285105957,0.7887262725333879,0.9217054104844091,-0.005903357329467933,-0.03945091366767883,0.03717033192515373,2129.6146318912506,-0.29762423038482666,6389.33447265625,489.6082458496094,322.0215759277344,613.0060424804688,0.18484899139963087,0.1513640237180516,0.2495213056495413,0.1024657977744937,0.07849837850779295,0.14997754529118537,0.21846213268737,0.19203231208026408,0.2690149384737015,0.34165992227693404,0.31191114723682406,0.39828387305140495,0.3019250892599424,0.2639716973900795,0.3775308632850647,0.9758453663190206,0.9556169211864471,0.9867686939239502,0.040162445356448494,0.03467102348804474,0.04351009055972099,0.26495275894800824,0.23221337795257568,0.31571874022483826,3.580099662144979,3.3512799739837646,3.7468745708465576,2.573763132095337,2.4178521633148193,2.7001144886016846,0.8662772322298987,0.8043638856777989,0.9230175342586802,2.9862301349639893,2.87568998336792
GTSRB|RESISC45|SVHN,3,0.3135847995678584,0.10879246890544891,0.4830778241157532,2.4794179995854697,0.8386296033859253,4.721305847167969,3.3824756145477295,2.7047414779663086,4.0697221755981445,0.6793362066019751,0.5508622667628635,0.7887262725333879,-0.012011381487051645,-0.03945091366767883,0.017108695581555367,-6.889827584149316,-20.37371063232422,0.0018521102610975504,216.2518366177877,4.620469570159912,322.11346435546875,0.1492901319125667,0.13575552843045444,0.16075084358919411,0.1111109284684062,0.07028068535029888,0.18455372154712676,0.23167516335844993,0.17795667320489883,0.32272966936230657,0.3099672120064497,0.29815638773143294,0.31983410105109217,0.3101107387741407,0.24674906879663466,0.41931044042110444,0.9781737319628397,0.9619661748409272,0.9867686939239502,0.05519836644331614,0.03412843495607376,0.08916044235229492,0.34287851055463153,0.22914737462997437,0.5525619983673096,3.4460886319478354,3.3512799739837646,3.6066102981567383,2.501922686894735,2.4178521633148193,2.5923538208007812,0.9113665063049042,0.8692902680484137,0.9417917166076185,2.989891529083252,2.8710262775421143
GTSRB|SUN397|SVHN,3,0.32686051229635876,0.10879246890544891,0.49911195039749146,2.243268688519796,0.8386296033859253,4.174237251281738,3.247575521469116,2.410569906234741,4.0697221755981445,0.6900743775184086,0.5508622667628635,0.9217054104844091,0.0045469288403789205,-0.015429490245878696,0.017108695581555367,9.771029298581803,-0.19295275211334229,29.504188537597656,357.3940790494283,4.620469570159912,533.797119140625,0.1508729430039724,0.13820634059142323,0.16075084358919411,0.11024194377164047,0.06725064024329186,0.18455372154712676,0.22992817670106888,0.17502254866063593,0.32272966936230657,0.3120253091553847,0.301457079872489,0.31983410105109217,0.3073093130687872,0.23864580139517785,0.41931044042110444,0.9539269371827443,0.9203775632381439,0.985786327123642,0.050243462125460304,0.02689892053604126,0.08916044235229492,0.3306745986143748,0.20724841952323914,0.5525619983673096,3.634786526362101,3.380375623703003,3.8818395137786865,2.625569740931193,2.4955620765686035,2.7778244018554688,0.8663217326562677,0.8043638856777989,0.9253110442425904,2.9835519790649414,2.871613025665283
MNIST|RESISC45|SUN397,3,0.5084462463855743,0.39542585611343384,0.6963694095611572,2.679059068361918,1.7401005029678345,4.067575454711914,2.2470402320226035,1.9207206964492798,2.4982359409332275,0.8298339909842424,0.7533787591236146,0.8803983113151228,0.007476266783972581,-0.014638679102063179,0.03717033192515373,2117.9992588361106,-35.18762969970703,6389.33447265625,489.6462097167969,322.0522155761719,613.0060424804688,0.16745768406894057,0.1247148741222918,0.2495213056495413,0.09593338385845224,0.06801592504605651,0.14997754529118537,0.2054568526148796,0.1720629321038723,0.2690149384737015,0.32273958834509053,0.28223778448998926,0.39828387305140495,0.28827190746863685,0.24055260643363,0.3775308632850647,0.9522996254762014,0.9140474808216095,0.9851504838466645,0.03772698839505514,0.03125239536166191,0.04351009055972099,0.25619860490163165,0.21864666044712067,0.31571874022483826,3.629223187764486,3.4272525310516357,3.7468745708465576,2.6082507769266763,2.4695836305618286,2.7001144886016846,0.8919436545294825,0.8402189833430843,0.9641617034921464,2.989894390106201,2.8783137798309326
MNIST|RESISC45|SVHN,3,0.4466438392798106,0.42331022024154663,0.4830778241157532,3.355888605117798,2.229501247406006,4.721305847167969,3.0940264066060386,2.4982359409332275,3.4108800888061523,0.6593245644115604,0.5261748536013929,0.7533787591236146,-0.03894288558512926,-0.1030338779091835,-0.0001028524711728096,-7.555513143539429,-20.37371063232422,-0.14906644821166992,216.9790908495585,6.771592617034912,322.11346435546875,0.1332018584261338,0.1247148741222918,0.13913517272565515,0.12877103640387455,0.06980668123811483,0.24622574262320995,0.2648373227814833,0.1720629321038723,0.44449236303567885,0.2942741086830695,0.28223778448998926,0.30242815382778643,0.3245222741862138,0.2467322526872158,0.480085501074791,0.9720259439945221,0.9577009117603302,0.996410745382309,0.07716529071331024,0.03412843495607376,0.15894895792007446,0.4974515289068222,0.22914737462997437,1.0289767980575562,3.4491291840871177,3.3135247230529785,3.6066102981567383,2.536410331726074,2.4695836305618286,2.5923538208007812,0.9379976419729864,0.9080395058191942,0.9641617034921464,2.9862868785858154,2.866558074951172
MNIST|SUN397|SVHN,3,0.4392826755841573,0.39542585611343384,0.49911195039749146,3.010398825009664,1.7401005029678345,4.174237251281738,2.998492876688639,2.3221640586853027,3.4108800888061523,0.6680762067414897,0.5261748536013929,0.8803983113151228,-0.035236991941928864,-0.1030338779091835,0.01196158118546009,-2.6090678373972573,-35.18762969970703,29.504188537597656,358.13887071609497,6.771592617034912,533.88037109375,0.13515946191735564,0.1281368724349886,0.13913517272565515,0.12716410263751945,0.06725064024329186,0.24622574262320995,0.2649358663211266,0.17502254866063593,0.44449236303567885,0.29719411373138427,0.2876971074938774,0.30242815382778643,0.31976130296786626,0.23864580139517785,0.480085501074791,0.9436119298140208,0.9140474808216095,0.996410745382309,0.07236675793925922,0.02689892053604126,0.15894895792007446,0.484957292675972,0.20724841952323914,1.0289767980575562,3.6363022327423096,3.3135247230529785,3.8818395137786865,2.6600573857625327,2.547293543815613,2.7778244018554688,0.8911898444682896,0.8402189833430843,0.9253110442425904,2.981874942779541,2.867169141769409
RESISC45|SUN397|SVHN,3,0.5595197280248007,0.4830778241157532,0.6963694095611572,4.32103951772054,4.067575454711914,4.721305847167969,2.8520394563674927,1.9207206964492798,3.3729631900787354,0.7172668127772055,0.5976554553079533,0.8557249025139897,0.011813328911860784,-0.013691926375031471,0.03717033192515373,2132.8216501871743,-20.37371063232422,6389.33447265625,489.6280517578125,322.11346435546875,613.0060424804688,0.17449439155713967,0.13575552843045444,0.2495213056495413,0.09583629029492537,0.06725064024329186,0.14997754529118537,0.2073313867797454,0.17502254866063593,0.2690149384737015,0.33263244688510896,0.29815638773143294,0.39828387305140495,0.28764191115895904,0.23864580139517785,0.3775308632850647,0.9558314073085784,0.9203775632381439,0.9851504838466645,0.03484581535061201,0.02689892053604126,0.04351009055972099,0.2507048447926839,0.20724841952323914,0.31571874022483826,3.745108127593994,3.6066102981567383,3.8818395137786865,2.6900975704193115,2.5923538208007812,2.7778244018554688,0.9128510125344754,0.8714502767532172,0.9417917166076185,2.991973400115967,2.8854541778564453
Cars|DTD|EuroSAT|GTSRB,4,0.40239432950814563,0.3038870096206665,0.5092779994010925,2.929203828175863,1.3385379314422607,4.860283374786377,3.449475646018982,2.0318186283111572,4.807098388671875,0.6543962447758989,0.36444051218186063,0.9640414547648831,0.004187423386611045,-0.010190306231379509,0.03707445040345192,-112.50004364053409,-675.4219970703125,0.5630835294723511,559.8561079787711,0.023427657783031464,878.4017333984375,0.16725160250905902,0.14847369547002018,0.21378606349229812,0.08838101028464734,0.06985590515658259,0.10810716398060322,0.2038571758940816,0.18987153515219687,0.2333650331199169,0.32674144321431714,0.3075099489092827,0.3676764128357172,0.27804865017533303,0.24423736676573754,0.3153537392616272,0.9802531490723293,0.9666107904911041,0.9960398495197296,0.040593198190132775,0.03231355920433998,0.04938589036464691,0.23952105393012366,0.20050103962421417,0.26001840829849243,3.39382795492808,3.14892578125,3.620723247528076,2.443110764026642,2.28089439868927,2.6053271293640137,0.8938130054156019,0.8091833824900917,0.9653899398196222,3.9821243286132812,3.7872655391693115
Cars|DTD|EuroSAT|MNIST,4,0.40512139598528546,0.25093308091163635,0.5092779994010925,2.9411137898763022,1.0557562112808228,4.860283374786377,3.4225428104400635,2.0318186283111572,4.695323467254639,0.651264784393318,0.36444051218186063,0.9474852206737777,0.0012772277696058156,-0.0017596038524061441,0.009280186146497726,-107.99152263005574,-675.4219970703125,27.092092514038086,560.6016558011373,4.5031232833862305,878.4017333984375,0.15521688095061106,0.1200994289945811,0.21378606349229812,0.08213003244561454,0.06985590515658259,0.10810716398060322,0.1951203359166781,0.16596948496997357,0.2333650331199169,0.3134700073922674,0.2782855594903231,0.3676764128357172,0.26693014323711395,0.24423736676573754,0.3153537392616272,0.9691746900478999,0.9425064945220947,0.9960398495197296,0.03804957369963328,0.03231355920433998,0.04307468608021736,0.23031814893086752,0.20050103962421417,0.26001840829849243,3.4331027269363403,3.235456705093384,3.620723247528076,2.4689764976501465,2.3326258659362793,2.6053271293640137,0.900236794638472,0.8091833824900917,0.9930339502158289,3.9843015670776367,3.788882255554199
Cars|DTD|EuroSAT|RESISC45,4,0.545427734653155,0.39812302589416504,0.7395517230033875,4.485397934913635,1.9593803882598877,9.887564659118652,3.210683365662893,1.921756386756897,4.695323467254639,0.6161900853674989,0.36444051218186063,0.8724794725520848,-0.006063935987185687,-0.03360769525170326,7.695287087974959e-19,-1314.2040913899739,-7016.0185546875,4.988704299797934e-24,641.4333241780599,322.0206604003906,878.4017333984375,0.19806888140815618,0.1582983256969601,0.230687906621024,0.11601635986628632,0.06985590515658259,0.19193964421749116,0.23681202452629804,0.1901806677877903,0.30182128623127935,0.35490526733299094,0.31929037734866145,0.3828497867286205,0.3188842564324538,0.24423736676573754,0.42701003909111024,0.9840674551328022,0.9666107904911041,0.9975438833236694,0.04462549835443497,0.03231355920433998,0.07195529341697693,0.2722209170460701,0.20050103962421417,0.4054414927959442,3.4528174797693887,3.244525194168091,3.6762349605560303,2.4915066361427307,2.341129779815674,2.6418834924697876,0.8964558863224128,0.8091833824900917,0.9709252168897073,3.982599973678589,3.794001817703247
Cars|DTD|EuroSAT|SUN397,4,0.5400053411722183,0.39812302589416504,0.6929855346679688,3.9061137437820435,1.9593803882598877,6.673719882965088,3.183466295401255,1.6424504518508911,4.695323467254639,0.6469614681426578,0.36444051218186063,0.9560848300960262,-0.0006509594386443495,-0.014227695763111115,0.012081542983651161,-296.77052815755206,-4923.54296875,3818.341796875,714.943115234375,533.7966918945312,878.4017333984375,0.20575826556499424,0.1582983256969601,0.2557000710116699,0.10660057533221941,0.06985590515658259,0.13399490974843503,0.22781866837292908,0.1901806677877903,0.2525999009609222,0.36160207344839973,0.31929037734866145,0.4024586429446936,0.3071214430530866,0.24423736676573754,0.3504413586854935,0.9767253792285918,0.9439950239658356,0.9960398495197296,0.03820806865890821,0.03231355920433998,0.043344855308532715,0.2537488763531049,0.20050103962421417,0.3053748309612274,3.5985077222188315,3.244525194168091,3.9294800758361816,2.5842419266700745,2.341129779815674,2.827354073524475,0.8651525029318646,0.7765248031875678,0.9596400766387169,3.976895570755005,3.7952115535736084
Cars|DTD|EuroSAT|SVHN,4,0.4345460037390391,0.30404189229011536,0.5092779994010925,4.345160365104675,1.9593803882598877,9.686758995056152,3.817929983139038,2.0318186283111572,4.695323467254639,0.5759317046005547,0.36444051218186063,0.8724794725520848,0.0021974879394595823,-0.0017596038524061441,0.008518097922205925,-105.47776921590169,-675.4219970703125,23.304271697998047,560.6169571876526,4.620810508728027,878.4017333984375,0.16234270519654578,0.12912840384524316,0.21378606349229812,0.08387644081376493,0.06517255367711186,0.10810716398060322,0.19754808014879624,0.17969981715083122,0.2333650331199169,0.3217449563369155,0.2888169038295746,0.3676764128357172,0.2692621936897437,0.2377028200030327,0.3153537392616272,0.9712285578250884,0.9475286674499511,0.9960398495197296,0.037708042189478874,0.027750547975301743,0.05111716687679291,0.23763086398442587,0.20050103962421417,0.30582839250564575,3.5201489130655923,3.244525194168091,3.7946197986602783,2.530361592769623,2.341129779815674,2.7195934057235718,0.8877462790618337,0.8091833824900917,0.9642271793020888,3.98129940032959,3.7937755584716797
Cars|DTD|GTSRB|MNIST,4,0.32980966071287793,0.18573522567749023,0.49151936173439026,1.3185083170731862,0.7533479332923889,1.9593803882598877,2.3247050444285073,2.0318186283111572,2.571749687194824,0.927508333914466,0.8724794725520848,0.9640414547648831,0.004617224486234288,-0.010190306231379509,0.03707445040345192,-107.92135376368726,-675.4219970703125,27.092092514038086,560.601637840271,4.503320693969727,878.4017333984375,0.15339872614946215,0.12954391851089894,0.21378606349229812,0.09229202158749104,0.06994802160188555,0.15515765726566313,0.21027520445485912,0.17781210832297803,0.2901959399878979,0.31129906746248404,0.2881211578845978,0.3676764128357172,0.28394491647680603,0.24883417591452597,0.38557306945323944,0.9716104573011398,0.9425064945220947,0.9960398495197296,0.04521065826217333,0.035304002463817596,0.07869261503219604,0.27529722700516385,0.22779788076877594,0.4428389370441437,3.447086970011393,3.2251665592193604,3.620723247528076,2.4890595078468323,2.372791886329651,2.6053271293640137,0.9160776893292314,0.8381933031550787,0.9930339502158289,3.984504222869873,3.798945188522339
Cars|DTD|GTSRB|RESISC45,4,0.44043871263662976,0.3038870096206665,0.6783864498138428,2.0710673332214355,1.3385379314422607,3.3054051399230957,2.3110053340593972,1.921756386756897,2.7047414779663086,0.843705135443711,0.7138152398391749,0.9640414547648831,-0.008158397569786757,-0.03945091366767883,0.03707445040345192,-1314.1834062238534,-7016.0185546875,0.5630835294723511,641.4334259033203,322.0215759277344,878.4017333984375,0.18515595886778705,0.14847369547002018,0.230687906621024,0.09416371144354345,0.07849837850779295,0.13126642152667045,0.21334879410763583,0.19433914750814438,0.2529061867296696,0.34162366982549425,0.3075099489092827,0.3828497867286205,0.287394903972745,0.2642727071046829,0.3469041955471039,0.9889139918486277,0.9760823047161102,0.9975438833236694,0.04050692915916443,0.03468220680952072,0.0472680926322937,0.2537933091322581,0.23980019986629486,0.2902061939239502,3.4858248631159463,3.29878830909729,3.6762349605560303,2.5115896463394165,2.3812958002090454,2.6418834924697876,0.9120988752067554,0.8381933031550787,0.9709252168897073,3.9859979152679443,3.80698299407959
Cars|DTD|GTSRB|SUN397,4,0.4650190869967143,0.3038870096206665,0.6929855346679688,2.0005273818969727,1.3385379314422607,2.8893883228302,2.137238323688507,1.6424504518508911,2.4775545597076416,0.9089163885197239,0.8341643882772305,0.9640414547648831,0.0012581495490546029,-0.015429490245878696,0.03707445040345192,-296.732397745053,-4923.54296875,3818.341796875,714.9431355794271,533.797119140625,878.4017333984375,0.19599839839773872,0.14847369547002018,0.2557000710116699,0.10015165830651919,0.07892146952450275,0.13399490974843503,0.21677595170835653,0.19203231208026408,0.2525999009609222,0.3512431378165881,0.3075099489092827,0.4024586429446936,0.2958970463524262,0.2639716973900795,0.3504413586854935,0.9820233152310053,0.9556169211864471,0.9960398495197296,0.03881697232524554,0.03467102348804474,0.043344855308532715,0.2616960604985555,0.23221337795257568,0.3053748309612274,3.6227076053619385,3.29878830909729,3.9294800758361816,2.6043249368667603,2.3812958002090454,2.827354073524475,0.880111056829873,0.8043638856777989,0.9596400766387169,3.9794726371765137,3.810011625289917
Cars|DTD|GTSRB|SVHN,4,0.3284623697400093,0.10879246890544891,0.49151936173439026,1.791015883286794,0.8386296033859253,2.7785983085632324,2.9918978214263916,2.0318186283111572,4.0697221755981445,0.7270596967908528,0.49854289727750856,0.9640414547648831,0.009529627898397544,-0.010190306231379509,0.03707445040345192,-105.40717132634018,-675.4219970703125,23.304271697998047,560.6168495019277,4.620469570159912,878.4017333984375,0.1589386031155785,0.12912840384524316,0.21378606349229812,0.09631596444485087,0.06517255367711186,0.18455372154712676,0.2155633408203721,0.17969981715083122,0.32272966936230657,0.317902110517025,0.2888169038295746,0.3676764128357172,0.2882578099022309,0.2377028200030327,0.41931044042110444,0.973520401318868,0.9475286674499511,0.9960398495197296,0.04487153080602487,0.027750547975301743,0.08916044235229492,0.28674474606911343,0.2051803022623062,0.5525619983673096,3.5329376459121704,3.29878830909729,3.7946197986602783,2.5504446029663086,2.3812958002090454,2.7195934057235718,0.9030793506266989,0.8381933031550787,0.9642271793020888,3.9814679622650146,3.8022003173828125
Cars|DTD|MNIST|RESISC45,4,0.44877099990844727,0.25093308091163635,0.6783864498138428,2.0832006136576333,1.0557562112808228,3.3054051399230957,2.2684550086657205,1.921756386756897,2.5162994861602783,0.8376902193287838,0.7138152398391749,0.9474852206737777,-0.004510582987374316,-0.03360769525170326,0.009280186146497726,-1309.6501255830128,-7016.0185546875,27.092092514038086,641.4374643961588,322.0522155761719,878.4017333984375,0.1740825614736726,0.1247148741222918,0.230687906621024,0.09003935587902863,0.06980668123811483,0.13126642152667045,0.20488292659322418,0.1720629321038723,0.2529061867296696,0.32918429173529146,0.28223778448998926,0.3828497867286205,0.2791477400312821,0.2467322526872158,0.3469041955471039,0.9731018084287643,0.9425064945220947,0.9975438833236694,0.03876903528968493,0.03468220680952072,0.0472680926322937,0.24846364557743073,0.22779788076877594,0.2902061939239502,3.5233399073282876,3.3761603832244873,3.6762349605560303,2.537455379962921,2.4330272674560547,2.6418834924697876,0.9322461230344055,0.8755563713909044,0.9930339502158289,3.9900062084198,3.808682680130005
Cars|DTD|MNIST|SUN397,4,0.46303293605645496,0.25093308091163635,0.6929855346679688,1.9579904278119404,1.0557562112808228,2.8893883228302,2.1143712798754373,1.6424504518508911,2.5162994861602783,0.9019082081115445,0.8341643882772305,0.9560848300960262,-0.00152024421064804,-0.014638679102063179,0.012081542983651161,-298.0563228925069,-4923.54296875,3818.341796875,714.9559427897135,533.88037109375,878.4017333984375,0.18511239720353234,0.1281368724349886,0.2557000710116699,0.09565832820720971,0.06801592504605651,0.13399490974843503,0.2092328492924571,0.17529268726706504,0.2525999009609222,0.33923471367607516,0.2876971074938774,0.4024586429446936,0.2866701096544663,0.24055260643363,0.3504413586854935,0.964127522110939,0.9140474808216095,0.9960398495197296,0.03715726422766844,0.03125239536166191,0.043344855308532715,0.2562212347984314,0.21864666044712067,0.3053748309612274,3.6594602266947427,3.3761603832244873,3.9294800758361816,2.630190670490265,2.4330272674560547,2.827354073524475,0.8993767927294928,0.8402189833430843,0.9930339502158289,3.984640121459961,3.8120992183685303
Cars|DTD|MNIST|SVHN,4,0.3751043876012166,0.25093308091163635,0.49151936173439026,2.124323566754659,1.0557562112808228,3.116858720779419,2.8739580710728965,2.0318186283111572,3.7013933658599854,0.7228214640506426,0.49854289727750856,0.9474852206737777,-0.013404329967064163,-0.1030338779091835,0.009280186146497726,-101.25625272591908,-675.4219970703125,27.092092514038086,560.9743018945059,6.771592617034912,878.4017333984375,0.1487041188435008,0.12912840384524316,0.21378606349229812,0.10391889527129629,0.06517255367711186,0.24622574262320995,0.23110395815223453,0.17781210832297803,0.44449236303567885,0.3075073016807437,0.2881211578845978,0.3676764128357172,0.29306323180596033,0.2377028200030327,0.480085501074791,0.9643235846360524,0.9425064945220947,0.996410745382309,0.0554130133241415,0.027750547975301743,0.15894895792007446,0.3629335065682729,0.2051803022623062,1.0289767980575562,3.5466487805048623,3.3135247230529785,3.7946197986602783,2.5763103365898132,2.4330272674560547,2.7195934057235718,0.922827443210568,0.8755563713909044,0.9930339502158289,3.979456901550293,3.796978235244751
Cars|DTD|RESISC45|SUN397,4,0.5966277668873469,0.455707848072052,0.6963694095611572,2.9109668334325156,1.9593803882598877,4.067575454711914,2.011599044005076,1.6424504518508911,2.510986328125,0.8417357385512555,0.7138152398391749,0.9560848300960262,-0.00022657279623672366,-0.03360769525170326,0.03717033192515373,-433.5152079264323,-7016.0185546875,6389.33447265625,756.0556335449219,613.0060424804688,878.4017333984375,0.23591635785453643,0.21378606349229812,0.2557000710116699,0.12396683456376195,0.0940720197558403,0.14997754529118537,0.24390294622629882,0.21947736218571662,0.2690149384737015,0.38631840635091064,0.36570368506014345,0.4024586429446936,0.3331665336837371,0.2832543121278286,0.3775308632850647,0.99292751510938,0.9851504838466645,0.9975438833236694,0.04056088315943877,0.03468220680952072,0.0472680926322937,0.28354812661806744,0.241504967212677,0.31571874022483826,3.682734568913778,3.4229538440704346,3.9294800758361816,2.652720808982849,2.478087544441223,2.827354073524475,0.90632135257745,0.8461130489652129,0.9709252168897073,3.987346649169922,3.8194804191589355
Cars|DTD|RESISC45|SVHN,4,0.4685032268365224,0.30404189229011536,0.6783864498138428,2.956795334815979,1.9593803882598877,4.721305847167969,2.831773579120636,1.921756386756897,3.7013933658599854,0.6954687671085894,0.49854289727750856,0.8724794725520848,-0.005855168468163659,-0.03360769525170326,0.008518097922205925,-1310.5071461995442,-7016.0185546875,23.304271697998047,641.443359375,322.11346435546875,878.4017333984375,0.17871406657621267,0.12912840384524316,0.230687906621024,0.08924295537484189,0.06517255367711186,0.13126642152667045,0.2057310649131735,0.17795667320489883,0.2529061867296696,0.33544790574659905,0.2888169038295746,0.3828497867286205,0.2778405409802993,0.2377028200030327,0.3469041955471039,0.9755323153734207,0.9475286674499511,0.9975438833236694,0.0359702625622352,0.027750547975301743,0.0472680926322937,0.24077681452035904,0.2051803022623062,0.2902061939239502,3.613215366999308,3.4229538440704346,3.7946197986602783,2.5988404750823975,2.478087544441223,2.7195934057235718,0.930192155954907,0.8816983258232093,0.9709252168897073,3.9913489818573,3.8146121501922607
Cars|DTD|SUN397|SVHN,4,0.4917904535929362,0.30404189229011536,0.6929855346679688,2.8219738403956094,1.9593803882598877,4.174237251281738,2.688613712787628,1.6424504518508911,3.7013933658599854,0.7217227263258118,0.49854289727750856,0.9560848300960262,0.0038333926737929382,-0.014227695763111115,0.012081542983651161,-284.76059977213544,-4923.54296875,3818.341796875,714.9323425292969,533.7646484375,878.4017333984375,0.18958203794745107,0.12912840384524316,0.2557000710116699,0.09465537955053151,0.06517255367711186,0.13399490974843503,0.20905367432783048,0.17502254866063593,0.2525999009609222,0.34513855587691067,0.2888169038295746,0.4024586429446936,0.2850423070788384,0.2377028200030327,0.3504413586854935,0.966902165611585,0.9203775632381439,0.9960398495197296,0.03434791974723339,0.02689892053604126,0.043344855308532715,0.24748187015453973,0.2051803022623062,0.3053748309612274,3.74749223391215,3.558150053024292,3.9294800758361816,2.691575765609741,2.5557974576950073,2.827354073524475,0.9152331669473334,0.8461130489652129,0.9642271793020888,3.988771438598633,3.8195266723632812
Cars|EuroSAT|GTSRB|MNIST,4,0.3140547573566437,0.18573522567749023,0.3983391225337982,2.5295153756936393,0.7533479332923889,4.354806423187256,3.6270538965861,2.4775545597076416,4.807098388671875,0.6741825958625297,0.3846397856450984,0.9640414547648831,-0.0028152809633562956,-0.010190306231379509,0.00014278432354331017,0.03978307411307469,-0.14134830236434937,0.3807687759399414,297.54197608307004,0.023427657783031464,592.0828857421875,0.14256359393242746,0.1200994289945811,0.1582983256969601,0.0922739284982284,0.06985590515658259,0.15515765726566313,0.20262358085562784,0.16596948496997357,0.2901959399878979,0.30140550022323925,0.2782855594903231,0.31929037734866145,0.28293643380204836,0.24423736676573754,0.38557306945323944,0.9751500968138377,0.9425064945220947,0.9908609926700592,0.04572836495935917,0.03231355920433998,0.07869261503219604,0.2670719027519226,0.20050103962421417,0.4428389370441437,3.3793781201044717,3.14892578125,3.6167144775390625,2.4388588070869446,2.28089439868927,2.596823215484619,0.8949738064918752,0.8091833824900917,0.9653899398196222,3.980943441390991,3.7831661701202393
Cars|EuroSAT|GTSRB|RESISC45,4,0.4322441319624583,0.3038870096206665,0.7395517230033875,3.9444292783737183,1.3385379314422607,9.887564659118652,3.4723392327626548,2.4775545597076416,4.807098388671875,0.6503099299318228,0.40268656466079344,0.9640414547648831,-0.008442922786343843,-0.03945091366767883,2.040189075278605e-18,-32.3704948524634,-193.78399658203125,4.779682417272856e-28,417.0774011102815,0.023427657783031464,674.2596435546875,0.16974227397469802,0.14847369547002018,0.21402897433843462,0.10316397613845767,0.06985590515658259,0.19193964421749116,0.2158234576508403,0.18987153515219687,0.30182128623127935,0.3287246926377217,0.3075099489092827,0.36570368506014345,0.2983288166671991,0.24423736676573754,0.42701003909111024,0.98231960217158,0.9666107904911041,0.9957396388053894,0.04477558843791485,0.03231355920433998,0.07195529341697693,0.265921155611674,0.20050103962421417,0.4054414927959442,3.412312865257263,3.14892578125,3.6762349605560303,2.461388945579529,2.28089439868927,2.6418834924697876,0.8891595286614254,0.8091833824900917,0.9653899398196222,3.980456590652466,3.7898123264312744
Cars|EuroSAT|GTSRB|SUN397,4,0.42835405965646106,0.3038870096206665,0.583328127861023,3.4075846672058105,1.3385379314422607,6.673719882965088,3.442644556363424,2.0418617725372314,4.807098388671875,0.6831863109591426,0.40268656466079344,0.9640414547648831,-0.0022563755822678404,-0.015429490245878696,0.012081542983651161,636.3345826367537,-0.19295275211334229,3818.341796875,507.3501570510368,0.023427657783031464,792.3446044921875,0.17430027508487303,0.14847369547002018,0.2557000710116699,0.09342425927830239,0.06985590515658259,0.13399490974843503,0.2064966765542825,0.18987153515219687,0.24629767790436743,0.33288572351137796,0.3075099489092827,0.4024586429446936,0.28592630781233314,0.24423736676573754,0.34432258665561677,0.9709956789016724,0.9439950239658356,0.9928080403804779,0.03773949854075909,0.03231355920433998,0.04938589036464691,0.24246887862682343,0.20050103962421417,0.28846561908721924,3.5602827072143555,3.14892578125,3.9294800758361816,2.5541242361068726,2.28089439868927,2.827354073524475,0.8588825651614793,0.7765248031875678,0.9653899398196222,3.9734461307525635,3.7898242473602295
Cars|EuroSAT|GTSRB|SVHN,4,0.3280305390556653,0.10879246890544891,0.5060277581214905,3.7187113563219705,0.8386296033859253,9.686758995056152,4.052088101704915,2.4775545597076416,4.807098388671875,0.6062862719634023,0.40268656466079344,0.9640414547648831,0.0025727478787302975,-0.010190306231379509,0.017108695581555367,3.8607959176491327,-0.14134830236434937,23.304271697998047,297.5755815791587,0.023427657783031464,592.0697021484375,0.1492122983901451,0.12912840384524316,0.16075084358919411,0.09827617661717036,0.06517255367711186,0.18455372154712676,0.20990484151989222,0.17969981715083122,0.32272966936230657,0.30911246201644343,0.2888169038295746,0.31983410105109217,0.28971591480076314,0.2377028200030327,0.41931044042110444,0.9765116779009501,0.9475286674499511,0.992200984954834,0.04795632759730021,0.027750547975301743,0.08916044235229492,0.2942041680216789,0.20050103962421417,0.5525619983673096,3.4619608720143638,3.14892578125,3.7946197986602783,2.500243902206421,2.28089439868927,2.7195934057235718,0.880914692062056,0.8091833824900917,0.9653899398196222,3.9754831790924072,3.785980463027954
Cars|EuroSAT|MNIST|RESISC45,4,0.4460330456495285,0.25093308091163635,0.7395517230033875,4.014136572678884,1.0557562112808228,9.887564659118652,3.425579031308492,2.4982359409332275,4.695323467254639,0.634210143025935,0.3846397856450984,0.9208370257550247,-0.000162730827772369,-0.0010163168190047145,0.00014278432354331017,-32.2587157090505,-193.78399658203125,0.3807687759399414,417.83132092158,4.5031232833862305,674.2596435546875,0.1571078893262893,0.1200994289945811,0.21402897433843462,0.0972093865585824,0.06980668123811483,0.19193964421749116,0.20617889021833738,0.16596948496997357,0.30182128623127935,0.3148360097408295,0.2782855594903231,0.36570368506014345,0.2874044682830572,0.24423736676573754,0.42701003909111024,0.9717680974801381,0.9425064945220947,0.9957396388053894,0.042222884173194565,0.03231355920433998,0.07195529341697693,0.2566026796897252,0.20050103962421417,0.4054414927959442,3.4513543844223022,3.235456705093384,3.6762349605560303,2.4872546792030334,2.3326258659362793,2.6418834924697876,0.8953779711737716,0.8091833824900917,0.9641617034921464,3.983922004699707,3.7920548915863037
Cars|EuroSAT|MNIST|SUN397,4,0.43182453513145447,0.25093308091163635,0.583328127861023,3.422621726989746,1.0557562112808228,6.673719882965088,3.415567636489868,2.0418617725372314,4.695323467254639,0.6660932597600028,0.3846397856450984,0.9560848300960262,-0.00040239196581145126,-0.014638679102063179,0.012081542983651161,630.5891559918722,-35.18762969970703,3818.341796875,508.11284557978314,4.5031232833862305,792.3446044921875,0.1618532866363724,0.1200994289945811,0.2557000710116699,0.08710069516363243,0.06801592504605651,0.13399490974843503,0.19777487422029175,0.16596948496997357,0.24629767790436743,0.31942799456417564,0.2782855594903231,0.4024586429446936,0.27402218667169415,0.24055260643363,0.34432258665561677,0.9583605645100275,0.9140474808216095,0.9928080403804779,0.03526498004794121,0.03125239536166191,0.040663763880729675,0.23300524055957794,0.20050103962421417,0.28846561908721924,3.5985618034998574,3.235456705093384,3.9294800758361816,2.579989969730377,2.3326258659362793,2.827354073524475,0.8642194957457955,0.7765248031875678,0.9596400766387169,3.978098154067993,3.792501449584961
Cars|EuroSAT|MNIST|SVHN,4,0.38012918333212536,0.25093308091163635,0.5060277581214905,4.109593053658803,1.0557562112808228,9.686758995056152,3.929938475290934,2.5162994861602783,4.695323467254639,0.5919631684322316,0.3846397856450984,0.9208370257550247,-0.01572883261057238,-0.1030338779091835,0.008518097922205925,3.5902130206425986,-2.1437623500823975,23.304271697998047,298.6829152901967,4.5031232833862305,592.0828857421875,0.13741682686377318,0.1200994289945811,0.1582983256969601,0.10404887342825532,0.06517255367711186,0.24622574262320995,0.22426675893366335,0.16596948496997357,0.44449236303567885,0.29726834837347266,0.2782855594903231,0.31929037734866145,0.2918441522618135,0.2377028200030327,0.480085501074791,0.972575539946556,0.9425064945220947,0.996410745382309,0.05768299972017606,0.027750547975301743,0.15894895792007446,0.36640411615371704,0.20050103962421417,1.0289767980575562,3.4771984815597534,3.235456705093384,3.7946197986602783,2.5261096358299255,2.3326258659362793,2.7195934057235718,0.8867339793306214,0.8091833824900917,0.9642271793020888,3.9733386039733887,3.7815237045288086
Cars|EuroSAT|RESISC45|SUN397,4,0.5729796886444092,0.39812302589416504,0.7395517230033875,5.037953019142151,2.544947624206543,9.887564659118652,3.171780447165171,1.9207206964492798,4.695323467254639,0.6658513227397618,0.4177066895520622,0.9560848300960262,0.008039259681633363,-0.0010163168190047145,0.03717033192515373,1668.9820454915364,-193.78399658203125,6389.33447265625,587.9161732991537,322.0206604003906,792.3446044921875,0.2080786946113221,0.1582983256969601,0.2557000710116699,0.12442755930436154,0.06985590515658259,0.19193964421749116,0.2425712582965692,0.1901806677877903,0.30182128623127935,0.36350627729048335,0.31929037734866145,0.4024586429446936,0.33246100607017676,0.24423736676573754,0.42701003909111024,0.977026528318723,0.9439950239658356,0.9957396388053894,0.042419551561276116,0.03231355920433998,0.07195529341697693,0.28068530311187107,0.20050103962421417,0.4054414927959442,3.6160329977671304,3.2474312782287598,3.9294800758361816,2.6025201082229614,2.3776861429214478,2.827354073524475,0.8693285918857788,0.7765248031875678,0.9596400766387169,3.9794294834136963,3.798555612564087
Cars|EuroSAT|RESISC45|SVHN,4,0.4810883452494939,0.30404189229011536,0.7395517230033875,5.604419708251953,2.4311347007751465,9.887564659118652,3.7467390298843384,2.510986328125,4.695323467254639,0.6245410040302263,0.4177066895520622,0.8181455980290264,-0.0010316908786383767,-0.013691926375031471,0.008518097922205925,-31.808905919392902,-193.78399658203125,23.304271697998047,417.8556097348531,4.620810508728027,674.2596435546875,0.16284822192043066,0.12912840384524316,0.21402897433843462,0.09839129131597778,0.06517255367711186,0.19193964421749116,0.20902015283703804,0.17795667320489883,0.30182128623127935,0.32220354249080024,0.2888169038295746,0.36570368506014345,0.2885638568053643,0.2377028200030327,0.42701003909111024,0.9736502414941787,0.9475286674499511,0.9957396388053894,0.04199120153983434,0.027750547975301743,0.07195529341697693,0.26460059483846027,0.20050103962421417,0.4054414927959442,3.5379619201024375,3.2474312782287598,3.7946197986602783,2.5486397743225098,2.3776861429214478,2.7195934057235718,0.8922632283669866,0.8091833824900917,0.9642271793020888,3.983217239379883,3.797558307647705
Cars|EuroSAT|SUN397|SVHN,4,0.47590512533982593,0.30404189229011536,0.583328127861023,5.003293553988139,2.4311347007751465,9.686758995056152,3.7476514975229898,2.0418617725372314,4.695323467254639,0.6184600911987559,0.4177066895520622,0.9560848300960262,0.005426870348552863,-2.2255242681950925e-19,0.012081542983651161,645.1917095184326,-1.317664050882215e-24,3818.341796875,508.1076391537984,4.620810508728027,792.3446044921875,0.16743175487189244,0.12912840384524316,0.2557000710116699,0.08807605176853638,0.06517255367711186,0.13399490974843503,0.1995888235544165,0.17502254866063593,0.24629767790436743,0.3264357555036744,0.2888169038295746,0.4024586429446936,0.274860971669356,0.2377028200030327,0.34432258665561677,0.9605868450800578,0.9203775632381439,0.9928080403804779,0.035022725661595665,0.02689892053604126,0.05111716687679291,0.239950622121493,0.20050103962421417,0.30582839250564575,3.6833258867263794,3.397838830947876,3.9294800758361816,2.6413750648498535,2.455396056175232,2.827354073524475,0.8790150942363494,0.7765248031875678,0.9642271793020888,3.9799156188964844,3.7995450496673584
Cars|GTSRB|MNIST|RESISC45,4,0.32978179057439166,0.18573522567749023,0.455707848072052,1.6334015826384227,0.7533479332923889,2.544947624206543,2.546594580014547,2.4775545597076416,2.7047414779663086,0.8667188608338755,0.7533787591236146,0.9640414547648831,-0.009576961456332356,-0.03945091366767883,0.00014278432354331017,-32.33199813599155,-193.78399658203125,0.3807687759399414,417.83155727386475,4.503320693969727,674.2596435546875,0.15242919291757667,0.1247148741222918,0.21402897433843462,0.0930793506745249,0.06980668123811483,0.15515765726566313,0.20987391465653973,0.1720629321038723,0.2901959399878979,0.30962640210986137,0.28223778448998926,0.36570368506014345,0.28526537912587324,0.2467322526872158,0.38557306945323944,0.9739070808887482,0.9425064945220947,0.9957396388053894,0.044568980733553566,0.03468220680952072,0.07869261503219604,0.2744714021682739,0.2342304140329361,0.4428389370441437,3.4736028909683228,3.2251665592193604,3.6762349605560303,2.5073376893997192,2.372791886329651,2.6418834924697876,0.9110594278937653,0.8381933031550787,0.9641617034921464,3.9855399131774902,3.8024933338165283
Cars|GTSRB|MNIST|SUN397,4,0.34557604789733887,0.18573522567749023,0.5647979974746704,1.5506309767564137,0.7533479332923889,2.699104070663452,2.39003324508667,2.0418617725372314,2.571749687194824,0.9330418478687971,0.8803983113151228,0.9640414547648831,-0.005813052024071415,-0.015429490245878696,0.012081542983651161,630.5333188113096,-35.18762969970703,3818.341796875,508.11300055185956,4.503320693969727,792.3446044921875,0.1603276456007734,0.1281368724349886,0.2557000710116699,0.09837439067661763,0.06801592504605651,0.15515765726566313,0.2138904124125838,0.17529268726706504,0.2901959399878979,0.31714104880889255,0.2876971074938774,0.4024586429446936,0.2921480532735586,0.24055260643363,0.38557306945323944,0.9609509472052257,0.9140474808216095,0.9928080403804779,0.04233854946990808,0.03125239536166191,0.07869261503219604,0.2772487550973892,0.21864666044712067,0.4428389370441437,3.6120028098424277,3.2251665592193604,3.9294800758361816,2.600072979927063,2.372791886329651,2.827354073524475,0.8792165174794548,0.8043638856777989,0.9596400766387169,3.978797674179077,3.8045814037323
Cars|GTSRB|MNIST|SVHN,4,0.262783316274484,0.10879246890544891,0.42331022024154663,1.5890441834926605,0.7533479332923889,3.116858720779419,3.124599893887838,2.4775545597076416,4.0697221755981445,0.748084828354258,0.5261748536013929,0.9640414547648831,-0.01571646169759333,-0.1030338779091835,0.017108695581555367,3.5668433171425327,-2.1437623500823975,23.304271697998047,298.68294223149616,4.503320693969727,592.0828857421875,0.1422469509144624,0.12912840384524316,0.16075084358919411,0.13421100959802668,0.06517255367711186,0.24622574262320995,0.26944027446210383,0.17969981715083122,0.44449236303567885,0.30149749243011076,0.28851692341268065,0.31983410105109217,0.3401900317768256,0.2377028200030327,0.480085501074791,0.9721598301331201,0.9425064945220947,0.996410745382309,0.0713111540923516,0.027750547975301743,0.15894895792007446,0.45181432863076526,0.2051803022623062,1.0289767980575562,3.4792283376057944,3.2251665592193604,3.7946197986602783,2.5461926460266113,2.372791886329651,2.7195934057235718,0.9021055187311376,0.8381933031550787,0.9642271793020888,3.9719600677490234,3.7874562740325928
Cars|GTSRB|RESISC45|SUN397,4,0.45705391466617584,0.3038870096206665,0.6963694095611572,2.374237140019735,1.3385379314422607,4.067575454711914,2.344405790170034,1.9207206964492798,2.7047414779663086,0.8840714114036204,0.7887262725333879,0.9640414547648831,-0.0028058586758561432,-0.03945091366767883,0.03717033192515373,1668.8767246107261,-193.78399658203125,6389.33447265625,587.9164479573568,322.0215759277344,792.3446044921875,0.1954582858365029,0.14847369547002018,0.2557000710116699,0.10368661725272736,0.07849837850779295,0.14997754529118537,0.22006869753201805,0.19203231208026408,0.2690149384737015,0.35010867395748696,0.3075099489092827,0.4024586429446936,0.30208274697264037,0.2639716973900795,0.3775308632850647,0.9820276804765066,0.9556169211864471,0.9957396388053894,0.038213467225432396,0.03467102348804474,0.04351009055972099,0.26152213166157406,0.23221337795257568,0.31571874022483826,3.648497144381205,3.3512799739837646,3.9294800758361816,2.622603118419647,2.4178521633148193,2.827354073524475,0.8841277078130213,0.8043638856777989,0.9596400766387169,3.983074903488159,3.8138208389282227
Cars|GTSRB|RESISC45|SVHN,4,0.33406519144773483,0.10879246890544891,0.4830778241157532,2.2921457091967263,0.8386296033859253,4.721305847167969,3.1395601828893027,2.4775545597076416,4.0697221755981445,0.7319341645073171,0.5508622667628635,0.9640414547648831,-0.006453778264888872,-0.03945091366767883,0.017108695581555367,-31.881759323140916,-193.78399658203125,23.304271697998047,417.85575636227924,4.620469570159912,674.2596435546875,0.1565835782318997,0.12912840384524316,0.21402897433843462,0.09653878992112974,0.06517255367711186,0.18455372154712676,0.2155755694086353,0.17795667320489883,0.32272966936230657,0.315322028969725,0.2888169038295746,0.36570368506014345,0.2884056106209755,0.2377028200030327,0.41931044042110444,0.9756453011433283,0.9475286674499511,0.9957396388053894,0.04433970215419928,0.027750547975301743,0.08916044235229492,0.2866041213274002,0.2051803022623062,0.5525619983673096,3.559014916419983,3.3512799739837646,3.7946197986602783,2.5687227845191956,2.4178521633148193,2.7195934057235718,0.9074368619610861,0.8381933031550787,0.9642271793020888,3.984527111053467,3.806380271911621
Cars|GTSRB|SUN397|SVHN,4,0.3588847393790881,0.10879246890544891,0.5647979974746704,2.1997637947400412,0.8386296033859253,4.174237251281738,2.993922710418701,2.0418617725372314,4.0697221755981445,0.7602931219767005,0.5508622667628635,0.9640414547648831,0.004008353532602389,-0.015429490245878696,0.017108695581555367,645.1363013610631,-0.19295275211334229,3818.341796875,508.10770440101624,4.620469570159912,792.3446044921875,0.16432016655647505,0.12912840384524316,0.2557000710116699,0.101627281770731,0.06517255367711186,0.18455372154712676,0.21856475388010344,0.17502254866063593,0.32272966936230657,0.32247690385828415,0.2888169038295746,0.4024586429446936,0.2949676812440157,0.2377028200030327,0.41931044042110444,0.9630333040157953,0.9203775632381439,0.9928080403804779,0.042098699137568474,0.02689892053604126,0.08916044235229492,0.28832894066969555,0.2051803022623062,0.5525619983673096,3.6955713828404746,3.380375623703003,3.9294800758361816,2.6614580750465393,2.4955620765686035,2.827354073524475,0.8935042928441145,0.8043638856777989,0.9642271793020888,3.980731725692749,3.8101112842559814
Cars|MNIST|RESISC45|SUN397,4,0.466129610935847,0.25093308091163635,0.6963694095611572,2.3894975185394287,1.0557562112808228,4.067575454711914,2.30171138048172,1.9207206964492798,2.5162994861602783,0.8640949044721341,0.7533787591236146,0.9560848300960262,0.0056061351400179165,-0.014638679102063179,0.03717033192515373,1663.1560575962067,-193.78399658203125,6389.33447265625,587.9376271565756,322.0522155761719,792.3446044921875,0.1839726215523357,0.1247148741222918,0.2557000710116699,0.0994896754125754,0.06801592504605651,0.14997754529118537,0.21161786766101917,0.1720629321038723,0.2690149384737015,0.33748300274213155,0.28223778448998926,0.4024586429446936,0.2930499688287576,0.24055260643363,0.3775308632850647,0.9646588416894276,0.9140474808216095,0.9957396388053894,0.036544679353634514,0.03125239536166191,0.04351009055972099,0.2559317350387573,0.21864666044712067,0.31571874022483826,3.6850165128707886,3.4272525310516357,3.9294800758361816,2.648468852043152,2.4695836305618286,2.827354073524475,0.9031880970021176,0.8402189833430843,0.9641617034921464,3.988016366958618,3.816519260406494
Cars|MNIST|RESISC45|SVHN,4,0.39176905651887256,0.25093308091163635,0.4830778241157532,2.6832507252693176,1.0557562112808228,4.721305847167969,3.001793066660563,2.4982359409332275,3.7013933658599854,0.7147276052438,0.5261748536013929,0.9208370257550247,-0.018197348554773878,-0.1030338779091835,0.008518097922205925,-32.127582589785256,-193.78399658203125,23.304271697998047,418.2215807437897,6.771592617034912,674.2596435546875,0.1457494308698612,0.1247148741222918,0.21402897433843462,0.10443810900673271,0.06517255367711186,0.24622574262320995,0.23020845928539832,0.1720629321038723,0.44449236303567885,0.30430997305860125,0.28223778448998926,0.36570368506014345,0.2934051910787821,0.2377028200030327,0.480085501074791,0.9669754387935002,0.9425064945220947,0.996410745382309,0.05487210489809513,0.027750547975301743,0.15894895792007446,0.36267731090386707,0.2051803022623062,1.0289767980575562,3.572492798169454,3.3135247230529785,3.7946197986602783,2.5945885181427,2.4695836305618286,2.7195934057235718,0.9269796078344315,0.8755563713909044,0.9642271793020888,3.9823365211486816,3.801849842071533
Cars|MNIST|SUN397|SVHN,4,0.406270166238149,0.25093308091163635,0.5647979974746704,2.5361985762914023,1.0557562112808228,4.174237251281738,2.875838875770569,2.0418617725372314,3.7013933658599854,0.7420932984199312,0.5261748536013929,0.9560848300960262,-0.014161425099397698,-0.1030338779091835,0.012081542983651161,639.0332723061243,-35.18762969970703,3818.341796875,508.48229749997455,6.771592617034912,792.3446044921875,0.15367341539434468,0.1281368724349886,0.2557000710116699,0.10915762632153929,0.06517255367711186,0.24622574262320995,0.23412040885537863,0.17502254866063593,0.44449236303567885,0.3118958018968503,0.2876971074938774,0.4024586429446936,0.29898748894532523,0.2377028200030327,0.480085501074791,0.9522798319657643,0.9140474808216095,0.996410745382309,0.05270928765336672,0.02689892053604126,0.15894895792007446,0.36425696810086566,0.2051803022623062,1.0289767980575562,3.7082868417104087,3.3135247230529785,3.9294800758361816,2.687323808670044,2.547293543815613,2.827354073524475,0.9121655267894297,0.8402189833430843,0.9642271793020888,3.9796671867370605,3.805619478225708
Cars|RESISC45|SUN397|SVHN,4,0.50051782031854,0.30404189229011536,0.6963694095611572,3.439717491467794,2.4311347007751465,4.721305847167969,2.8017266392707825,1.9207206964492798,3.7013933658599854,0.7495733634834562,0.5714093144440677,0.9560848300960262,0.009170551803739121,-0.013691926375031471,0.03717033192515373,1674.3878370920818,-193.78399658203125,6389.33447265625,587.9230143229166,322.11346435546875,792.3446044921875,0.1870567706444611,0.12912840384524316,0.2557000710116699,0.0979222231451422,0.06517255367711186,0.14997754529118537,0.21185221108297506,0.17502254866063593,0.2690149384737015,0.34247942874828974,0.2888169038295746,0.4024586429446936,0.290249504322807,0.2377028200030327,0.3775308632850647,0.9672617614269257,0.9203775632381439,0.9957396388053894,0.033845183749993644,0.02689892053604126,0.04351009055972099,0.24787757049004236,0.2051803022623062,0.31571874022483826,3.7726098696390786,3.6066102981567383,3.9294800758361816,2.709853947162628,2.5923538208007812,2.827354073524475,0.9284202439898114,0.8714502767532172,0.9642271793020888,3.9916093349456787,3.8244788646698
DTD|EuroSAT|GTSRB|MNIST,4,0.3645744522412618,0.18573522567749023,0.5092779994010925,2.682050416866938,0.7533479332923889,4.860283374786377,3.4816396633783975,2.1316332817077637,4.807098388671875,0.6599098188170925,0.36444051218186063,0.9551840547973164,0.006585078779608011,-0.0068441638723015785,0.03707445040345192,4.609075669102215,-0.0007220288971439004,27.092092514038086,325.64475928619504,0.023427657783031464,648.2864990234375,0.14614247266668826,0.1200994289945811,0.17783991725184023,0.09801741956112285,0.06994802160188555,0.15515765726566313,0.2086426767582695,0.16596948496997357,0.2901959399878979,0.30570959351956845,0.2782855594903231,0.3389296133816242,0.29444006219506264,0.24883417591452597,0.38557306945323944,0.9777843368053437,0.9490800726413727,0.9908609926700592,0.04876912944018841,0.03848227858543396,0.07869261503219604,0.27064232031504315,0.22091415524482727,0.4428389370441437,3.254837155342102,3.14892578125,3.3761603832244873,2.3569608330726624,2.28089439868927,2.4330272674560547,0.9513928022227692,0.9177553804863892,0.9930339502158289,3.9910759925842285,3.7853496074676514
DTD|EuroSAT|GTSRB|RESISC45,4,0.4979431430498759,0.3473110795021057,0.7395517230033875,4.165631095568339,1.3998143672943115,9.887564659118652,3.2928310434023538,1.921756386756897,4.807098388671875,0.6142073940349516,0.36444051218186063,0.9050227749437091,-0.005997359752655029,-0.03945091366767883,0.03707445040345192,-1169.2921825647354,-7016.0185546875,0.5630835294723511,445.7000105666618,0.023427657783031464,733.56201171875,0.1764625936304219,0.1513640237180516,0.230687906621024,0.11469869752724965,0.07849837850779295,0.19193964421749116,0.22782419128964346,0.18987153515219687,0.30182128623127935,0.3359524304668109,0.31191114723682406,0.3828497867286205,0.31885573705037434,0.2642727071046829,0.42701003909111024,0.9841589532295862,0.9706153762340546,0.9975438833236694,0.04938428786893686,0.04230622202157974,0.07195529341697693,0.27914613236983615,0.23565340042114258,0.4054414927959442,3.2856507301330566,3.14892578125,3.4229538440704346,2.3794909715652466,2.28089439868927,2.478087544441223,0.9364696023373439,0.8910718418504433,0.9709252168897073,3.9886412620544434,3.7909796237945557
DTD|EuroSAT|GTSRB|SUN397,4,0.47830455998579663,0.3473110795021057,0.6929855346679688,3.5337576071421304,1.3998143672943115,6.673719882965088,3.2947728037834167,1.6424504518508911,4.807098388671875,0.6441520944574475,0.36444051218186063,0.9217054104844091,0.001236210732410352,-0.015429490245878696,0.03707445040345192,-820.5288063287735,-4923.54296875,0.5630835294723511,534.8248986688753,0.023427657783031464,844.759765625,0.17758973186059546,0.15251652357634157,0.2517738260142505,0.09983044396465024,0.07892146952450275,0.13363310649991036,0.21458368476480247,0.18987153515219687,0.2525999009609222,0.33700234348575275,0.31295126862823963,0.40093803748488427,0.299079971909523,0.2639716973900795,0.3504413586854935,0.9721135149399439,0.9439950239658356,0.9908609926700592,0.04145787594219049,0.03467102348804474,0.04938589036464691,0.25039518624544144,0.23221337795257568,0.3053748309612274,3.4376108646392822,3.14892578125,3.7001407146453857,2.4722262620925903,2.28089439868927,2.6635581254959106,0.8768007931426354,0.7765248031875678,0.9653899398196222,3.977134943008423,3.7874603271484375
DTD|EuroSAT|GTSRB|SVHN,4,0.3723237986365954,0.10879246890544891,0.5092779994010925,3.8710808555285134,0.8386296033859253,9.686758995056152,3.9291732708613076,2.21917462348938,4.807098388671875,0.5754277262370798,0.36444051218186063,0.9050227749437091,0.010101596591994166,4.548952082728313e-19,0.03707445040345192,3.3026742861062908,4.779682417272856e-28,19.251110076904297,325.68511933957535,0.023427657783031464,648.2864990234375,0.1564509824795338,0.1461059981631115,0.17783991725184023,0.10618207746185361,0.07380904737859964,0.18455372154712676,0.2171956328799327,0.18122473910450934,0.32272966936230657,0.3169270753115416,0.30627217233181,0.3389296133816242,0.30488047416011493,0.25588696360588076,0.41931044042110444,0.9791914900143941,0.9543756783008576,0.992200984954834,0.05143114489813646,0.033533141016960144,0.08916044235229492,0.3015494967500369,0.21860364079475403,0.5525619983673096,3.3381006320317588,3.14892578125,3.558150053024292,2.4183459281921387,2.28089439868927,2.5557974576950073,0.9094511158904782,0.8392040795570413,0.9653899398196222,3.9810426235198975,3.786545515060425
DTD|EuroSAT|MNIST|RESISC45,4,0.5236057589451472,0.38253578543663025,0.7395517230033875,4.2832017938296,1.4042130708694458,9.887564659118652,3.2250231305758157,1.921756386756897,4.694297790527344,0.6123854195857183,0.36444051218186063,0.9474852206737777,-0.004071726929396391,-0.03360769525170326,0.009280186146497726,-1164.8459214369457,-7016.0185546875,27.092092514038086,446.44846773147583,4.5031232833862305,733.56201171875,0.16277635775816937,0.1200994289945811,0.230687906621024,0.10792983835873504,0.06980668123811483,0.19193964421749116,0.21732283857961496,0.16596948496997357,0.30182128623127935,0.32090093843638895,0.2782855594903231,0.3828497867286205,0.3070200082908074,0.2467322526872158,0.42701003909111024,0.973831832210223,0.9490800726413727,0.9975438833236694,0.04664376564323902,0.0384184792637825,0.07195529341697693,0.2690405895312627,0.22091415524482727,0.4054414927959442,3.325629989306132,3.235456705093384,3.4272525310516357,2.405356705188751,2.3326258659362793,2.478087544441223,0.9435235750598205,0.8910718418504433,0.9930339502158289,3.9901907444000244,3.7924656867980957
DTD|EuroSAT|MNIST|SUN397,4,0.4936487376689911,0.38253578543663025,0.6929855346679688,3.5966580708821616,1.4042130708694458,6.673719882965088,3.2466481725374856,1.6424504518508911,4.694297790527344,0.641336855714962,0.36444051218186063,0.9474852206737777,-0.0032643647864460945,-0.014638679102063179,0.009280186146497726,-821.9397509892782,-4923.54296875,27.092092514038086,535.5821245511373,4.5031232833862305,844.759765625,0.16409089218825101,0.1200994289945811,0.2517738260142505,0.09269261026134094,0.06801592504605651,0.13363310649991036,0.20500509715328616,0.16596948496997357,0.2525999009609222,0.3223818054050207,0.2782855594903231,0.40093803748488427,0.286264470393459,0.24055260643363,0.3504413586854935,0.9597027842203776,0.9140474808216095,0.9902831947803498,0.03879553948839506,0.03125239536166191,0.043344855308532715,0.24014448126157126,0.21864666044712067,0.3053748309612274,3.476827700932821,3.235456705093384,3.7135424613952637,2.498091995716095,2.3326258659362793,2.6635581254959106,0.8829732539370818,0.7765248031875678,0.9930339502158289,3.980156660079956,3.7894625663757324
DTD|EuroSAT|MNIST|SVHN,4,0.43629614512125653,0.38253578543663025,0.5092779994010925,4.309825956821442,1.4042130708694458,9.686758995056152,3.785975933074951,2.1316332817077637,4.694297790527344,0.5753824351625637,0.36444051218186063,0.9474852206737777,-0.014554543032621345,-0.1030338779091835,0.009280186146497726,7.3665733734766645,-2.1437623500823975,27.092092514038086,326.786990404129,4.5031232833862305,648.2864990234375,0.14360365972931807,0.1200994289945811,0.17783991725184023,0.11114050468429922,0.06994802160188555,0.24622574262320995,0.23070076501617828,0.16596948496997357,0.44449236303567885,0.3039201525350412,0.2782855594903231,0.3389296133816242,0.3060973312457403,0.24883417591452597,0.480085501074791,0.9754797357320785,0.9490800726413727,0.996410745382309,0.06096999906003475,0.033533141016960144,0.15894895792007446,0.3729623779654503,0.21860364079475403,1.0289767980575562,3.3542759815851846,3.235456705093384,3.558150053024292,2.4442116618156433,2.3326258659362793,2.5557974576950073,0.9161059333691739,0.8392040795570413,0.9930339502158289,3.977836847305298,3.781697988510132
DTD|EuroSAT|RESISC45|SUN397,4,0.6499832073847452,0.5092779994010925,0.7395517230033875,5.280656139055888,2.8893883228302,9.887564659118652,2.9687670270601907,1.6424504518508911,4.465884208679199,0.619265159843287,0.36444051218186063,0.8557249025139897,-0.0017775098482767742,-0.03360769525170326,0.03717033192515373,-925.037841796875,-7016.0185546875,6389.33447265625,615.9052785237631,322.0206604003906,844.759765625,0.21345774108466384,0.17715138992294668,0.2517738260142505,0.13581070472796758,0.09994034685194492,0.19193964421749116,0.2557831189657251,0.22499136827886104,0.30182128623127935,0.36938373266408836,0.3389296133816242,0.40093803748488427,0.35372658178210264,0.30511929482221606,0.42701003909111024,0.9775738590955734,0.9439950239658356,0.9975438833236694,0.04751804595192274,0.03595525771379471,0.07195529341697693,0.29747910300890607,0.23247995972633362,0.4054414927959442,3.492177724838257,3.244525194168091,3.7468745708465576,2.520622134208679,2.341129779815674,2.7001144886016846,0.8789734280220896,0.7765248031875678,0.9709252168897073,3.9790992736816406,3.794808864593506
DTD|EuroSAT|RESISC45|SVHN,4,0.5524346232414246,0.39828598499298096,0.7395517230033875,5.873319387435913,2.7785983085632324,9.887564659118652,3.568682531515757,1.921756386756897,4.561436653137207,0.5861305119091242,0.36444051218186063,0.7310113415957439,-0.006812198009962837,-0.03360769525170326,0.006426433566957712,-1169.52352587382,-7016.0185546875,19.251110076904297,446.4795111020406,4.620810508728027,733.56201171875,0.17217649570743865,0.13575552843045444,0.230687906621024,0.11127415289791921,0.07028068535029888,0.19193964421749116,0.22143579665571453,0.17795667320489883,0.30182128623127935,0.3317789911851287,0.29815638773143294,0.3828497867286205,0.311840327779452,0.24674906879663466,0.42701003909111024,0.9757595483462015,0.9543756783008576,0.9975438833236694,0.0468461358298858,0.033533141016960144,0.07195529341697693,0.28081341584523517,0.21860364079475403,0.4054414927959442,3.4129182497660318,3.244525194168091,3.6066102981567383,2.4667418003082275,2.341129779815674,2.5923538208007812,0.9125262603505636,0.8392040795570413,0.9709252168897073,3.9845504760742188,3.7965469360351562
DTD|EuroSAT|SUN397|SVHN,4,0.5315028925736746,0.39828598499298096,0.6929855346679688,5.177164355913798,2.7785983085632324,9.686758995056152,3.6012314359347024,1.6424504518508911,4.561436653137207,0.5771179184728298,0.36444051218186063,0.8341643882772305,0.0006933864982177815,-0.014227695763111115,0.01196158118546009,-812.4646116892496,-4923.54296875,29.504188537597656,535.5836726824442,4.620810508728027,844.759765625,0.17332916577889892,0.13820634059142323,0.2517738260142505,0.09583037664803366,0.06725064024329186,0.13363310649991036,0.20809074194480973,0.17502254866063593,0.2525999009609222,0.33290008634328844,0.301457079872489,0.40093803748488427,0.29076418635745843,0.23864580139517785,0.3504413586854935,0.961974636912346,0.9203775632381439,0.992200984954834,0.03898733792205652,0.02689892053604126,0.05111716687679291,0.25086477398872375,0.20724841952323914,0.30582839250564575,3.5622725089391074,3.244525194168091,3.8818395137786865,2.5594770908355713,2.341129779815674,2.7778244018554688,0.8698862805251638,0.7765248031875678,0.9253110442425904,3.9776973724365234,3.7952499389648438
DTD|GTSRB|MNIST|RESISC45,4,0.398888756831487,0.18573522567749023,0.6783864498138428,1.8284333844979603,0.7533479332923889,3.3054051399230957,2.3412152330080667,1.921756386756897,2.7047414779663086,0.8439353869851635,0.7138152398391749,0.9551840547973164,-0.005608498118817806,-0.03945091366767883,0.03707445040345192,-1164.8017985585805,-7016.0185546875,27.092092514038086,446.44855149586994,4.503320693969727,733.56201171875,0.155527628439789,0.1247148741222918,0.230687906621024,0.09751586809443931,0.06980668123811483,0.15515765726566313,0.21365971227486927,0.1720629321038723,0.2901959399878979,0.3135149730121096,0.28223778448998926,0.3828497867286205,0.2933093303938707,0.2467322526872158,0.38557306945323944,0.976174597342809,0.9490800726413727,0.9975438833236694,0.047913871705532074,0.0384184792637825,0.07869261503219604,0.28029996405045193,0.22779788076877594,0.4428389370441437,3.350266933441162,3.2251665592193604,3.4272525310516357,2.425439715385437,2.372791886329651,2.478087544441223,0.9598537650411215,0.9230175342586802,0.9930339502158289,3.9909751415252686,3.8009016513824463
DTD|GTSRB|MNIST|SUN397,4,0.3989345033963521,0.18573522567749023,0.6929855346679688,1.6506339013576508,0.7533479332923889,2.8893883228302,2.2162903348604837,1.6424504518508911,2.571749687194824,0.907326693415261,0.8341643882772305,0.9551840547973164,-0.0007975654055674871,-0.015429490245878696,0.03707445040345192,-821.8781828645346,-4923.54296875,27.092092514038086,535.5821269353231,4.503320693969727,844.759765625,0.15999521824298427,0.1281368724349886,0.2517738260142505,0.09768237139408786,0.06801592504605651,0.15515765726566313,0.21376248460263014,0.17529268726706504,0.2901959399878979,0.3179185018564264,0.2876971074938774,0.40093803748488427,0.2928187482555707,0.24055260643363,0.38557306945323944,0.9624969486395519,0.9140474808216095,0.9902831947803498,0.044793118412295975,0.03125239536166191,0.07869261503219604,0.27777864784002304,0.21864666044712067,0.4428389370441437,3.4926571448644004,3.2251665592193604,3.7135424613952637,2.5181750059127808,2.372791886329651,2.6635581254959106,0.8986190089320486,0.8043638856777989,0.9930339502158289,3.980727434158325,3.80010986328125
DTD|GTSRB|MNIST|SVHN,4,0.3104845310250918,0.10879246890544891,0.42331022024154663,1.7152436673641205,0.7533479332923889,3.116858720779419,2.975813905398051,2.1316332817077637,4.0697221755981445,0.7305453446760947,0.49854289727750856,0.9551840547973164,-0.006664712680503726,-0.1030338779091835,0.03707445040345192,7.460608975282715,-2.1437623500823975,27.092092514038086,326.78686475753784,4.503320693969727,648.285888671875,0.14586375087033956,0.12954391851089894,0.16075084358919411,0.13501870647383232,0.06994802160188555,0.24622574262320995,0.2685161298016707,0.17781210832297803,0.44449236303567885,0.305972938798368,0.2881211578845978,0.31983410105109217,0.3428716220209996,0.24883417591452597,0.480085501074791,0.9752678076426188,0.9490800726413727,0.996410745382309,0.07352216293414433,0.033533141016960144,0.15894895792007446,0.45176324248313904,0.21860364079475403,1.0289767980575562,3.3586942752202353,3.2251665592193604,3.558150053024292,2.464294672012329,2.372791886329651,2.5557974576950073,0.9321262060309975,0.8692902680484137,0.9930339502158289,3.9756674766540527,3.7858850955963135
DTD|GTSRB|RESISC45|SUN397,4,0.5255916863679886,0.34888410568237305,0.6963694095611572,2.5429068406422934,1.3998143672943115,4.067575454711914,2.1365689237912497,1.6424504518508911,2.7047414779663086,0.8365264980986501,0.7138152398391749,0.9217054104844091,-0.004745168766627709,-0.03945091366767883,0.03717033192515373,-925.0257573723793,-7016.0185546875,6389.33447265625,615.9054005940756,322.0215759277344,844.759765625,0.19826729940017684,0.1513640237180516,0.2517738260142505,0.10878582829609514,0.07849837850779295,0.14997754529118537,0.2259224074582259,0.19203231208026408,0.2690149384737015,0.35380977153778076,0.31191114723682406,0.40093803748488427,0.3117767339448134,0.2639716973900795,0.3775308632850647,0.9827787929773332,0.9556169211864471,0.9975438833236694,0.04223597111801306,0.03467102348804474,0.0472680926322937,0.27170658359924954,0.23221337795257568,0.31571874022483826,3.5270303090413413,3.29878830909729,3.7468745708465576,2.540705144405365,2.3812958002090454,2.7001144886016846,0.8944212772106396,0.8043638856777989,0.9709252168897073,3.9828848838806152,3.8083252906799316
DTD|GTSRB|RESISC45|SVHN,4,0.3969457224011421,0.10879246890544891,0.6783864498138428,2.487011969089508,0.8386296033859253,4.721305847167969,2.9566802382469177,1.921756386756897,4.0697221755981445,0.6925649219777196,0.49854289727750856,0.9050227749437091,-0.004356825957074761,-0.03945091366767883,0.03707445040345192,-1169.4789739722619,-7016.0185546875,19.251110076904297,446.4795051415761,4.620469570159912,733.56201171875,0.16334181910923992,0.13575552843045444,0.230687906621024,0.10313771712283293,0.07028068535029888,0.18455372154712676,0.22063306248436373,0.17795667320489883,0.32272966936230657,0.3227211198707422,0.29815638773143294,0.3828497867286205,0.30011049285531044,0.24674906879663466,0.41931044042110444,0.9779583897193272,0.9543756783008576,0.9975438833236694,0.04811864594618479,0.033533141016960144,0.08916044235229492,0.29620759437481564,0.21860364079475403,0.5525619983673096,3.436359683672587,3.29878830909729,3.6066102981567383,2.4868248105049133,2.3812958002090454,2.5923538208007812,0.9283486272059704,0.8692902680484137,0.9709252168897073,3.9859845638275146,3.8032588958740234
DTD|GTSRB|SUN397|SVHN,4,0.4060167595744133,0.10879246890544891,0.6929855346679688,2.2996011773745217,0.8386296033859253,4.174237251281738,2.84267920255661,1.6424504518508911,4.0697221755981445,0.7179921988422789,0.49854289727750856,0.9217054104844091,0.00715232912140588,-0.015429490245878696,0.03707445040345192,-812.402614541313,-4923.54296875,29.504188537597656,535.5835853417715,4.620469570159912,844.759765625,0.16764754455381384,0.13820634059142323,0.2517738260142505,0.10309767226999005,0.06725064024329186,0.18455372154712676,0.2197085215275486,0.17502254866063593,0.32272966936230657,0.32676487690458694,0.301457079872489,0.40093803748488427,0.29929930719236536,0.23864580139517785,0.41931044042110444,0.9646248775720596,0.9203775632381439,0.9902831947803498,0.04498732089996338,0.02689892053604126,0.08916044235229492,0.2926337445775668,0.20724841952323914,0.5525619983673096,3.576906442642212,3.29878830909729,3.8818395137786865,2.579560101032257,2.3812958002090454,2.7778244018554688,0.8850242123942365,0.8043638856777989,0.950657700719221,3.9783265590667725,3.8042685985565186
DTD|MNIST|RESISC45|SUN397,4,0.5465410848458608,0.38253578543663025,0.6963694095611572,2.6060306231180825,1.4042130708694458,4.067575454711914,2.0728268027305603,1.6424504518508911,2.4982359409332275,0.8308278036238184,0.7138152398391749,0.9474852206737777,-0.0026877340860664845,-0.03360769525170326,0.03717033192515373,-926.4119424025217,-7016.0185546875,6389.33447265625,615.9211171468099,322.0522155761719,844.759765625,0.18572978389216588,0.1247148741222918,0.2517738260142505,0.10377461686730384,0.06801592504605651,0.14997754529118537,0.21661479230970146,0.1720629321038723,0.2690149384737015,0.34002129118889574,0.28223778448998926,0.40093803748488427,0.3018325754255056,0.24055260643363,0.3775308632850647,0.9656343378623328,0.9140474808216095,0.9975438833236694,0.04037936528523763,0.03125239536166191,0.0472680926322937,0.2653291200598081,0.21864666044712067,0.31571874022483826,3.564487417538961,3.3761603832244873,3.7468745708465576,2.5665708780288696,2.4330272674560547,2.7001144886016846,0.9143171966098662,0.8402189833430843,0.9930339502158289,3.9868686199188232,3.8103792667388916
DTD|MNIST|RESISC45|SVHN,4,0.46652328968048096,0.38253578543663025,0.6783864498138428,2.9259803891181946,1.4042130708694458,4.721305847167969,2.797865410645803,1.921756386756897,3.451723575592041,0.6896361751708571,0.49854289727750856,0.9474852206737777,-0.0224549553822726,-0.1030338779091835,0.009280186146497726,-1165.3903152545292,-7016.0185546875,27.092092514038086,446.8398668766022,6.771592617034912,733.56201171875,0.15145582052335763,0.1247148741222918,0.230687906621024,0.11022276661979656,0.06980668123811483,0.24622574262320995,0.23440916708360116,0.1720629321038723,0.44449236303567885,0.3105462548260887,0.28223778448998926,0.3828497867286205,0.30419869293769203,0.2467322526872158,0.480085501074791,0.9695129110415777,0.9490800726413727,0.9975438833236694,0.05846323072910309,0.033533141016960144,0.15894895792007446,0.3714937170346578,0.21860364079475403,1.0289767980575562,3.4507753054300943,3.3135247230529785,3.6066102981567383,2.512690544128418,2.4330272674560547,2.5923538208007812,0.9487269032894462,0.9080395058191942,0.9930339502158289,3.9832143783569336,3.798319101333618
DTD|MNIST|SUN397|SVHN,4,0.4652758886416753,0.38253578543663025,0.6929855346679688,2.6838993628819785,1.4042130708694458,4.174237251281738,2.7035476565361023,1.6424504518508911,3.451723575592041,0.7140701877421644,0.49854289727750856,0.9474852206737777,-0.017372008645907044,-0.1030338779091835,0.01196158118546009,-814.1711616118749,-4923.54296875,29.504188537597656,535.9527157942454,6.771592617034912,844.759765625,0.15594894216783967,0.1281368724349886,0.2517738260142505,0.10981374723215898,0.06725064024329186,0.24622574262320995,0.23440739122529822,0.17502254866063593,0.44449236303567885,0.3150209658096234,0.2876971074938774,0.40093803748488427,0.3024077345182498,0.23864580139517785,0.480085501074791,0.9540957891941071,0.9140474808216095,0.996410745382309,0.05541009145478407,0.02689892053604126,0.15894895792007446,0.36777470509211224,0.20724841952323914,1.0289767980575562,3.590559641520182,3.3135247230529785,3.8818395137786865,2.6054258346557617,2.4330272674560547,2.7778244018554688,0.9045209765496821,0.8402189833430843,0.9930339502158289,3.9762744903564453,3.7993733882904053
DTD|RESISC45|SUN397|SVHN,4,0.5747028589248657,0.39828598499298096,0.6963694095611572,3.6560850540796914,2.7785983085632324,4.721305847167969,2.595341463883718,1.6424504518508911,3.451723575592041,0.6997204939542551,0.49854289727750856,0.8557249025139897,-0.000994828452045719,-0.03360769525170326,0.03717033192515373,-920.3075771331787,-7016.0185546875,6389.33447265625,615.9132588704427,322.11346435546875,844.759765625,0.19247373833941916,0.13575552843045444,0.2517738260142505,0.10436957438165943,0.06725064024329186,0.14997754529118537,0.21812083118905623,0.17502254866063593,0.2690149384737015,0.3485282371938229,0.29815638773143294,0.40093803748488427,0.3026930418858926,0.23864580139517785,0.3775308632850647,0.9682828297217686,0.9203775632381439,0.9975438833236694,0.03811392250160376,0.02689892053604126,0.0472680926322937,0.26104986667633057,0.20724841952323914,0.31571874022483826,3.6527614990870156,3.4229538440704346,3.8818395137786865,2.627955973148346,2.478087544441223,2.7778244018554688,0.911666771695088,0.8461130489652129,0.9709252168897073,3.9877097606658936,3.8171308040618896
EuroSAT|GTSRB|MNIST|RESISC45,4,0.4088941216468811,0.18573522567749023,0.7395517230033875,3.737229357163111,0.7533479332923889,9.887564659118652,3.4857424100240073,2.4982359409332275,4.807098388671875,0.6325280728018324,0.3846397856450984,0.9551840547973164,-0.0077329883351922035,-0.03945091366767883,2.040189075278605e-18,-0.07456878458227341,-0.29762423038482666,8.72943077695872e-27,162.52072058990598,0.023427657783031464,322.0522155761719,0.14778781825987,0.1200994289945811,0.19377210104838014,0.1116459978868564,0.06980668123811483,0.19193964421749116,0.21904338765889406,0.16596948496997357,0.30182128623127935,0.30704106867313385,0.2782855594903231,0.35498172864317895,0.31215464587012925,0.2467322526872158,0.42701003909111024,0.9813376315434774,0.9577009117603302,0.9908609926700592,0.0535703773299853,0.0384184792637825,0.07869261503219604,0.3012000843882561,0.22091415524482727,0.4428389370441437,3.272585471471151,3.14892578125,3.4272525310516357,2.3752390146255493,2.28089439868927,2.4695836305618286,0.937526810252741,0.8910718418504433,0.9653899398196222,3.987823009490967,3.7865865230560303
EuroSAT|GTSRB|MNIST|SUN397,4,0.3804694215456645,0.18573522567749023,0.583328127861023,3.093125214179357,0.7533479332923889,6.673719882965088,3.5048898458480835,2.3221640586853027,4.807098388671875,0.663584507183237,0.3846397856450984,0.9551840547973164,-0.006152055536707242,-0.015429490245878696,2.040189075278605e-18,-5.8968840801195865,-35.18762969970703,8.72943077695872e-27,268.41734229400754,0.023427657783031464,533.88037109375,0.1459709696432886,0.1200994289945811,0.17715138992294668,0.09608483746337393,0.06801592504605651,0.15515765726566313,0.20639222128937643,0.16596948496997357,0.2901959399878979,0.30598616040001314,0.2782855594903231,0.34031935669481755,0.29075941249728204,0.24055260643363,0.38557306945323944,0.9632267361879349,0.9140474808216095,0.9908609926700592,0.04510349097351233,0.03125239536166191,0.07869261503219604,0.26732373982667923,0.21864666044712067,0.4428389370441437,3.4260627826054892,3.14892578125,3.7135424613952637,2.467974305152893,2.28089439868927,2.655054211616516,0.8780029090206045,0.7765248031875678,0.9653899398196222,3.9766476154327393,3.782379388809204
EuroSAT|GTSRB|MNIST|SVHN,4,0.3282526458303134,0.10879246890544891,0.5060277581214905,3.678373167912165,0.7533479332923889,9.686758995056152,4.019197463989258,2.571749687194824,4.807098388671875,0.5917598111772014,0.3846397856450984,0.9551840547973164,-0.015461557699988285,-0.1030338779091835,0.017108695581555367,-0.35710537811974064,-2.1437623500823975,0.0018521102610975504,4.17379072184364,0.023427657783031464,6.771592617034912,0.1438113208580762,0.1200994289945811,0.16075084358919411,0.14210878374365468,0.07651109758764506,0.24622574262320995,0.26576664234201114,0.16596948496997357,0.44449236303567885,0.30360836314658324,0.2782855594903231,0.31983410105109217,0.3522411297013362,0.25728564724326136,0.480085501074791,0.9900165081024169,0.9846444416046143,0.996410745382309,0.07799480607112248,0.040663763880729675,0.15894895792007446,0.46799493829409283,0.22091415524482727,1.0289767980575562,3.2835480372111,3.14892578125,3.397838830947876,2.4140939712524414,2.28089439868927,2.547293543815613,0.9105739392233042,0.8392040795570413,0.9653899398196222,3.9714043140411377,3.772618055343628
EuroSAT|GTSRB|RESISC45|SUN397,4,0.5146869271993637,0.3473110795021057,0.7395517230033875,4.64775303999583,1.7169392108917236,9.887564659118652,3.284153481324514,1.9207206964492798,4.807098388671875,0.6527148444066744,0.40268656466079344,0.9217054104844091,-0.0029516786647339655,-0.03945091366767883,0.03717033192515373,1064.8073159456253,-0.29762423038482666,6389.33447265625,387.44425291692215,0.023427657783031464,613.0060424804688,0.17966449812442686,0.1513640237180516,0.2495213056495413,0.11620665214955807,0.07849837850779295,0.19193964421749116,0.22867843128740786,0.18987153515219687,0.30182128623127935,0.3388720201328397,0.31191114723682406,0.39828387305140495,0.32165979355573654,0.2639716973900795,0.42701003909111024,0.9733745513359705,0.9439950239658356,0.9908609926700592,0.046297296260794006,0.03467102348804474,0.07195529341697693,0.2816048463185628,0.23221337795257568,0.4054414927959442,3.454632798830668,3.14892578125,3.7468745708465576,2.4905044436454773,2.28089439868927,2.7001144886016846,0.8719697135912217,0.7765248031875678,0.9653899398196222,3.977071523666382,3.789210796356201
EuroSAT|GTSRB|RESISC45|SVHN,4,0.4222741598884265,0.10879246890544891,0.7395517230033875,5.112496356169383,0.8386296033859253,9.887564659118652,3.859048843383789,2.7047414779663086,4.807098388671875,0.6137099210188744,0.40268656466079344,0.7887262725333879,-0.006005690743525823,-0.03945091366767883,0.017108695581555367,-3.444913792074658,-20.37371063232422,0.0018521102610975504,162.57006807004413,0.023427657783031464,322.11346435546875,0.15671083642092223,0.13575552843045444,0.19377210104838014,0.11924615217683215,0.07028068535029888,0.19193964421749116,0.22800986216713984,0.17795667320489883,0.32272966936230657,0.3173511342704296,0.29815638773143294,0.35498172864317895,0.32142239590485894,0.24674906879663466,0.42701003909111024,0.9825730609893798,0.9619661748409272,0.992200984954834,0.05634224166472753,0.03412843495607376,0.08916044235229492,0.3327924609184265,0.22914737462997437,0.5525619983673096,3.3554102977116904,3.14892578125,3.6066102981567383,2.4366241097450256,2.28089439868927,2.5923538208007812,0.9049608966903032,0.8392040795570413,0.9653899398196222,3.980104446411133,3.7884905338287354
EuroSAT|GTSRB|SUN397|SVHN,4,0.4028747503956159,0.10879246890544891,0.583328127861023,4.4587809046109514,0.8386296033859253,9.686758995056152,3.8891201416651406,2.410569906234741,4.807098388671875,0.6068023258347409,0.40268656466079344,0.9217054104844091,0.0022734644201894603,-0.015429490245878696,0.017108695581555367,4.885514649290902,-0.19295275211334229,29.504188537597656,268.43719453488785,0.023427657783031464,533.797119140625,0.1547321234457195,0.13820634059142323,0.17715138992294668,0.10347844360085824,0.06725064024329186,0.18455372154712676,0.21433138251304626,0.17502254866063593,0.32272966936230657,0.31593645418683686,0.301457079872489,0.34031935669481755,0.2997065590073665,0.23864580139517785,0.41931044042110444,0.9648063021898269,0.9203775632381439,0.992200984954834,0.04786478355526924,0.02689892053604126,0.08916044235229492,0.2978635827700297,0.20724841952323914,0.5525619983673096,3.5070441563924155,3.14892578125,3.8818395137786865,2.5293594002723694,2.28089439868927,2.7778244018554688,0.8633473367555057,0.7765248031875678,0.9653899398196222,3.9715373516082764,3.7861995697021484
EuroSAT|MNIST|RESISC45|SUN397,4,0.5410929520924886,0.39542585611343384,0.7395517230033875,4.768450836340587,1.7401005029678345,9.887564659118652,3.2162014842033386,1.9207206964492798,4.694297790527344,0.636931279140882,0.3846397856450984,0.8803983113151228,0.0037381333919862905,-0.014638679102063179,0.03717033192515373,1058.9996294180553,-35.18762969970703,6389.33447265625,388.20985078811646,4.5031232833862305,613.0060424804688,0.1655659953621216,0.1200994289945811,0.2495213056495413,0.1093652067054063,0.06801592504605651,0.19193964421749116,0.21819211622079213,0.16596948496997357,0.30182128623127935,0.3236342349772652,0.2782855594903231,0.39828387305140495,0.3090384505937497,0.24055260643363,0.42701003909111024,0.9614907749493917,0.9140474808216095,0.9901955568790436,0.043625880032777786,0.03125239536166191,0.07195529341697693,0.271238570412,0.21864666044712067,0.4054414927959442,3.4936163822809854,3.235456705093384,3.7468745708465576,2.516370177268982,2.3326258659362793,2.7001144886016846,0.8779368276751445,0.7765248031875678,0.9641617034921464,3.9808437824249268,3.791823148727417
EuroSAT|MNIST|RESISC45|SVHN,4,0.497308353583018,0.3983391225337982,0.7395517230033875,5.609038790067037,2.229501247406006,9.887564659118652,3.6960241397221885,2.4982359409332275,4.694297790527344,0.6006963034210512,0.3846397856450984,0.7533787591236146,-0.01947144279256463,-0.1030338779091835,4.548952082728313e-19,-3.7777565717697144,-20.37371063232422,2.101968261321589e-26,163.68031112353006,4.5031232833862305,322.11346435546875,0.14326385058074567,0.1200994289945811,0.19377210104838014,0.12450096765843531,0.06980668123811483,0.24622574262320995,0.240607266848286,0.16596948496997357,0.44449236303567885,0.30372696441908675,0.2782855594903231,0.35498172864317895,0.3228334115445614,0.2467322526872158,0.480085501074791,0.9793882610400518,0.9577009117603302,0.996410745382309,0.06587201605240504,0.03412843495607376,0.15894895792007446,0.4040897712111473,0.22091415524482727,1.0289767980575562,3.3713523944218955,3.235456705093384,3.6066102981567383,2.4624898433685303,2.3326258659362793,2.5923538208007812,0.9114103674584753,0.8392040795570413,0.9641617034921464,3.9775636196136475,3.7843286991119385
EuroSAT|MNIST|SUN397|SVHN,4,0.4675905058781306,0.39542585611343384,0.583328127861023,4.900653103987376,1.7401005029678345,9.686758995056152,3.745778719584147,2.3221640586853027,4.694297790527344,0.5927954439436656,0.3846397856450984,0.8803983113151228,-0.017618495970964432,-0.1030338779091835,0.01196158118546009,-1.3045339186986287,-35.18762969970703,29.504188537597656,269.5562063058217,4.5031232833862305,533.88037109375,0.14147253380545105,0.1200994289945811,0.17715138992294668,0.10836428454766671,0.06725064024329186,0.24622574262320995,0.22785155229270457,0.16596948496997357,0.44449236303567885,0.3027432382851839,0.2782855594903231,0.34031935669481755,0.30013780189057193,0.23864580139517785,0.480085501074791,0.959537892540296,0.9140474808216095,0.996410745382309,0.05747274371484915,0.02689892053604126,0.15894895792007446,0.36901573091745377,0.20724841952323914,1.0289767980575562,3.5222238302230835,3.235456705093384,3.8818395137786865,2.555225133895874,2.3326258659362793,2.7778244018554688,0.8689152955956477,0.7765248031875678,0.9253110442425904,3.969714879989624,3.7821075916290283
EuroSAT|RESISC45|SUN397|SVHN,4,0.5845777988433838,0.4830778241157532,0.7395517230033875,6.535193681716919,4.067575454711914,9.887564659118652,3.496557573477427,1.9207206964492798,4.561436653137207,0.6383762826958045,0.4368929161966821,0.8557249025139897,0.005906664455930392,-0.013691926375031471,0.03717033192515373,1066.4108250935872,-20.37371063232422,6389.33447265625,388.2203863461812,4.620810508728027,613.0060424804688,0.1734187773009762,0.13575552843045444,0.2495213056495413,0.11193846948134402,0.06725064024329186,0.19193964421749116,0.2216912793988983,0.17502254866063593,0.30182128623127935,0.33324509972085553,0.29815638773143294,0.39828387305140495,0.31236550462742646,0.23864580139517785,0.42701003909111024,0.9635909038782119,0.9203775632381439,0.992200984954834,0.04392752734323343,0.02689892053604126,0.07195529341697693,0.2826440632343292,0.20724841952323914,0.4054414927959442,3.5786225398381553,3.2474312782287598,3.8818395137786865,2.5777552723884583,2.3776861429214478,2.7778244018554688,0.8742256270330797,0.7765248031875678,0.9417917166076185,3.979687452316284,3.7982263565063477
GTSRB|MNIST|RESISC45|SUN397,4,0.40543919801712036,0.18573522567749023,0.6963694095611572,2.06429714957873,0.7533479332923889,4.067575454711914,2.4046969612439475,1.9207206964492798,2.7047414779663086,0.8591862851279735,0.7533787591236146,0.9551840547973164,-0.006549294572323561,-0.03945091366767883,0.03717033192515373,1058.9177462494893,-35.18762969970703,6389.33447265625,388.2101074854533,4.503320693969727,613.0060424804688,0.15860977980929117,0.1247148741222918,0.2495213056495413,0.10006294281221927,0.06801592504605651,0.15515765726566313,0.21548965957015753,0.1720629321038723,0.2901959399878979,0.31613226372748615,0.28223778448998926,0.39828387305140495,0.2964388660589854,0.24055260643363,0.38557306945323944,0.963988155523936,0.9140474808216095,0.9867686939239502,0.04480847095449766,0.03125239536166191,0.07869261503219604,0.28176238139470416,0.21864666044712067,0.4428389370441437,3.5177100896835327,3.2251665592193604,3.7468745708465576,2.5364531874656677,2.372791886329651,2.7001144886016846,0.8934231446993454,0.8043638856777989,0.9641617034921464,3.982332229614258,3.8028645515441895
GTSRB|MNIST|RESISC45|SVHN,4,0.330557219684124,0.10879246890544891,0.4830778241157532,2.2563269833723703,0.7533479332923889,4.721305847167969,3.104715426762899,2.4982359409332275,4.0697221755981445,0.7121243812213748,0.5261748536013929,0.9551840547973164,-0.02433583978563547,-0.1030338779091835,0.017108695581555367,-3.827172263273193,-20.37371063232422,0.0018521102610975504,163.68043979008993,4.503320693969727,322.11346435546875,0.1426634001142035,0.1247148741222918,0.16075084358919411,0.13408714442203443,0.06980668123811483,0.24622574262320995,0.2669627875337998,0.1720629321038723,0.44449236303567885,0.30274108298122887,0.28223778448998926,0.31983410105109217,0.3404538399229447,0.2467322526872158,0.480085501074791,0.9788795491059621,0.9577009117603302,0.996410745382309,0.07360919192433357,0.03412843495607376,0.15894895792007446,0.4557802801330884,0.22914737462997437,1.0289767980575562,3.3840349515279136,3.2251665592193604,3.6066102981567383,2.482572853565216,2.372791886329651,2.5923538208007812,0.9272712021495332,0.8692902680484137,0.9641617034921464,3.976572275161743,3.788914680480957
GTSRB|MNIST|SUN397|SVHN,4,0.33084213982025784,0.10879246890544891,0.49911195039749146,2.0566855370998383,0.7533479332923889,4.174237251281738,3.0079200665156045,2.3221640586853027,4.0697221755981445,0.738663392044843,0.5261748536013929,0.9551840547973164,-0.01847932239373525,-0.1030338779091835,0.017108695581555367,-1.3365043638235268,-35.18762969970703,29.504188537597656,269.5562535921733,4.503320693969727,533.88037109375,0.14402513871202247,0.1281368724349886,0.16075084358919411,0.1333541927083085,0.06725064024329186,0.24622574262320995,0.2666275867323081,0.17502254866063593,0.44449236303567885,0.30468001872301104,0.2876971074938774,0.31983410105109217,0.3380231860280037,0.23864580139517785,0.480085501074791,0.9594805798927943,0.9140474808216095,0.996410745382309,0.06993739244838555,0.02689892053604126,0.15894895792007446,0.4470810318986575,0.20724841952323914,1.0289767980575562,3.526098887125651,3.2251665592193604,3.8818395137786865,2.57530814409256,2.372791886329651,2.7778244018554688,0.8840916953003712,0.8043638856777989,0.9573264846711458,3.968158483505249,3.788799524307251
GTSRB|RESISC45|SUN397|SVHN,4,0.4181521460413933,0.10879246890544891,0.6963694095611572,2.8995009859402976,0.8386296033859253,4.721305847167969,2.9568586548169455,1.9207206964492798,4.0697221755981445,0.7355157313520463,0.5508622667628635,0.9217054104844091,-0.0003886202660699685,-0.03945091366767883,0.03717033192515373,1066.3293709482143,-20.37371063232422,6389.33447265625,388.2205533186595,4.620469570159912,613.0060424804688,0.1648766144683274,0.13575552843045444,0.2495213056495413,0.10491374007736642,0.06725064024329186,0.18455372154712676,0.22184921488165854,0.17502254866063593,0.32272966936230657,0.3240712225809694,0.29815638773143294,0.39828387305140495,0.30174676306545734,0.23864580139517785,0.41931044042110444,0.9659443606932957,0.9203775632381439,0.9867686939239502,0.045112522318959236,0.02689892053604126,0.08916044235229492,0.2973026782274246,0.20724841952323914,0.5525619983673096,3.6015207370122275,3.3512799739837646,3.8818395137786865,2.597838282585144,2.4178521633148193,2.7778244018554688,0.8892041209313865,0.8043638856777989,0.9417917166076185,3.9815661907196045,3.80767560005188
MNIST|RESISC45|SUN397|SVHN,4,0.4884731223185857,0.39542585611343384,0.6963694095611572,3.34159650405248,1.7401005029678345,4.721305847167969,2.7978997429211936,1.9207206964492798,3.4108800888061523,0.7186253937286246,0.5261748536013929,0.8803983113151228,-0.01372257045780619,-0.1030338779091835,0.03717033192515373,1060.164082010587,-35.18762969970703,6389.33447265625,388.59805576006573,6.771592617034912,613.0060424804688,0.15257834899239242,0.1247148741222918,0.2495213056495413,0.1119262032986929,0.06725064024329186,0.24622574262320995,0.23564035712430875,0.1720629321038723,0.44449236303567885,0.31171006441116333,0.28223778448998926,0.39828387305140495,0.30504934894541896,0.23864580139517785,0.480085501074791,0.9559422266483307,0.9140474808216095,0.996410745382309,0.05552621309955915,0.02689892053604126,0.15894895792007446,0.37232806781927746,0.20724841952323914,1.0289767980575562,3.6149406830469766,3.3135247230529785,3.8818395137786865,2.6237040162086487,2.4695836305618286,2.7778244018554688,0.9084955383763086,0.8402189833430843,0.9641617034921464,3.979085922241211,3.803438663482666
