tasks,k,act_cosine,agg_min_act_cosine,agg_max_act_cosine,act_dot,agg_min_act_dot,agg_max_act_dot,act_l2,agg_min_act_l2,agg_max_act_l2,act_magnitude_ratio,agg_min_act_magnitude_ratio,agg_max_act_magnitude_ratio,grad_cosine,agg_min_grad_cosine,agg_max_grad_cosine,grad_dot,agg_min_grad_dot,agg_max_grad_dot,grad_l2,agg_min_grad_l2,agg_max_grad_l2,sub_interact_bot,agg_min_sub_interact_bot,agg_max_sub_interact_bot,sub_interact_top,agg_min_sub_interact_top,agg_max_sub_interact_top,sub_left_top,agg_min_sub_left_top,agg_max_sub_left_top,sub_right_bot,agg_min_sub_right_bot,agg_max_sub_right_bot,sub_right_top,agg_min_sub_right_top,agg_max_sub_right_top,sub_sv_overlap,agg_min_sub_sv_overlap,agg_max_sub_sv_overlap,tv_cosine,agg_min_tv_cosine,agg_max_tv_cosine,tv_dot,agg_min_tv_dot,agg_max_tv_dot,tv_l2,agg_min_tv_l2,agg_max_tv_l2,tv_norm_mean,agg_min_tv_norm_mean,agg_max_tv_norm_mean,tv_norm_ratio,agg_min_tv_norm_ratio,agg_max_tv_norm_ratio,eff_rank_global,eff_rank_layerwise
Cars|DTD,2,0.14726534485816956,0.14726534485816956,0.14726534485816956,1.0481988191604614,1.0481988191604614,1.0481988191604614,3.4841229915618896,3.4841229915618896,3.4841229915618896,0.9997996632340752,0.9997996632340752,0.9997996632340752,0.007035731337964535,0.007035731337964535,0.007035731337964535,17901.826171875,17901.826171875,17901.826171875,2254.71484375,2254.71484375,2254.71484375,0.21378606349229812,0.21378606349229812,0.21378606349229812,0.0940720197558403,0.0940720197558403,0.0940720197558403,0.21947736218571662,0.21947736218571662,0.21947736218571662,0.3676764128357172,0.3676764128357172,0.3676764128357172,0.2832543121278286,0.2832543121278286,0.2832543121278286,0.9960398495197296,0.9960398495197296,0.9960398495197296,0.03845915198326111,0.03845915198326111,0.03845915198326111,0.26001840829849243,0.26001840829849243,0.26001840829849243,3.620723247528076,3.620723247528076,3.620723247528076,2.6053271293640137,2.6053271293640137,2.6053271293640137,0.8816983258232093,0.8816983258232093,0.8816983258232093,1.9949849843978882,1.9409781694412231
Cars|EuroSAT,2,0.2564648687839508,0.2564648687839508,0.2564648687839508,4.123402118682861,4.123402118682861,4.123402118682861,5.932454586029053,5.932454586029053,5.932454586029053,0.4426171648959998,0.4426171648959998,0.4426171648959998,-2.1216847050975478e-37,-2.1216847050975478e-37,-2.1216847050975478e-37,-3.256617631090875e-42,-3.256617631090875e-42,-3.256617631090875e-42,1516.2816162109375,1516.2816162109375,1516.2816162109375,0.1582983256969601,0.1582983256969601,0.1582983256969601,0.06985590515658259,0.06985590515658259,0.06985590515658259,0.1901806677877903,0.1901806677877903,0.1901806677877903,0.31929037734866145,0.31929037734866145,0.31929037734866145,0.24423736676573754,0.24423736676573754,0.24423736676573754,0.9666107904911041,0.9666107904911041,0.9666107904911041,0.03231355920433998,0.03231355920433998,0.03231355920433998,0.20050103962421417,0.20050103962421417,0.20050103962421417,3.5050363540649414,3.5050363540649414,3.5050363540649414,2.5049257278442383,2.5049257278442383,2.5049257278442383,0.8091833824900917,0.8091833824900917,0.8091833824900917,1.9893337488174438,1.9260624647140503
Cars|GTSRB,2,0.11237576603889465,0.11237576603889465,0.11237576603889465,0.7252952456474304,0.7252952456474304,0.7252952456474304,3.3940255641937256,3.3940255641937256,3.3940255641937256,0.906955670586082,0.906955670586082,0.906955670586082,-1.973479868411232e-07,-1.973479868411232e-07,-1.973479868411232e-07,-2.992344219632237e-12,-2.992344219632237e-12,-2.992344219632237e-12,1516.2816162109375,1516.2816162109375,1516.2816162109375,0.14847369547002018,0.14847369547002018,0.14847369547002018,0.07987039588391781,0.07987039588391781,0.07987039588391781,0.19560649812221528,0.19560649812221528,0.19560649812221528,0.3075099489092827,0.3075099489092827,0.3075099489092827,0.26585274159908295,0.26585274159908295,0.26585274159908295,0.9760823047161102,0.9760823047161102,0.9760823047161102,0.038010358810424805,0.038010358810424805,0.038010358810424805,0.24430392682552338,0.24430392682552338,0.24430392682552338,3.544968843460083,3.544968843460083,3.544968843460083,2.54509174823761,2.54509174823761,2.54509174823761,0.8381933031550787,0.8381933031550787,0.8381933031550787,1.9913638830184937,1.9378440380096436
Cars|MNIST,2,0.13187190890312195,0.13187190890312195,0.13187190890312195,1.089328408241272,1.089328408241272,1.089328408241272,3.811340093612671,3.811340093612671,3.811340093612671,0.8614884670222698,0.8614884670222698,0.8614884670222698,2.3458831584092024e-14,2.3458831584092024e-14,2.3458831584092024e-14,3.5570229415488643e-19,3.5570229415488643e-19,3.5570229415488643e-19,1516.2816162109375,1516.2816162109375,1516.2816162109375,0.131733631757088,0.131733631757088,0.131733631757088,0.07428598659113049,0.07428598659113049,0.07428598659113049,0.18391735911369322,0.18391735911369322,0.18391735911369322,0.28851692341268065,0.28851692341268065,0.28851692341268065,0.25261561810970307,0.25261561810970307,0.25261561810970307,0.9425064945220947,0.9425064945220947,0.9425064945220947,0.035304002463817596,0.035304002463817596,0.035304002463817596,0.23702400922775269,0.23702400922775269,0.23702400922775269,3.6167144775390625,3.6167144775390625,3.6167144775390625,2.596823215484619,2.596823215484619,2.596823215484619,0.8755563713909044,0.8755563713909044,0.8755563713909044,1.9952512979507446,1.9395462274551392
Cars|RESISC45,2,0.2521352767944336,0.2521352767944336,0.2521352767944336,2.369419813156128,2.369419813156128,2.369419813156128,3.8454089164733887,3.8454089164733887,3.8454089164733887,0.7572647109563557,0.7572647109563557,0.7572647109563557,-7.179023953085562e-08,-7.179023953085562e-08,-7.179023953085562e-08,-1.088538764335012e-12,-1.088538764335012e-12,-1.088538764335012e-12,1516.2816162109375,1516.2816162109375,1516.2816162109375,0.21402897433843462,0.21402897433843462,0.21402897433843462,0.10085700456053019,0.10085700456053019,0.10085700456053019,0.2231216111034155,0.2231216111034155,0.2231216111034155,0.36570368506014345,0.36570368506014345,0.36570368506014345,0.2965458858013153,0.2965458858013153,0.2965458858013153,0.9957396388053894,0.9957396388053894,0.9957396388053894,0.03468220680952072,0.03468220680952072,0.03468220680952072,0.241504967212677,0.241504967212677,0.241504967212677,3.6762349605560303,3.6762349605560303,3.6762349605560303,2.6418834924697876,2.6418834924697876,2.6418834924697876,0.9081011703946362,0.9081011703946362,0.9081011703946362,1.9969664812088013,1.9449875354766846
Cars|SUN397,2,0.2811255156993866,0.2811255156993866,0.2811255156993866,2.1353158950805664,2.1353158950805664,2.1353158950805664,3.309507369995117,3.309507369995117,3.309507369995117,0.9369020232767807,0.9369020232767807,0.9369020232767807,-0.05241366848349571,-0.05241366848349571,-0.05241366848349571,-4518.89501953125,-4518.89501953125,-4518.89501953125,1520.0712890625,1520.0712890625,1520.0712890625,0.2557000710116699,0.2557000710116699,0.2557000710116699,0.13399490974843503,0.13399490974843503,0.13399490974843503,0.24629767790436743,0.24629767790436743,0.24629767790436743,0.4024586429446936,0.4024586429446936,0.4024586429446936,0.34432258665561677,0.34432258665561677,0.34432258665561677,0.9928080403804779,0.9928080403804779,0.9928080403804779,0.036100901663303375,0.036100901663303375,0.036100901663303375,0.28846561908721924,0.28846561908721924,0.28846561908721924,3.9294800758361816,3.9294800758361816,3.9294800758361816,2.827354073524475,2.827354073524475,2.827354073524475,0.9596400766387169,0.9596400766387169,0.9596400766387169,1.998620867729187,1.9508718252182007
Cars|SVHN,2,0.1851716935634613,0.1851716935634613,0.1851716935634613,1.5534573793411255,1.5534573793411255,1.5534573793411255,3.728182554244995,3.728182554244995,3.728182554244995,0.8482647473654237,0.8482647473654237,0.8482647473654237,-1.9870415144396247e-06,-1.9870415144396247e-06,-1.9870415144396247e-06,-3.012900692822562e-11,-3.012900692822562e-11,-3.012900692822562e-11,1516.2816162109375,1516.2816162109375,1516.2816162109375,0.12912840384524316,0.12912840384524316,0.12912840384524316,0.06517255367711186,0.06517255367711186,0.06517255367711186,0.17969981715083122,0.17969981715083122,0.17969981715083122,0.2888169038295746,0.2888169038295746,0.2888169038295746,0.2377028200030327,0.2377028200030327,0.2377028200030327,0.9475286674499511,0.9475286674499511,0.9475286674499511,0.027750547975301743,0.027750547975301743,0.027750547975301743,0.2051803022623062,0.2051803022623062,0.2051803022623062,3.7946197986602783,3.7946197986602783,3.7946197986602783,2.7195934057235718,2.7195934057235718,2.7195934057235718,0.9642271793020888,0.9642271793020888,0.9642271793020888,1.9992924928665161,1.9447885751724243
DTD|EuroSAT,2,0.2593582272529602,0.2593582272529602,0.2593582272529602,4.1707563400268555,4.1707563400268555,4.1707563400268555,5.924707889556885,5.924707889556885,5.924707889556885,0.44270585515527755,0.44270585515527755,0.44270585515527755,4.35676248192826e-38,4.35676248192826e-38,4.35676248192826e-38,8.561933617024632e-43,8.561933617024632e-43,8.561933617024632e-43,1678.05126953125,1678.05126953125,1678.05126953125,0.17783991725184023,0.17783991725184023,0.17783991725184023,0.10810716398060322,0.10810716398060322,0.10810716398060322,0.2333650331199169,0.2333650331199169,0.2333650331199169,0.3389296133816242,0.3389296133816242,0.3389296133816242,0.3153537392616272,0.3153537392616272,0.3153537392616272,0.9706153762340546,0.9706153762340546,0.9706153762340546,0.04307468608021736,0.04307468608021736,0.04307468608021736,0.23565340042114258,0.23565340042114258,0.23565340042114258,3.244525194168091,3.244525194168091,3.244525194168091,2.341129779815674,2.341129779815674,2.341129779815674,0.9177553804863892,0.9177553804863892,0.9177553804863892,1.9976165294647217,1.9314979314804077
DTD|GTSRB,2,0.21252723038196564,0.21252723038196564,0.21252723038196564,1.3719671964645386,1.3719671964645386,1.3719671964645386,3.198267936706543,3.198267936706543,3.198267936706543,0.9067739740201995,0.9067739740201995,0.9067739740201995,-2.629172612955699e-08,-2.629172612955699e-08,-2.629172612955699e-08,-4.4119159822893217e-13,-4.4119159822893217e-13,-4.4119159822893217e-13,1678.05126953125,1678.05126953125,1678.05126953125,0.15259508956689388,0.15259508956689388,0.15259508956689388,0.0804180484265089,0.0804180484265089,0.0804180484265089,0.19464195899665357,0.19464195899665357,0.19464195899665357,0.3140910381823778,0.3140910381823778,0.3140910381823778,0.26753958165645597,0.26753958165645597,0.26753958165645597,0.9813095808029175,0.9813095808029175,0.9813095808029175,0.042315542697906494,0.042315542697906494,0.042315542697906494,0.23980019986629486,0.23980019986629486,0.23980019986629486,3.29878830909729,3.29878830909729,3.29878830909729,2.3812958002090454,2.3812958002090454,2.3812958002090454,0.950657700719221,0.950657700719221,0.950657700719221,1.9984627962112427,1.9389996528625488
DTD|MNIST,2,0.15730924904346466,0.15730924904346466,0.15730924904346466,1.2997143268585205,1.2997143268585205,1.2997143268585205,3.7561144828796387,3.7561144828796387,3.7561144828796387,0.8616610894182472,0.8616610894182472,0.8616610894182472,-7.736520266381133e-15,-7.736520266381133e-15,-7.736520266381133e-15,-1.298239291886663e-19,-1.298239291886663e-19,-1.298239291886663e-19,1678.05126953125,1678.05126953125,1678.05126953125,0.12954391851089894,0.12954391851089894,0.12954391851089894,0.06994802160188555,0.06994802160188555,0.06994802160188555,0.17781210832297803,0.17781210832297803,0.17781210832297803,0.2881211578845978,0.2881211578845978,0.2881211578845978,0.24883417591452597,0.24883417591452597,0.24883417591452597,0.9490800726413727,0.9490800726413727,0.9490800726413727,0.03848227858543396,0.03848227858543396,0.03848227858543396,0.22779788076877594,0.22779788076877594,0.22779788076877594,3.3761603832244873,3.3761603832244873,3.3761603832244873,2.4330272674560547,2.4330272674560547,2.4330272674560547,0.9930339502158289,0.9930339502158289,0.9930339502158289,1.999374508857727,1.9392340183258057
DTD|RESISC45,2,0.3047761917114258,0.3047761917114258,0.3047761917114258,2.86468243598938,2.86468243598938,2.86468243598938,3.7147674560546875,3.7147674560546875,3.7147674560546875,0.7574164493182705,0.7574164493182705,0.7574164493182705,8.085559244364049e-08,8.085559244364049e-08,8.085559244364049e-08,1.3567992215857139e-12,1.3567992215857139e-12,1.3567992215857139e-12,1678.05126953125,1678.05126953125,1678.05126953125,0.230687906621024,0.230687906621024,0.230687906621024,0.13126642152667045,0.13126642152667045,0.13126642152667045,0.2529061867296696,0.2529061867296696,0.2529061867296696,0.3828497867286205,0.3828497867286205,0.3828497867286205,0.3469041955471039,0.3469041955471039,0.3469041955471039,0.9975438833236694,0.9975438833236694,0.9975438833236694,0.0472680926322937,0.0472680926322937,0.0472680926322937,0.2902061939239502,0.2902061939239502,0.2902061939239502,3.4229538440704346,3.4229538440704346,3.4229538440704346,2.478087544441223,2.478087544441223,2.478087544441223,0.9709252168897073,0.9709252168897073,0.9709252168897073,1.9988212585449219,1.9426974058151245
DTD|SUN397,2,0.3934486508369446,0.3934486508369446,0.3934486508369446,2.9890756607055664,2.9890756607055664,2.9890756607055664,3.0410804748535156,3.0410804748535156,3.0410804748535156,0.937089756808041,0.937089756808041,0.937089756808041,-0.0318392813205719,-0.0318392813205719,-0.0318392813205719,-3037.908203125,-3037.908203125,-3037.908203125,1680.7142333984375,1680.7142333984375,1680.7142333984375,0.2517738260142505,0.2517738260142505,0.2517738260142505,0.13363310649991036,0.13363310649991036,0.13363310649991036,0.2525999009609222,0.2525999009609222,0.2525999009609222,0.40093803748488427,0.40093803748488427,0.40093803748488427,0.3504413586854935,0.3504413586854935,0.3504413586854935,0.9902831947803498,0.9902831947803498,0.9902831947803498,0.043344855308532715,0.043344855308532715,0.043344855308532715,0.3053748309612274,0.3053748309612274,0.3053748309612274,3.7001407146453857,3.7001407146453857,3.7001407146453857,2.6635581254959106,2.6635581254959106,2.6635581254959106,0.8461130489652129,0.8461130489652129,0.8461130489652129,1.991012454032898,1.9431674480438232
DTD|SVHN,2,0.18029317259788513,0.18029317259788513,0.18029317259788513,1.512832760810852,1.512832760810852,1.512832760810852,3.7394447326660156,3.7394447326660156,3.7394447326660156,0.8484347200333334,0.8484347200333334,0.8484347200333334,-2.5077147256524768e-06,-2.5077147256524768e-06,-2.5077147256524768e-06,-4.208067921895875e-11,-4.208067921895875e-11,-4.208067921895875e-11,1678.05126953125,1678.05126953125,1678.05126953125,0.1488975227298215,0.1488975227298215,0.1488975227298215,0.07380904737859964,0.07380904737859964,0.07380904737859964,0.18122473910450934,0.18122473910450934,0.18122473910450934,0.30948425829410553,0.30948425829410553,0.30948425829410553,0.25588696360588076,0.25588696360588076,0.25588696360588076,0.9543756783008576,0.9543756783008576,0.9543756783008576,0.033533141016960144,0.033533141016960144,0.033533141016960144,0.21860364079475403,0.21860364079475403,0.21860364079475403,3.558150053024292,3.558150053024292,3.558150053024292,2.5557974576950073,2.5557974576950073,2.5557974576950073,0.9144093267121818,0.9144093267121818,0.9144093267121818,1.997491478919983,1.941576361656189
EuroSAT|GTSRB,2,0.2401963770389557,0.2401963770389557,0.2401963770389557,3.5025172233581543,3.5025172233581543,3.5025172233581543,5.930693626403809,5.930693626403809,5.930693626403809,0.40143414760116186,0.40143414760116186,0.40143414760116186,7.070811921136594e-41,7.070811921136594e-41,7.070811921136594e-41,0.0,0.0,0.0,4.1808268950787805e-14,4.1808268950787805e-14,4.1808268950787805e-14,0.15251652357634157,0.15251652357634157,0.15251652357634157,0.09796252850443125,0.09796252850443125,0.09796252850443125,0.18987153515219687,0.18987153515219687,0.18987153515219687,0.31295126862823963,0.31295126862823963,0.31295126862823963,0.29205415964126585,0.29205415964126585,0.29205415964126585,0.9908609926700592,0.9908609926700592,0.9908609926700592,0.04938589036464691,0.04938589036464691,0.04938589036464691,0.25684934854507446,0.25684934854507446,0.25684934854507446,3.14892578125,3.14892578125,3.14892578125,2.28089439868927,2.28089439868927,2.28089439868927,0.9653899398196222,0.9653899398196222,0.9653899398196222,1.9989838600158691,1.9294941425323486
EuroSAT|MNIST,2,0.26614469289779663,0.26614469289779663,0.26614469289779663,4.967022895812988,4.967022895812988,4.967022895812988,5.998257160186768,5.998257160186768,5.998257160186768,0.5137818808252925,0.5137818808252925,0.5137818808252925,0.0,0.0,0.0,0.0,0.0,0.0,6.508467085894628e-20,6.508467085894628e-20,6.508467085894628e-20,0.1200994289945811,0.1200994289945811,0.1200994289945811,0.07651109758764506,0.07651109758764506,0.07651109758764506,0.16596948496997357,0.16596948496997357,0.16596948496997357,0.2782855594903231,0.2782855594903231,0.2782855594903231,0.25728564724326136,0.25728564724326136,0.25728564724326136,0.9901955568790436,0.9901955568790436,0.9901955568790436,0.040663763880729675,0.040663763880729675,0.040663763880729675,0.22091415524482727,0.22091415524482727,0.22091415524482727,3.235456705093384,3.235456705093384,3.235456705093384,2.3326258659362793,2.3326258659362793,2.3326258659362793,0.9241933574244079,0.9241933574244079,0.9241933574244079,1.998428463935852,1.9305366277694702
EuroSAT|RESISC45,2,0.6268810033798218,0.6268810033798218,0.6268810033798218,13.30960464477539,13.30960464477539,13.30960464477539,4.702654838562012,4.702654838562012,4.702654838562012,0.5844946403708883,0.5844946403708883,0.5844946403708883,1.061035171217465e-40,1.061035171217465e-40,1.061035171217465e-40,0.0,0.0,0.0,1.0322299926705109e-13,1.0322299926705109e-13,1.0322299926705109e-13,0.19377210104838014,0.19377210104838014,0.19377210104838014,0.19193964421749116,0.19193964421749116,0.19193964421749116,0.30182128623127935,0.30182128623127935,0.30182128623127935,0.35498172864317895,0.35498172864317895,0.35498172864317895,0.42701003909111024,0.42701003909111024,0.42701003909111024,0.9778551924228668,0.9778551924228668,0.9778551924228668,0.07195529341697693,0.07195529341697693,0.07195529341697693,0.4054414927959442,0.4054414927959442,0.4054414927959442,3.2474312782287598,3.2474312782287598,3.2474312782287598,2.3776861429214478,2.3776861429214478,2.3776861429214478,0.8910718418504433,0.8910718418504433,0.8910718418504433,1.9950616359710693,1.9320882558822632
EuroSAT|SUN397,2,0.4789416790008545,0.4789416790008545,0.4789416790008545,8.218949317932129,8.218949317932129,8.218949317932129,5.290910720825195,5.290910720825195,5.290910720825195,0.4724263091544646,0.4724263091544646,0.4724263091544646,-4.7992920885465284e-37,-4.7992920885465284e-37,-4.7992920885465284e-37,-1.317220556465328e-43,-1.317220556465328e-43,-1.317220556465328e-43,56.85993576049805,56.85993576049805,56.85993576049805,0.17715138992294668,0.17715138992294668,0.17715138992294668,0.09994034685194492,0.09994034685194492,0.09994034685194492,0.22499136827886104,0.22499136827886104,0.22499136827886104,0.34031935669481755,0.34031935669481755,0.34031935669481755,0.30511929482221606,0.30511929482221606,0.30511929482221606,0.9439950239658356,0.9439950239658356,0.9439950239658356,0.03595525771379471,0.03595525771379471,0.03595525771379471,0.23247995972633362,0.23247995972633362,0.23247995972633362,3.5911407470703125,3.5911407470703125,3.5911407470703125,2.5631567239761353,2.5631567239761353,2.5631567239761353,0.7765248031875678,0.7765248031875678,0.7765248031875678,1.984007716178894,1.9246186017990112
EuroSAT|SVHN,2,0.37962913513183594,0.37962913513183594,0.37962913513183594,7.195416450500488,7.195416450500488,7.195416450500488,5.64124059677124,5.64124059677124,5.64124059677124,0.5217912995567703,0.5217912995567703,0.5217912995567703,5.22575866692018e-39,5.22575866692018e-39,5.22575866692018e-39,0.0,0.0,0.0,2.8369917092624375e-12,2.8369917092624375e-12,2.8369917092624375e-12,0.1461059981631115,0.1461059981631115,0.1461059981631115,0.09224195493385196,0.09224195493385196,0.09224195493385196,0.18134086154401302,0.18134086154401302,0.18134086154401302,0.30627217233181,0.30627217233181,0.30627217233181,0.27913796037435534,0.27913796037435534,0.27913796037435534,0.992200984954834,0.992200984954834,0.992200984954834,0.05111716687679291,0.05111716687679291,0.05111716687679291,0.30582839250564575,0.30582839250564575,0.30582839250564575,3.397838830947876,3.397838830947876,3.397838830947876,2.455396056175232,2.455396056175232,2.455396056175232,0.8392040795570413,0.8392040795570413,0.8392040795570413,1.9922702312469482,1.9320623874664307
GTSRB|MNIST,2,0.0862671509385109,0.0862671509385109,0.0862671509385109,0.6463059782981873,0.6463059782981873,0.6463059782981873,3.7616090774536133,3.7616090774536133,3.7616090774536133,0.7813318503103585,0.7813318503103585,0.7813318503103585,1.5071652622828566e-18,1.5071652622828566e-18,1.5071652622828566e-18,1.5070486165733342e-34,1.5070486165733342e-34,1.5070486165733342e-34,4.1808268950787805e-14,4.1808268950787805e-14,4.1808268950787805e-14,0.14425995809957384,0.14425995809957384,0.14425995809957384,0.15515765726566313,0.15515765726566313,0.15515765726566313,0.2901959399878979,0.2901959399878979,0.2901959399878979,0.30187892355024815,0.30187892355024815,0.30187892355024815,0.38557306945323944,0.38557306945323944,0.38557306945323944,0.9846444416046143,0.9846444416046143,0.9846444416046143,0.07869261503219604,0.07869261503219604,0.07869261503219604,0.4428389370441437,0.4428389370441437,0.4428389370441437,3.2251665592193604,3.2251665592193604,3.2251665592193604,2.372791886329651,2.372791886329651,2.372791886329651,0.9573264846711458,0.9573264846711458,0.9573264846711458,1.9972476959228516,1.9343020915985107
GTSRB|RESISC45,2,0.26304134726524353,0.26304134726524353,0.26304134726524353,2.2419114112854004,2.2419114112854004,2.2419114112854004,3.71207857131958,3.71207857131958,3.71207857131958,0.6868055237365971,0.6868055237365971,0.6868055237365971,2.6495220947775344e-12,2.6495220947775344e-12,2.6495220947775344e-12,2.6494868985364514e-28,2.6494868985364514e-28,2.6494868985364514e-28,1.0901146657452468e-13,1.0901146657452468e-13,1.0901146657452468e-13,0.1513640237180516,0.1513640237180516,0.1513640237180516,0.07849837850779295,0.07849837850779295,0.07849837850779295,0.19433914750814438,0.19433914750814438,0.19433914750814438,0.31191114723682406,0.31191114723682406,0.31191114723682406,0.2642727071046829,0.2642727071046829,0.2642727071046829,0.9867686939239502,0.9867686939239502,0.9867686939239502,0.04230622202157974,0.04230622202157974,0.04230622202157974,0.24692615866661072,0.24692615866661072,0.24692615866661072,3.3512799739837646,3.3512799739837646,3.3512799739837646,2.4178521633148193,2.4178521633148193,2.4178521633148193,0.9230175342586802,0.9230175342586802,0.9230175342586802,1.998042106628418,1.9394513368606567
GTSRB|SUN397,2,0.22042542695999146,0.22042542695999146,0.22042542695999146,1.518481969833374,1.518481969833374,1.518481969833374,3.305124521255493,3.305124521255493,3.305124521255493,0.8497286027944496,0.8497286027944496,0.8497286027944496,1.7131044671714335e-07,1.7131044671714335e-07,1.7131044671714335e-07,9.740603099496828e-14,9.740603099496828e-14,9.740603099496828e-14,56.85993576049805,56.85993576049805,56.85993576049805,0.1536616448312998,0.1536616448312998,0.1536616448312998,0.07892146952450275,0.07892146952450275,0.07892146952450275,0.19203231208026408,0.19203231208026408,0.19203231208026408,0.314784746542573,0.314784746542573,0.314784746542573,0.2639716973900795,0.2639716973900795,0.2639716973900795,0.9556169211864471,0.9556169211864471,0.9556169211864471,0.03467102348804474,0.03467102348804474,0.03467102348804474,0.23221337795257568,0.23221337795257568,0.23221337795257568,3.6421444416046143,3.6421444416046143,3.6421444416046143,2.603322744369507,2.603322744369507,2.603322744369507,0.8043638856777989,0.8043638856777989,0.8043638856777989,1.98716139793396,1.93747878074646
GTSRB|SVHN,2,-0.0747150331735611,-0.0747150331735611,-0.0747150331735611,-0.5684846639633179,-0.5684846639633179,-0.5684846639633179,4.1085968017578125,4.1085968017578125,4.1085968017578125,0.7693385227813412,0.7693385227813412,0.7693385227813412,9.352757457392613e-11,9.352757457392613e-11,9.352757457392613e-11,9.35242135090537e-27,9.35242135090537e-27,9.35242135090537e-27,2.834084963238004e-12,2.834084963238004e-12,2.834084963238004e-12,0.16075084358919411,0.16075084358919411,0.16075084358919411,0.18455372154712676,0.18455372154712676,0.18455372154712676,0.32272966936230657,0.32272966936230657,0.32272966936230657,0.31983410105109217,0.31983410105109217,0.31983410105109217,0.41931044042110444,0.41931044042110444,0.41931044042110444,0.985786327123642,0.985786327123642,0.985786327123642,0.08916044235229492,0.08916044235229492,0.08916044235229492,0.5525619983673096,0.5525619983673096,0.5525619983673096,3.380375623703003,3.380375623703003,3.380375623703003,2.4955620765686035,2.4955620765686035,2.4955620765686035,0.8692902680484137,0.8692902680484137,0.8692902680484137,1.9912488460540771,1.9326438903808594
MNIST|RESISC45,2,0.25930336117744446,0.25930336117744446,0.25930336117744446,2.8285703659057617,2.8285703659057617,2.8285703659057617,4.042422771453857,4.042422771453857,4.042422771453857,0.8790189769734666,0.8790189769734666,0.8790189769734666,2.910300568418288e-18,2.910300568418288e-18,2.910300568418288e-18,2.910208557706681e-34,2.910208557706681e-34,2.910208557706681e-34,1.0322299926705109e-13,1.0322299926705109e-13,1.0322299926705109e-13,0.1247148741222918,0.1247148741222918,0.1247148741222918,0.06980668123811483,0.06980668123811483,0.06980668123811483,0.1720629321038723,0.1720629321038723,0.1720629321038723,0.28223778448998926,0.28223778448998926,0.28223778448998926,0.2467322526872158,0.2467322526872158,0.2467322526872158,0.9577009117603302,0.9577009117603302,0.9577009117603302,0.0384184792637825,0.0384184792637825,0.0384184792637825,0.2342304140329361,0.2342304140329361,0.2342304140329361,3.4272525310516357,3.4272525310516357,3.4272525310516357,2.4695836305618286,2.4695836305618286,2.4695836305618286,0.9641617034921464,0.9641617034921464,0.9641617034921464,1.9992862939834595,1.9410851001739502
MNIST|SUN397,2,0.23719903826713562,0.23719903826713562,0.23719903826713562,2.0913429260253906,2.0913429260253906,2.0913429260253906,3.6760165691375732,3.6760165691375732,3.6760165691375732,0.919507531864693,0.919507531864693,0.919507531864693,8.132206117273527e-14,8.132206117273527e-14,8.132206117273527e-14,4.6239415628759854e-20,4.6239415628759854e-20,4.6239415628759854e-20,56.85993576049805,56.85993576049805,56.85993576049805,0.1281368724349886,0.1281368724349886,0.1281368724349886,0.06801592504605651,0.06801592504605651,0.06801592504605651,0.17529268726706504,0.17529268726706504,0.17529268726706504,0.2876971074938774,0.2876971074938774,0.2876971074938774,0.24055260643363,0.24055260643363,0.24055260643363,0.9140474808216095,0.9140474808216095,0.9140474808216095,0.03125239536166191,0.03125239536166191,0.03125239536166191,0.21864666044712067,0.21864666044712067,0.21864666044712067,3.7135424613952637,3.7135424613952637,3.7135424613952637,2.655054211616516,2.655054211616516,2.655054211616516,0.8402189833430843,0.8402189833430843,0.8402189833430843,1.9918651580810547,1.9400132894515991
MNIST|SVHN,2,0.257093220949173,0.257093220949173,0.257093220949173,2.5036048889160156,2.5036048889160156,2.5036048889160156,3.804124116897583,3.804124116897583,3.804124116897583,0.9846501489421514,0.9846501489421514,0.9846501489421514,1.0526598566698364e-16,1.0526598566698364e-16,1.0526598566698364e-16,1.0526274935757172e-32,1.0526274935757172e-32,1.0526274935757172e-32,2.8369917092624375e-12,2.8369917092624375e-12,2.8369917092624375e-12,0.13913517272565515,0.13913517272565515,0.13913517272565515,0.24622574262320995,0.24622574262320995,0.24622574262320995,0.44449236303567885,0.44449236303567885,0.44449236303567885,0.30242815382778643,0.30242815382778643,0.30242815382778643,0.480085501074791,0.480085501074791,0.480085501074791,0.996410745382309,0.996410745382309,0.996410745382309,0.15894895792007446,0.15894895792007446,0.15894895792007446,1.0289767980575562,1.0289767980575562,1.0289767980575562,3.3135247230529785,3.3135247230529785,3.3135247230529785,2.547293543815613,2.547293543815613,2.547293543815613,0.9080395058191942,0.9080395058191942,0.9080395058191942,1.9871680736541748,1.9276138544082642
RESISC45|SUN397,2,0.38859906792640686,0.38859906792640686,0.38859906792640686,3.8977677822113037,3.8977677822113037,3.8977677822113037,3.5666911602020264,3.5666911602020264,3.5666911602020264,0.8082645699790998,0.8082645699790998,0.8082645699790998,1.91223065826307e-07,1.91223065826307e-07,1.91223065826307e-07,1.087290319085922e-13,1.087290319085922e-13,1.087290319085922e-13,56.85993576049805,56.85993576049805,56.85993576049805,0.2495213056495413,0.2495213056495413,0.2495213056495413,0.14997754529118537,0.14997754529118537,0.14997754529118537,0.2690149384737015,0.2690149384737015,0.2690149384737015,0.39828387305140495,0.39828387305140495,0.39828387305140495,0.3775308632850647,0.3775308632850647,0.3775308632850647,0.9851504838466645,0.9851504838466645,0.9851504838466645,0.04351009055972099,0.04351009055972099,0.04351009055972099,0.31571874022483826,0.31571874022483826,0.31571874022483826,3.7468745708465576,3.7468745708465576,3.7468745708465576,2.7001144886016846,2.7001144886016846,2.7001144886016846,0.8714502767532172,0.8714502767532172,0.8714502767532172,1.9927663803100586,1.9457565546035767
RESISC45|SVHN,2,0.3563765287399292,0.3563765287399292,0.3563765287399292,3.948080539703369,3.948080539703369,3.948080539703369,3.79518723487854,3.79518723487854,3.79518723487854,0.8927221286848244,0.8927221286848244,0.8927221286848244,2.3406657168045797e-10,2.3406657168045797e-10,2.3406657168045797e-10,2.3405929843983096e-26,2.3405929843983096e-26,2.3405929843983096e-26,2.8306872904698688e-12,2.8306872904698688e-12,2.8306872904698688e-12,0.13575552843045444,0.13575552843045444,0.13575552843045444,0.07028068535029888,0.07028068535029888,0.07028068535029888,0.17795667320489883,0.17795667320489883,0.17795667320489883,0.29815638773143294,0.29815638773143294,0.29815638773143294,0.24674906879663466,0.24674906879663466,0.24674906879663466,0.9619661748409272,0.9619661748409272,0.9619661748409272,0.03412843495607376,0.03412843495607376,0.03412843495607376,0.22914737462997437,0.22914737462997437,0.22914737462997437,3.6066102981567383,3.6066102981567383,3.6066102981567383,2.5923538208007812,2.5923538208007812,2.5923538208007812,0.9417917166076185,0.9417917166076185,0.9417917166076185,1.9983009099960327,1.9447792768478394
SUN397|SVHN,2,0.3588903546333313,0.3588903546333313,0.3588903546333313,3.2136032581329346,3.2136032581329346,3.2136032581329346,3.4014501571655273,3.4014501571655273,3.4014501571655273,0.9053932282039999,0.9053932282039999,0.9053932282039999,1.7577579001226695e-06,1.7577579001226695e-06,1.7577579001226695e-06,9.99459412800996e-13,9.99459412800996e-13,9.99459412800996e-13,56.85993576049805,56.85993576049805,56.85993576049805,0.13820634059142323,0.13820634059142323,0.13820634059142323,0.06725064024329186,0.06725064024329186,0.06725064024329186,0.17502254866063593,0.17502254866063593,0.17502254866063593,0.301457079872489,0.301457079872489,0.301457079872489,0.23864580139517785,0.23864580139517785,0.23864580139517785,0.9203775632381439,0.9203775632381439,0.9203775632381439,0.02689892053604126,0.02689892053604126,0.02689892053604126,0.20724841952323914,0.20724841952323914,0.20724841952323914,3.8818395137786865,3.8818395137786865,3.8818395137786865,2.7778244018554688,2.7778244018554688,2.7778244018554688,0.9253110442425904,0.9253110442425904,0.9253110442425904,1.9975166320800781,1.946887731552124
Cars|DTD|EuroSAT,3,0.2210294802983602,0.14726534485816956,0.2593582272529602,3.1141190926233926,1.0481988191604614,4.1707563400268555,5.113761822382609,3.4841229915618896,5.932454586029053,0.6283742277617842,0.4426171648959998,0.9997996632340752,0.0023452437793215117,-2.1216847050975478e-37,0.007035731337964535,5967.275390625,-3.256617631090875e-42,17901.826171875,1816.3492431640625,1516.2816162109375,2254.71484375,0.18330810214703283,0.1582983256969601,0.21378606349229812,0.09067836296434202,0.06985590515658259,0.10810716398060322,0.21434102103114128,0.1901806677877903,0.2333650331199169,0.34196546785533427,0.31929037734866145,0.3676764128357172,0.2809484727183978,0.24423736676573754,0.3153537392616272,0.9777553387482961,0.9666107904911041,0.9960398495197296,0.03794913242260615,0.03231355920433998,0.04307468608021736,0.2320576161146164,0.20050103962421417,0.26001840829849243,3.456761598587036,3.244525194168091,3.620723247528076,2.4837942123413086,2.341129779815674,2.6053271293640137,0.8695456962665634,0.8091833824900917,0.9177553804863892,2.986388683319092,2.859748363494873
Cars|DTD|GTSRB,3,0.15738944709300995,0.11237576603889465,0.21252723038196564,1.04848708709081,0.7252952456474304,1.3719671964645386,3.358805497487386,3.198267936706543,3.4841229915618896,0.9378431026134523,0.9067739740201995,0.9997996632340752,0.0023451692327505214,-1.973479868411232e-07,0.007035731337964535,5967.275390624999,-2.992344219632237e-12,17901.826171875,1816.3492431640625,1516.2816162109375,2254.71484375,0.1716182828430707,0.14847369547002018,0.21378606349229812,0.08478682135542233,0.07987039588391781,0.0940720197558403,0.20324193976819516,0.19464195899665357,0.21947736218571662,0.32975913330912593,0.3075099489092827,0.3676764128357172,0.27221554512778917,0.26585274159908295,0.2832543121278286,0.984477245012919,0.9760823047161102,0.9960398495197296,0.0395950178305308,0.038010358810424805,0.042315542697906494,0.24804084499677023,0.23980019986629486,0.26001840829849243,3.4881601333618164,3.29878830909729,3.620723247528076,2.510571559270223,2.3812958002090454,2.6053271293640137,0.8901831098991696,0.8381933031550787,0.950657700719221,2.9882757663726807,2.8721585273742676
Cars|DTD|MNIST,3,0.1454821676015854,0.13187190890312195,0.15730924904346466,1.145747184753418,1.0481988191604614,1.2997143268585205,3.6838591893514,3.4841229915618896,3.811340093612671,0.9076497398915307,0.8614884670222698,0.9997996632340752,0.0023452437793267523,-7.736520266381133e-15,0.007035731337964535,5967.275390625,-1.298239291886663e-19,17901.826171875,1816.3492431640625,1516.2816162109375,2254.71484375,0.15835453792009502,0.12954391851089894,0.21378606349229812,0.07943534264961878,0.06994802160188555,0.0940720197558403,0.1937356098741293,0.17781210832297803,0.21947736218571662,0.3147714980443319,0.2881211578845978,0.3676764128357172,0.26156803538401924,0.24883417591452597,0.2832543121278286,0.962542138894399,0.9425064945220947,0.9960398495197296,0.03741514434417089,0.035304002463817596,0.03848227858543396,0.24161343276500702,0.22779788076877594,0.26001840829849243,3.5378660360972085,3.3761603832244873,3.620723247528076,2.5450592041015625,2.4330272674560547,2.6053271293640137,0.9167628824766475,0.8755563713909044,0.9930339502158289,2.991919994354248,2.8734350204467773
Cars|DTD|RESISC45,3,0.2347256044546763,0.14726534485816956,0.3047761917114258,2.0941003561019897,1.0481988191604614,2.86468243598938,3.681433121363322,3.4841229915618896,3.8454089164733887,0.8381602745029005,0.7572647109563557,0.9997996632340752,0.002345246801105816,-7.179023953085562e-08,0.007035731337964535,5967.275390625,-1.088538764335012e-12,17901.826171875,1816.3492431640625,1516.2816162109375,2254.71484375,0.21950098148391892,0.21378606349229812,0.230687906621024,0.10873181528101365,0.0940720197558403,0.13126642152667045,0.23183505333960056,0.21947736218571662,0.2529061867296696,0.3720766282081604,0.36570368506014345,0.3828497867286205,0.3089014644920826,0.2832543121278286,0.3469041955471039,0.9964411238829295,0.9957396388053894,0.9975438833236694,0.04013648380835851,0.03468220680952072,0.0472680926322937,0.26390985647837323,0.241504967212677,0.2902061939239502,3.573304017384847,3.4229538440704346,3.6762349605560303,2.5750993887583413,2.478087544441223,2.6418834924697876,0.9202415710358509,0.8816983258232093,0.9709252168897073,2.9934165477752686,2.879455327987671
Cars|DTD|SUN397,3,0.27394650379816693,0.14726534485816956,0.3934486508369446,2.0575301249821982,1.0481988191604614,2.9890756607055664,3.2782369454701743,3.0410804748535156,3.4841229915618896,0.957930481106299,0.9369020232767807,0.9997996632340752,-0.02573907282203436,-0.05241366848349571,0.007035731337964535,3448.3409830729165,-4518.89501953125,17901.826171875,1818.5001220703125,1520.0712890625,2254.71484375,0.2404199868394062,0.21378606349229812,0.2557000710116699,0.12056667866806191,0.0940720197558403,0.13399490974843503,0.23945831368366877,0.21947736218571662,0.2525999009609222,0.3903576977550984,0.3676764128357172,0.4024586429446936,0.32600608582297963,0.2832543121278286,0.3504413586854935,0.9930436948935192,0.9902831947803498,0.9960398495197296,0.03930163631836573,0.036100901663303375,0.043344855308532715,0.2846196194489797,0.26001840829849243,0.3053748309612274,3.750114679336548,3.620723247528076,3.9294800758361816,2.6987464427948,2.6053271293640137,2.827354073524475,0.895817150475713,0.8461130489652129,0.9596400766387169,2.989771842956543,2.884242534637451
Cars|DTD|SVHN,3,0.17091007033983865,0.14726534485816956,0.1851716935634613,1.371496319770813,1.0481988191604614,1.5534573793411255,3.6505834261576333,3.4841229915618896,3.7394447326660156,0.8988330435442774,0.8482647473654237,0.9997996632340752,0.002343745527241481,-2.5077147256524768e-06,0.007035731337964535,5967.275390624975,-4.208067921895875e-11,17901.826171875,1816.3492431640625,1516.2816162109375,2254.71484375,0.16393733002245425,0.12912840384524316,0.21378606349229812,0.07768454027051726,0.06517255367711186,0.0940720197558403,0.19346730614701904,0.17969981715083122,0.21947736218571662,0.32199252498646574,0.2888169038295746,0.3676764128357172,0.25894803191224736,0.2377028200030327,0.2832543121278286,0.9659813984235127,0.9475286674499511,0.9960398495197296,0.03324761365850767,0.027750547975301743,0.03845915198326111,0.22793411711851755,0.2051803022623062,0.26001840829849243,3.6578310330708823,3.558150053024292,3.7946197986602783,2.6269059975941977,2.5557974576950073,2.7195934057235718,0.9201116106124934,0.8816983258232093,0.9642271793020888,2.993860960006714,2.8787078857421875
Cars|EuroSAT|GTSRB,3,0.20301233728726706,0.11237576603889465,0.2564648687839508,2.7837381958961487,0.7252952456474304,4.123402118682861,5.085724592208862,3.3940255641937256,5.932454586029053,0.5836689943610812,0.40143414760116186,0.906955670586082,-6.57826622803744e-08,-1.973479868411232e-07,7.070811921136594e-41,-9.974480732107456e-13,-2.992344219632237e-12,0.0,1010.8544108072916,4.1808268950787805e-14,1516.2816162109375,0.15309618158110727,0.14847369547002018,0.1582983256969601,0.08256294318164388,0.06985590515658259,0.09796252850443125,0.19188623368740085,0.18987153515219687,0.19560649812221528,0.3132505316287279,0.3075099489092827,0.31929037734866145,0.26738142266869547,0.24423736676573754,0.29205415964126585,0.9778513626257578,0.9666107904911041,0.9908609926700592,0.0399032694598039,0.03231355920433998,0.04938589036464691,0.23388477166493735,0.20050103962421417,0.25684934854507446,3.399643659591675,3.14892578125,3.544968843460083,2.4436372915903726,2.28089439868927,2.54509174823761,0.8709222084882642,0.8091833824900917,0.9653899398196222,2.9845340251922607,2.8563454151153564
Cars|EuroSAT|MNIST,3,0.21816049019495645,0.13187190890312195,0.26614469289779663,3.393251140912374,1.089328408241272,4.967022895812988,5.247350613276164,3.811340093612671,5.998257160186768,0.605962504247854,0.4426171648959998,0.8614884670222698,7.819610528030674e-15,-2.1216847050975478e-37,2.3458831584092024e-14,1.1856743138496214e-19,-3.256617631090875e-42,3.5570229415488643e-19,1010.8544108072916,6.508467085894628e-20,1516.2816162109375,0.13671046214954305,0.1200994289945811,0.1582983256969601,0.07355099644511938,0.06985590515658259,0.07651109758764506,0.18002250395715236,0.16596948496997357,0.1901806677877903,0.29536428675055504,0.2782855594903231,0.31929037734866145,0.25137954403956736,0.24423736676573754,0.25728564724326136,0.9664376139640808,0.9425064945220947,0.9901955568790436,0.03609377518296242,0.03231355920433998,0.040663763880729675,0.21947973469893137,0.20050103962421417,0.23702400922775269,3.4524025122324624,3.235456705093384,3.6167144775390625,2.4781249364217124,2.3326258659362793,2.596823215484619,0.8696443704351347,0.8091833824900917,0.9241933574244079,2.98738956451416,2.858297348022461
Cars|EuroSAT|RESISC45,3,0.37849371631940204,0.2521352767944336,0.6268810033798218,6.60080885887146,2.369419813156128,13.30960464477539,4.826839447021484,3.8454089164733887,5.932454586029053,0.5947921720744146,0.4426171648959998,0.7572647109563557,-2.393007984361854e-08,-7.179023953085562e-08,1.061035171217465e-40,-3.628462547783373e-13,-1.088538764335012e-12,0.0,1010.8544108072916,1.0322299926705109e-13,1516.2816162109375,0.1886998003612583,0.1582983256969601,0.21402897433843462,0.12088418464486798,0.06985590515658259,0.19193964421749116,0.23837452170749507,0.1901806677877903,0.30182128623127935,0.34665859701732793,0.31929037734866145,0.36570368506014345,0.3225977638860544,0.24423736676573754,0.42701003909111024,0.9800685405731201,0.9666107904911041,0.9957396388053894,0.04631701981027921,0.03231355920433998,0.07195529341697693,0.2824824998776118,0.20050103962421417,0.4054414927959442,3.476234197616577,3.2474312782287598,3.6762349605560303,2.508165121078491,2.3776861429214478,2.6418834924697876,0.8694521315783904,0.8091833824900917,0.9081011703946362,2.986799716949463,2.8627796173095703
Cars|EuroSAT|SUN397,3,0.3388440211613973,0.2564648687839508,0.4789416790008545,4.8258891105651855,2.1353158950805664,8.218949317932129,4.844290892283122,3.309507369995117,5.932454586029053,0.6173151657757484,0.4426171648959998,0.9369020232767807,-0.017471222827831905,-0.05241366848349571,-2.1216847050975478e-37,-1506.29833984375,-4518.89501953125,-1.317220556465328e-43,1031.0709470113118,56.85993576049805,1520.0712890625,0.19704992887719222,0.1582983256969601,0.2557000710116699,0.10126372058565418,0.06985590515658259,0.13399490974843503,0.22048990465700627,0.1901806677877903,0.24629767790436743,0.3540227923293909,0.31929037734866145,0.4024586429446936,0.2978930827478568,0.24423736676573754,0.34432258665561677,0.9678046182791391,0.9439950239658356,0.9928080403804779,0.03478990619381269,0.03231355920433998,0.036100901663303375,0.24048220614592233,0.20050103962421417,0.28846561908721924,3.6752190589904785,3.5050363540649414,3.9294800758361816,2.6318121751149497,2.5049257278442383,2.827354073524475,0.8484494207721255,0.7765248031875678,0.9596400766387169,2.981651782989502,2.8635079860687256
Cars|EuroSAT|SVHN,3,0.2737552324930827,0.1851716935634613,0.37962913513183594,4.290758649508159,1.5534573793411255,7.195416450500488,5.10062591234843,3.728182554244995,5.932454586029053,0.6042244039393979,0.4426171648959998,0.8482647473654237,-6.623471714798749e-07,-1.9870415144396247e-06,5.22575866692018e-39,-1.0043002309408541e-11,-3.012900692822562e-11,0.0,1010.8544108072925,2.8369917092624375e-12,1516.2816162109375,0.14451090923510493,0.12912840384524316,0.1582983256969601,0.07575680458918214,0.06517255367711186,0.09224195493385196,0.18374044882754484,0.17969981715083122,0.1901806677877903,0.3047931511700153,0.2888169038295746,0.31929037734866145,0.2536927157143752,0.2377028200030327,0.27913796037435534,0.968780147631963,0.9475286674499511,0.992200984954834,0.03706042468547821,0.027750547975301743,0.05111716687679291,0.2371699114640554,0.20050103962421417,0.30582839250564575,3.5658316612243652,3.397838830947876,3.7946197986602783,2.559971729914347,2.455396056175232,2.7195934057235718,0.8708715471164074,0.8091833824900917,0.9642271793020888,2.9864554405212402,2.8630318641662598
Cars|GTSRB|MNIST,3,0.1101716086268425,0.0862671509385109,0.13187190890312195,0.8203098773956299,0.6463059782981873,1.089328408241272,3.65565824508667,3.3940255641937256,3.811340093612671,0.8499253293062368,0.7813318503103585,0.906955670586082,-6.578265446026148e-08,-1.973479868411232e-07,2.3458831584092024e-14,-9.974479546433143e-13,-2.992344219632237e-12,3.5570229415488643e-19,1010.8544108072916,4.1808268950787805e-14,1516.2816162109375,0.141489095108894,0.131733631757088,0.14847369547002018,0.10310467991357047,0.07428598659113049,0.15515765726566313,0.22323993240793547,0.18391735911369322,0.2901959399878979,0.2993019319574038,0.28851692341268065,0.3075099489092827,0.3013471430540085,0.25261561810970307,0.38557306945323944,0.9677444136142731,0.9425064945220947,0.9846444416046143,0.05066899210214615,0.035304002463817596,0.07869261503219604,0.3080556243658066,0.23702400922775269,0.4428389370441437,3.4622832934061685,3.2251665592193604,3.6167144775390625,2.5049022833506265,2.372791886329651,2.596823215484619,0.8903587197390429,0.8381933031550787,0.9573264846711458,2.987373113632202,2.867558002471924
Cars|GTSRB|RESISC45,3,0.20918413003285727,0.11237576603889465,0.26304134726524353,1.7788754900296528,0.7252952456474304,2.369419813156128,3.6505043506622314,3.3940255641937256,3.8454089164733887,0.7836753017596783,0.6868055237365971,0.906955670586082,-8.971185894996135e-08,-1.973479868411232e-07,2.6495220947775344e-12,-1.360294327989083e-12,-2.992344219632237e-12,2.6494868985364514e-28,1010.8544108072916,1.0901146657452468e-13,1516.2816162109375,0.1712888978421688,0.14847369547002018,0.21402897433843462,0.08640859298408032,0.07849837850779295,0.10085700456053019,0.2043557522445917,0.19433914750814438,0.2231216111034155,0.3283749270687501,0.3075099489092827,0.36570368506014345,0.2755571115016937,0.2642727071046829,0.2965458858013153,0.9861968791484833,0.9760823047161102,0.9957396388053894,0.03833292921384176,0.03468220680952072,0.04230622202157974,0.24424501756827036,0.241504967212677,0.24692615866661072,3.5241612593332925,3.3512799739837646,3.6762349605560303,2.5349424680074057,2.4178521633148193,2.6418834924697876,0.889770669269465,0.8381933031550787,0.9230175342586802,2.990164279937744,2.8754420280456543
Cars|GTSRB|SUN397,3,0.20464223623275757,0.11237576603889465,0.2811255156993866,1.459697703520457,0.7252952456474304,2.1353158950805664,3.336219151814779,3.305124521255493,3.3940255641937256,0.8978620988857707,0.8497286027944496,0.9369020232767807,-0.017471231507011947,-0.05241366848349571,1.7131044671714335e-07,-1506.298339843751,-4518.89501953125,9.740603099496828e-14,1031.0709470113118,56.85993576049805,1520.0712890625,0.18594513710432994,0.14847369547002018,0.2557000710116699,0.09759559171895187,0.07892146952450275,0.13399490974843503,0.21131216270228226,0.19203231208026408,0.24629767790436743,0.3415844461321831,0.3075099489092827,0.4024586429446936,0.29138234188159307,0.2639716973900795,0.34432258665561677,0.9748357554276784,0.9556169211864471,0.9928080403804779,0.03626076132059097,0.03467102348804474,0.038010358810424805,0.2549943079551061,0.23221337795257568,0.28846561908721924,3.705531120300293,3.544968843460083,3.9294800758361816,2.658589522043864,2.54509174823761,2.827354073524475,0.8673990884905315,0.8043638856777989,0.9596400766387169,2.984527349472046,2.8786003589630127
Cars|GTSRB|SVHN,3,0.07427747547626495,-0.0747150331735611,0.1851716935634613,0.570089320341746,-0.5684846639633179,1.5534573793411255,3.743601640065511,3.3940255641937256,4.1085968017578125,0.841519646910949,0.7693385227813412,0.906955670586082,-7.28098657902058e-07,-1.9870415144396247e-06,9.352757457392613e-11,-1.1040450382619284e-11,-3.012900692822562e-11,9.35242135090537e-27,1010.8544108072925,2.834084963238004e-12,1516.2816162109375,0.14611764763481916,0.12912840384524316,0.16075084358919411,0.10986555703605215,0.06517255367711186,0.18455372154712676,0.2326786615451177,0.17969981715083122,0.32272966936230657,0.3053869845966498,0.2888169038295746,0.31983410105109217,0.3076220006744067,0.2377028200030327,0.41931044042110444,0.9697990997632345,0.9475286674499511,0.985786327123642,0.05164044971267382,0.027750547975301743,0.08916044235229492,0.33401540915171307,0.2051803022623062,0.5525619983673096,3.5733214219411216,3.380375623703003,3.7946197986602783,2.5867490768432617,2.4955620765686035,2.7195934057235718,0.8905702501685271,0.8381933031550787,0.9642271793020888,2.9863548278808594,2.8702595233917236
Cars|MNIST|RESISC45,3,0.21443684895833334,0.13187190890312195,0.25930336117744446,2.095772862434387,1.089328408241272,2.8285703659057617,3.899723927179972,3.811340093612671,4.042422771453857,0.8325907183173641,0.7572647109563557,0.8790189769734666,-2.393007202303791e-08,-7.179023953085562e-08,2.3458831584092024e-14,-3.628461362109059e-13,-1.088538764335012e-12,3.5570229415488643e-19,1010.8544108072916,1.0322299926705109e-13,1516.2816162109375,0.15682582673927148,0.1247148741222918,0.21402897433843462,0.08164989079659184,0.06980668123811483,0.10085700456053019,0.193033967440327,0.1720629321038723,0.2231216111034155,0.3121527976542711,0.28223778448998926,0.36570368506014345,0.26529791886607806,0.2467322526872158,0.2965458858013153,0.9653156816959382,0.9425064945220947,0.9957396388053894,0.036134896179040275,0.03468220680952072,0.0384184792637825,0.23758646349112192,0.2342304140329361,0.241504967212677,3.5734006563822427,3.4272525310516357,3.6762349605560303,2.569430112838745,2.4695836305618286,2.6418834924697876,0.9159397484258957,0.8755563713909044,0.9641617034921464,2.9939215183258057,2.877572774887085
Cars|MNIST|SUN397,3,0.21673215428988138,0.13187190890312195,0.2811255156993866,1.771995743115743,1.089328408241272,2.1353158950805664,3.598954677581787,3.309507369995117,3.811340093612671,0.9059660073879146,0.8614884670222698,0.9369020232767807,-0.017471222827796975,-0.05241366848349571,8.132206117273527e-14,-1506.29833984375,-4518.89501953125,3.5570229415488643e-19,1031.0709470113118,56.85993576049805,1520.0712890625,0.17185685840124884,0.1281368724349886,0.2557000710116699,0.09209894046187402,0.06801592504605651,0.13399490974843503,0.2018359080950419,0.17529268726706504,0.24629767790436743,0.3262242246170839,0.2876971074938774,0.4024586429446936,0.27916360373298327,0.24055260643363,0.34432258665561677,0.9497873385747274,0.9140474808216095,0.9928080403804779,0.03421909982959429,0.03125239536166191,0.036100901663303375,0.2480454295873642,0.21864666044712067,0.28846561908721924,3.7532456715901694,3.6167144775390625,3.9294800758361816,2.6930771668752036,2.596823215484619,2.827354073524475,0.8918051437909019,0.8402189833430843,0.9596400766387169,2.9902334213256836,2.8812198638916016
Cars|MNIST|SVHN,3,0.19137894113858542,0.13187190890312195,0.257093220949173,1.7154635588328044,1.089328408241272,2.5036048889160156,3.7812155882517495,3.728182554244995,3.811340093612671,0.8981344544432815,0.8482647473654237,0.9846501489421514,-6.623471636251757e-07,-1.9870415144396247e-06,2.3458831584092024e-14,-1.0043002190841108e-11,-3.012900692822562e-11,3.5570229415488643e-19,1010.8544108072925,2.8369917092624375e-12,1516.2816162109375,0.13333240277599542,0.12912840384524316,0.13913517272565515,0.1285614276304841,0.06517255367711186,0.24622574262320995,0.2693698464334011,0.17969981715083122,0.44449236303567885,0.29325399369001387,0.28851692341268065,0.30242815382778643,0.32346797972917557,0.2377028200030327,0.480085501074791,0.9621486357847849,0.9425064945220947,0.996410745382309,0.0740011694530646,0.027750547975301743,0.15894895792007446,0.49039370318253833,0.2051803022623062,1.0289767980575562,3.574952999750773,3.3135247230529785,3.7946197986602783,2.621236721674601,2.547293543815613,2.7195934057235718,0.9159410188373958,0.8755563713909044,0.9642271793020888,2.9842963218688965,2.8653724193573
Cars|RESISC45|SUN397,3,0.3072866201400757,0.2521352767944336,0.38859906792640686,2.8008344968159995,2.1353158950805664,3.8977677822113037,3.5738691488901773,3.309507369995117,3.8454089164733887,0.8341437680707454,0.7572647109563557,0.9369020232767807,-0.017471183016889807,-0.05241366848349571,1.91223065826307e-07,-1506.2983398437502,-4518.89501953125,1.087290319085922e-13,1031.0709470113118,56.85993576049805,1520.0712890625,0.23975011699988194,0.21402897433843462,0.2557000710116699,0.12827648653338353,0.10085700456053019,0.14997754529118537,0.24614474249382814,0.2231216111034155,0.2690149384737015,0.3888154003520807,0.36570368506014345,0.4024586429446936,0.3394664452473322,0.2965458858013153,0.3775308632850647,0.9912327210108439,0.9851504838466645,0.9957396388053894,0.038097733010848366,0.03468220680952072,0.04351009055972099,0.2818964421749115,0.241504967212677,0.31571874022483826,3.7841965357462564,3.6762349605560303,3.9294800758361816,2.7231173515319824,2.6418834924697876,2.827354073524475,0.9130638412621902,0.8714502767532172,0.9596400766387169,2.9926633834838867,2.888599157333374
Cars|RESISC45|SVHN,3,0.26456116636594135,0.1851716935634613,0.3563765287399292,2.6236525774002075,1.5534573793411255,3.948080539703369,3.789592901865641,3.728182554244995,3.8454089164733887,0.8327505290022014,0.7572647109563557,0.8927221286848244,-6.861992291329333e-07,-1.9870415144396247e-06,2.3406657168045797e-10,-1.0405848564186869e-11,-3.012900692822562e-11,2.3405929843983096e-26,1010.8544108072925,2.8306872904698688e-12,1516.2816162109375,0.15963763553804408,0.12912840384524316,0.21402897433843462,0.07877008119598032,0.06517255367711186,0.10085700456053019,0.19359270048638186,0.17795667320489883,0.2231216111034155,0.3175589922070503,0.2888169038295746,0.36570368506014345,0.2603325915336609,0.2377028200030327,0.2965458858013153,0.9684114936987559,0.9475286674499511,0.9957396388053894,0.03218706324696541,0.027750547975301743,0.03468220680952072,0.22527754803498587,0.2051803022623062,0.241504967212677,3.692488352457682,3.6066102981567383,3.7946197986602783,2.6512769063313804,2.5923538208007812,2.7195934057235718,0.9380400221014478,0.9081011703946362,0.9642271793020888,2.9960758686065674,2.8836073875427246
Cars|SUN397|SVHN,3,0.2750625212987264,0.1851716935634613,0.3588903546333313,2.300792177518209,1.5534573793411255,3.2136032581329346,3.4797133604685464,3.309507369995117,3.728182554244995,0.8968533329487348,0.8482647473654237,0.9369020232767807,-0.017471299255703343,-0.05241366848349571,1.7577579001226695e-06,-1506.2983398437598,-4518.89501953125,9.99459412800996e-13,1031.0709470113118,56.85993576049805,1520.0712890625,0.17434493848277877,0.12912840384524316,0.2557000710116699,0.0888060345562796,0.06517255367711186,0.13399490974843503,0.20034001457194486,0.17502254866063593,0.24629767790436743,0.330910875548919,0.2888169038295746,0.4024586429446936,0.2735570693512758,0.2377028200030327,0.34432258665561677,0.9535714236895242,0.9203775632381439,0.9928080403804779,0.030250123391548794,0.02689892053604126,0.036100901663303375,0.2336314469575882,0.2051803022623062,0.28846561908721924,3.8686464627583823,3.7946197986602783,3.9294800758361816,2.7749239603678384,2.7195934057235718,2.827354073524475,0.949726100061132,0.9253110442425904,0.9642271793020888,2.996708393096924,2.8891947269439697
DTD|EuroSAT|GTSRB,3,0.2373606115579605,0.21252723038196564,0.2593582272529602,3.0150802532831826,1.3719671964645386,4.1707563400268555,5.017889817555745,3.198267936706543,5.930693626403809,0.5836379922588796,0.40143414760116186,0.9067739740201995,-8.76390870985233e-09,-2.629172612955699e-08,4.35676248192826e-38,-1.4706386607631072e-13,-4.4119159822893217e-13,8.561933617024632e-43,1118.7008463541667,4.1808268950787805e-14,1678.05126953125,0.16098384346502523,0.15251652357634157,0.17783991725184023,0.09549591363718113,0.0804180484265089,0.10810716398060322,0.20595950908958913,0.18987153515219687,0.2333650331199169,0.32199064006408057,0.31295126862823963,0.3389296133816242,0.29164916018644965,0.26753958165645597,0.3153537392616272,0.9809286499023439,0.9706153762340546,0.9908609926700592,0.044925373047590256,0.042315542697906494,0.04938589036464691,0.24410098294417062,0.23565340042114258,0.25684934854507446,3.2307464281717935,3.14892578125,3.29878830909729,2.334439992904663,2.28089439868927,2.3812958002090454,0.9446010070084108,0.9177553804863892,0.9653899398196222,2.9957070350646973,2.860118865966797
DTD|EuroSAT|MNIST,3,0.22760405639807382,0.15730924904346466,0.26614469289779663,3.4791645208994546,1.2997143268585205,4.967022895812988,5.226359844207764,3.7561144828796387,5.998257160186768,0.6060496084662724,0.44270585515527755,0.8616610894182472,-2.578840088793711e-15,-7.736520266381133e-15,4.35676248192826e-38,-4.327464306288877e-20,-1.298239291886663e-19,8.561933617024632e-43,1118.7008463541667,6.508467085894628e-20,1678.05126953125,0.14249442158577344,0.1200994289945811,0.17783991725184023,0.08485542772337795,0.06994802160188555,0.10810716398060322,0.1923822088042895,0.16596948496997357,0.2333650331199169,0.30177877691884836,0.2782855594903231,0.3389296133816242,0.2738245208064715,0.24883417591452597,0.3153537392616272,0.9699636685848235,0.9490800726413727,0.9901955568790436,0.04074024284879366,0.03848227858543396,0.04307468608021736,0.22812181214491525,0.22091415524482727,0.23565340042114258,3.285380760828654,3.235456705093384,3.3761603832244873,2.3689276377360025,2.3326258659362793,2.4330272674560547,0.944994229375542,0.9177553804863892,0.9930339502158289,2.9961373805999756,2.8610308170318604
DTD|EuroSAT|RESISC45,3,0.3970051407814026,0.2593582272529602,0.6268810033798218,6.781681140263875,2.86468243598938,13.30960464477539,4.780710061391194,3.7147674560546875,5.924707889556885,0.5948723149481454,0.44270585515527755,0.7574164493182705,2.6951864147880162e-08,1.061035171217465e-40,8.085559244364049e-08,4.5226640719523797e-13,0.0,1.3567992215857139e-12,1118.7008463541667,1.0322299926705109e-13,1678.05126953125,0.2007666416404148,0.17783991725184023,0.230687906621024,0.1437710765749216,0.10810716398060322,0.19193964421749116,0.2626975020269553,0.2333650331199169,0.30182128623127935,0.35892037625114126,0.3389296133816242,0.3828497867286205,0.3630893246332804,0.3153537392616272,0.42701003909111024,0.9820048173268635,0.9706153762340546,0.9975438833236694,0.054099357376495995,0.04307468608021736,0.07195529341697693,0.310433695713679,0.23565340042114258,0.4054414927959442,3.304970105489095,3.244525194168091,3.4229538440704346,2.3989678223927817,2.341129779815674,2.478087544441223,0.9265841464088466,0.8910718418504433,0.9709252168897073,2.9917805194854736,2.8643994331359863
DTD|EuroSAT|SUN397,3,0.3772495190302531,0.2593582272529602,0.4789416790008545,5.126260439554851,2.9890756607055664,8.218949317932129,4.752233028411865,3.0410804748535156,5.924707889556885,0.617407307039261,0.44270585515527755,0.937089756808041,-0.010613093773523966,-0.0318392813205719,4.35676248192826e-38,-1012.6360677083334,-3037.908203125,8.561933617024632e-43,1138.5418128967285,56.85993576049805,1680.7142333984375,0.2022550443963458,0.17715138992294668,0.2517738260142505,0.1138935391108195,0.09994034685194492,0.13363310649991036,0.23698543411990006,0.22499136827886104,0.2525999009609222,0.36006233585377534,0.3389296133816242,0.40093803748488427,0.3236381309231122,0.30511929482221606,0.3504413586854935,0.9682978649934132,0.9439950239658356,0.9902831947803498,0.04079159970084826,0.03595525771379471,0.043344855308532715,0.2578360637029012,0.23247995972633362,0.3053748309612274,3.511935551961263,3.244525194168091,3.7001407146453857,2.5226148764292398,2.341129779815674,2.6635581254959106,0.8467977442130566,0.7765248031875678,0.9177553804863892,2.9812967777252197,2.860342025756836
DTD|EuroSAT|SVHN,3,0.27309351166089374,0.18029317259788513,0.37962913513183594,4.293001850446065,1.512832760810852,7.195416450500488,5.101797739664714,3.7394447326660156,5.924707889556885,0.6043106249151271,0.44270585515527755,0.8484347200333334,-8.359049085508256e-07,-2.5077147256524768e-06,4.35676248192826e-38,-1.402689307298625e-11,-4.208067921895875e-11,8.561933617024632e-43,1118.7008463541677,2.8369917092624375e-12,1678.05126953125,0.1576144793815911,0.1461059981631115,0.17783991725184023,0.09138605543101826,0.07380904737859964,0.10810716398060322,0.19864354458947975,0.18122473910450934,0.2333650331199169,0.3182286813358466,0.30627217233181,0.3389296133816242,0.28345955441395443,0.25588696360588076,0.3153537392616272,0.972397346496582,0.9543756783008576,0.992200984954834,0.04257499799132347,0.033533141016960144,0.05111716687679291,0.2533618112405141,0.21860364079475403,0.30582839250564575,3.4001713593800864,3.244525194168091,3.558150053024292,2.4507744312286377,2.341129779815674,2.5557974576950073,0.8904562622518708,0.8392040795570413,0.9177553804863892,2.9889440536499023,2.8637847900390625
DTD|GTSRB|MNIST,3,0.15203454345464706,0.0862671509385109,0.21252723038196564,1.1059958338737488,0.6463059782981873,1.3719671964645386,3.5719971656799316,3.198267936706543,3.7616090774536133,0.849922304582935,0.7813318503103585,0.9067739740201995,-8.763911288190031e-09,-2.629172612955699e-08,1.5071652622828566e-18,-1.470639093509538e-13,-4.4119159822893217e-13,1.5070486165733342e-34,1118.7008463541667,4.1808268950787805e-14,1678.05126953125,0.1421329887257889,0.12954391851089894,0.15259508956689388,0.10184124243135252,0.06994802160188555,0.15515765726566313,0.2208833357691765,0.17781210832297803,0.2901959399878979,0.30136370653907457,0.2881211578845978,0.3140910381823778,0.3006489423414071,0.24883417591452597,0.38557306945323944,0.9716780316829682,0.9490800726413727,0.9846444416046143,0.0531634787718455,0.03848227858543396,0.07869261503219604,0.3034790058930715,0.22779788076877594,0.4428389370441437,3.3000384171803794,3.2251665592193604,3.3761603832244873,2.395704984664917,2.372791886329651,2.4330272674560547,0.9670060452020652,0.950657700719221,0.9930339502158289,2.9951589107513428,2.867891550064087
DTD|GTSRB|RESISC45,3,0.260114923119545,0.21252723038196564,0.3047761917114258,2.1595203479131064,1.3719671964645386,2.86468243598938,3.5417046546936035,3.198267936706543,3.7147674560546875,0.783665315691689,0.6868055237365971,0.9067739740201995,1.8188838612059426e-08,-2.629172612955699e-08,8.085559244364049e-08,3.052025411189273e-13,-4.4119159822893217e-13,1.3567992215857139e-12,1118.7008463541667,1.0901146657452468e-13,1678.05126953125,0.17821567330198984,0.1513640237180516,0.230687906621024,0.09672761615365744,0.07849837850779295,0.13126642152667045,0.21396243107815582,0.19433914750814438,0.2529061867296696,0.3362839907159408,0.31191114723682406,0.3828497867286205,0.29290549476941424,0.2642727071046829,0.3469041955471039,0.988540719350179,0.9813095808029175,0.9975438833236694,0.043963285783926644,0.04230622202157974,0.0472680926322937,0.2589775174856186,0.23980019986629486,0.2902061939239502,3.3576740423838296,3.29878830909729,3.4229538440704346,2.425745169321696,2.3812958002090454,2.478087544441223,0.9482001506225362,0.9230175342586802,0.9709252168897073,2.995121955871582,2.8741164207458496
DTD|GTSRB|SUN397,3,0.27546710272630054,0.21252723038196564,0.3934486508369446,1.9598416090011597,1.3719671964645386,2.9890756607055664,3.181490977605184,3.0410804748535156,3.305124521255493,0.8978641112075634,0.8497286027944496,0.937089756808041,-0.010613045433950438,-0.0318392813205719,1.7131044671714335e-07,-1012.6360677083335,-3037.908203125,9.740603099496828e-14,1138.5418128967285,56.85993576049805,1680.7142333984375,0.18601018680414808,0.15259508956689388,0.2517738260142505,0.09765754148364068,0.07892146952450275,0.13363310649991036,0.21309139067927996,0.19203231208026408,0.2525999009609222,0.34327127406994506,0.3140910381823778,0.40093803748488427,0.293984212577343,0.2639716973900795,0.3504413586854935,0.9757365655899047,0.9556169211864471,0.9902831947803498,0.04011047383149465,0.03467102348804474,0.043344855308532715,0.25912946959336597,0.23221337795257568,0.3053748309612274,3.5470244884490967,3.29878830909729,3.7001407146453857,2.5493922233581543,2.3812958002090454,2.6635581254959106,0.8670448784540775,0.8043638856777989,0.950657700719221,2.983736038208008,2.8734138011932373
DTD|GTSRB|SVHN,3,0.10603512326876323,-0.0747150331735611,0.21252723038196564,0.7721050977706909,-0.5684846639633179,1.512832760810852,3.682103157043457,3.198267936706543,4.1085968017578125,0.841515738944958,0.7693385227813412,0.9067739740201995,-8.446376414024866e-07,-2.5077147256524768e-06,9.352757457392613e-11,-1.4173956939062558e-11,-4.208067921895875e-11,9.35242135090537e-27,1118.7008463541677,2.834084963238004e-12,1678.05126953125,0.15408115196196984,0.1488975227298215,0.16075084358919411,0.11292693911741176,0.07380904737859964,0.18455372154712676,0.23286545582115648,0.18122473910450934,0.32272966936230657,0.3144697991758585,0.30948425829410553,0.31983410105109217,0.3142456618944804,0.25588696360588076,0.41931044042110444,0.9738238620758057,0.9543756783008576,0.985786327123642,0.055003042022387184,0.033533141016960144,0.08916044235229492,0.3369886130094528,0.21860364079475403,0.5525619983673096,3.412437995274862,3.29878830909729,3.558150053024292,2.4775517781575522,2.3812958002090454,2.5557974576950073,0.9114524318266054,0.8692902680484137,0.950657700719221,2.9881584644317627,2.868424654006958
DTD|MNIST|RESISC45,3,0.24046293397744498,0.15730924904346466,0.3047761917114258,2.330989042917887,1.2997143268585205,2.86468243598938,3.837768236796061,3.7147674560546875,4.042422771453857,0.8326988385699948,0.7574164493182705,0.8790189769734666,2.6951861570010174e-08,-7.736520266381133e-15,8.085559244364049e-08,4.522663639205949e-13,-1.298239291886663e-19,1.3567992215857139e-12,1118.7008463541667,1.0322299926705109e-13,1678.05126953125,0.16164889975140492,0.1247148741222918,0.230687906621024,0.09034037478889027,0.06980668123811483,0.13126642152667045,0.20092707571883997,0.1720629321038723,0.2529061867296696,0.31773624303440257,0.28223778448998926,0.3828497867286205,0.28082354138294857,0.2467322526872158,0.3469041955471039,0.9681082892417908,0.9490800726413727,0.9975438833236694,0.04138961682717005,0.0384184792637825,0.0472680926322937,0.25074482957522076,0.22779788076877594,0.2902061939239502,3.4087889194488525,3.3761603832244873,3.4272525310516357,2.4602328141530356,2.4330272674560547,2.478087544441223,0.9760402901992276,0.9641617034921464,0.9930339502158289,2.997182846069336,2.875300407409668
DTD|MNIST|SUN397,3,0.26265231271584827,0.15730924904346466,0.3934486508369446,2.1267109711964927,1.2997143268585205,2.9890756607055664,3.491070508956909,3.0410804748535156,3.7561144828796387,0.9060861260303271,0.8616610894182472,0.937089756808041,-0.010613093773499437,-0.0318392813205719,8.132206117273527e-14,-1012.6360677083334,-3037.908203125,4.6239415628759854e-20,1138.5418128967285,56.85993576049805,1680.7142333984375,0.16981820565337935,0.1281368724349886,0.2517738260142505,0.09053235104928414,0.06801592504605651,0.13363310649991036,0.20190156551698843,0.17529268726706504,0.2525999009609222,0.32558543428778647,0.2876971074938774,0.40093803748488427,0.27994271367788315,0.24055260643363,0.3504413586854935,0.9511369160811106,0.9140474808216095,0.9902831947803498,0.03769317641854286,0.03125239536166191,0.043344855308532715,0.2506064573923747,0.21864666044712067,0.3053748309612274,3.5966145197550454,3.3761603832244873,3.7135424613952637,2.5838798681894937,2.4330272674560547,2.6635581254959106,0.8931219941747086,0.8402189833430843,0.9930339502158289,2.987703561782837,2.8752048015594482
DTD|MNIST|SVHN,3,0.1982318808635076,0.15730924904346466,0.257093220949173,1.7720506588617961,1.2997143268585205,2.5036048889160156,3.7665611108144126,3.7394447326660156,3.804124116897583,0.8982486527979107,0.8484347200333334,0.9846501489421514,-8.359049110945771e-07,-2.5077147256524768e-06,1.0526598566698364e-16,-1.4026893116260893e-11,-4.208067921895875e-11,1.0526274935757172e-32,1118.7008463541677,2.8369917092624375e-12,1678.05126953125,0.13919220465545853,0.12954391851089894,0.1488975227298215,0.12999427053456505,0.06994802160188555,0.24622574262320995,0.26784307015438874,0.17781210832297803,0.44449236303567885,0.30001119000216325,0.2881211578845978,0.30948425829410553,0.3282688801983992,0.24883417591452597,0.480085501074791,0.966622165441513,0.9490800726413727,0.996410745382309,0.07698812584082286,0.033533141016960144,0.15894895792007446,0.4917927732070287,0.21860364079475403,1.0289767980575562,3.415945053100586,3.3135247230529785,3.558150053024292,2.5120394229888916,2.4330272674560547,2.5557974576950073,0.9384942609157351,0.9080395058191942,0.9930339502158289,2.9846625328063965,2.862994432449341
DTD|RESISC45|SUN397,3,0.3622746368249257,0.3047761917114258,0.3934486508369446,3.2505086263020835,2.86468243598938,3.8977677822113037,3.4408463637034097,3.0410804748535156,3.7147674560546875,0.8342569253684703,0.7574164493182705,0.937089756808041,-0.010613003080637876,-0.0318392813205719,1.91223065826307e-07,-1012.6360677083329,-3037.908203125,1.3567992215857139e-12,1138.5418128967285,56.85993576049805,1680.7142333984375,0.2439943460949386,0.230687906621024,0.2517738260142505,0.13829235777258872,0.13126642152667045,0.14997754529118537,0.25817367538809777,0.2525999009609222,0.2690149384737015,0.3940238990883032,0.3828497867286205,0.40093803748488427,0.358292139172554,0.3469041955471039,0.3775308632850647,0.9909925206502278,0.9851504838466645,0.9975438833236694,0.04470767950018247,0.043344855308532715,0.0472680926322937,0.3037665883700053,0.2902061939239502,0.31571874022483826,3.6233230431874595,3.4229538440704346,3.7468745708465576,2.613920052846273,2.478087544441223,2.7001144886016846,0.8961628475360458,0.8461130489652129,0.9709252168897073,2.9892494678497314,2.881479501724243
DTD|RESISC45|SVHN,3,0.2804819643497467,0.18029317259788513,0.3563765287399292,2.7751985788345337,1.512832760810852,3.948080539703369,3.7497998078664145,3.7147674560546875,3.79518723487854,0.8328577660121428,0.7574164493182705,0.8927221286848244,-8.088750222123853e-07,-2.5077147256524768e-06,8.085559244364049e-08,-1.3574626665791004e-11,-4.208067921895875e-11,1.3567992215857139e-12,1118.7008463541677,2.8306872904698688e-12,1678.05126953125,0.17178031926043333,0.13575552843045444,0.230687906621024,0.09178538475185632,0.07028068535029888,0.13126642152667045,0.20402919967969257,0.17795667320489883,0.2529061867296696,0.3301634775847197,0.29815638773143294,0.3828497867286205,0.28318007598320644,0.24674906879663466,0.3469041955471039,0.9712952454884847,0.9543756783008576,0.9975438833236694,0.0383098895351092,0.033533141016960144,0.0472680926322937,0.24598573644955954,0.21860364079475403,0.2902061939239502,3.5292380650838218,3.4229538440704346,3.6066102981567383,2.5420796076456704,2.478087544441223,2.5923538208007812,0.9423754200698359,0.9144093267121818,0.9709252168897073,2.995504379272461,2.8794891834259033
DTD|SUN397|SVHN,3,0.310877392689387,0.18029317259788513,0.3934486508369446,2.571837226549784,1.512832760810852,3.2136032581329346,3.393991788228353,3.0410804748535156,3.7394447326660156,0.8969725683484581,0.8484347200333334,0.937089756808041,-0.010613343759132476,-0.0318392813205719,1.7577579001226695e-06,-1012.636067708347,-3037.908203125,9.99459412800996e-13,1138.5418128967285,56.85993576049805,1680.7142333984375,0.1796258964451651,0.13820634059142323,0.2517738260142505,0.09156426470726729,0.06725064024329186,0.13363310649991036,0.20294906290868917,0.17502254866063593,0.2525999009609222,0.3372931252171596,0.301457079872489,0.40093803748488427,0.2816580412288507,0.23864580139517785,0.3504413586854935,0.9550121454397837,0.9203775632381439,0.9902831947803498,0.034592305620511375,0.02689892053604126,0.043344855308532715,0.24374229709307352,0.20724841952323914,0.3053748309612274,3.713376760482788,3.558150053024292,3.8818395137786865,2.665726661682129,2.5557974576950073,2.7778244018554688,0.895277806639995,0.8461130489652129,0.9253110442425904,2.9902844429016113,2.881565809249878
EuroSAT|GTSRB|MNIST,3,0.19753607362508774,0.0862671509385109,0.26614469289779663,3.03861536582311,0.6463059782981873,4.967022895812988,5.2301866213480634,3.7616090774536133,5.998257160186768,0.5655159595789376,0.40143414760116186,0.7813318503103585,5.023884207609522e-19,0.0,1.5071652622828566e-18,5.023495388577781e-35,0.0,1.5070486165733342e-34,2.787220099541549e-14,6.508467085894628e-20,4.1808268950787805e-14,0.1389586368901655,0.1200994289945811,0.15251652357634157,0.10987709445257982,0.07651109758764506,0.15515765726566313,0.2153456533700228,0.16596948496997357,0.2901959399878979,0.2977052505562703,0.2782855594903231,0.31295126862823963,0.3116376254459222,0.25728564724326136,0.38557306945323944,0.9885669970512391,0.9846444416046143,0.9908609926700592,0.05624742309252421,0.040663763880729675,0.07869261503219604,0.30686748027801514,0.22091415524482727,0.4428389370441437,3.2031830151875815,3.14892578125,3.235456705093384,2.328770716985067,2.28089439868927,2.372791886329651,0.9489699273050586,0.9241933574244079,0.9653899398196222,2.9946658611297607,2.855992555618286
EuroSAT|GTSRB|RESISC45,3,0.37670624256134033,0.2401963770389557,0.6268810033798218,6.3513444264729815,2.2419114112854004,13.30960464477539,4.781809012095134,3.71207857131958,5.930693626403809,0.5575781039028824,0.40143414760116186,0.6868055237365971,8.831740315925115e-13,7.070811921136594e-41,2.6495220947775344e-12,8.831622995121504e-29,0.0,2.6494868985364514e-28,8.468091159745453e-14,4.1808268950787805e-14,1.0901146657452468e-13,0.16588421611425777,0.1513640237180516,0.19377210104838014,0.12280018374323846,0.07849837850779295,0.19193964421749116,0.22867732296387352,0.18987153515219687,0.30182128623127935,0.3266147148360809,0.31191114723682406,0.35498172864317895,0.327778968612353,0.2642727071046829,0.42701003909111024,0.9851616263389588,0.9778551924228668,0.9908609926700592,0.05454913526773453,0.04230622202157974,0.07195529341697693,0.30307233333587646,0.24692615866661072,0.4054414927959442,3.2492123444875083,3.14892578125,3.3512799739837646,2.3588109016418457,2.28089439868927,2.4178521633148193,0.9264931053095818,0.8910718418504433,0.9653899398196222,2.9917237758636475,2.860689401626587
EuroSAT|GTSRB|SUN397,3,0.3131878276666005,0.22042542695999146,0.4789416790008545,4.413316170374553,1.518481969833374,8.218949317932129,4.842242956161499,3.305124521255493,5.930693626403809,0.574529686516692,0.40143414760116186,0.8497286027944496,5.7103482239047785e-08,-4.7992920885465284e-37,1.7131044671714335e-07,3.246867699832276e-14,-1.317220556465328e-43,9.740603099496828e-14,37.906623840332045,4.1808268950787805e-14,56.85993576049805,0.16110985277686268,0.15251652357634157,0.17715138992294668,0.09227478162695964,0.07892146952450275,0.09994034685194492,0.20229840517044065,0.18987153515219687,0.22499136827886104,0.32268512395521004,0.31295126862823963,0.34031935669481755,0.2870483839511871,0.2639716973900795,0.30511929482221606,0.963490979274114,0.9439950239658356,0.9908609926700592,0.04000405718882879,0.03467102348804474,0.04938589036464691,0.2405142287413279,0.23221337795257568,0.25684934854507446,3.4607369899749756,3.14892578125,3.6421444416046143,2.482457955678304,2.28089439868927,2.603322744369507,0.8487595428949963,0.7765248031875678,0.9653899398196222,2.9786620140075684,2.8549978733062744
EuroSAT|GTSRB|SVHN,3,0.18170349299907684,-0.0747150331735611,0.37962913513183594,3.3764830032984414,-0.5684846639633179,7.195416450500488,5.22684367497762,4.1085968017578125,5.930693626403809,0.5641879899797578,0.40143414760116186,0.7693385227813412,3.117585819130871e-11,7.070811921136594e-41,9.352757457392613e-11,3.1174737836351234e-27,0.0,9.35242135090537e-27,1.904294980483743e-12,4.1808268950787805e-14,2.8369917092624375e-12,0.15312445510954906,0.1461059981631115,0.16075084358919411,0.12491940166180332,0.09224195493385196,0.18455372154712676,0.2313140220195055,0.18134086154401302,0.32272966936230657,0.3130191806703806,0.30627217233181,0.31983410105109217,0.3301675201455752,0.27913796037435534,0.41931044042110444,0.9896161015828451,0.985786327123642,0.992200984954834,0.06322116653124492,0.04938589036464691,0.08916044235229492,0.37174657980600995,0.25684934854507446,0.5525619983673096,3.309046745300293,3.14892578125,3.397838830947876,2.4106175104777017,2.28089439868927,2.4955620765686035,0.8912947624750257,0.8392040795570413,0.9653899398196222,2.984196424484253,2.8559019565582275
EuroSAT|MNIST|RESISC45,3,0.3841096858183543,0.25930336117744446,0.6268810033798218,7.03506596883138,2.8285703659057617,13.30960464477539,4.914444923400879,4.042422771453857,5.998257160186768,0.6590984993898825,0.5137818808252925,0.8790189769734666,9.701001894727627e-19,0.0,2.910300568418288e-18,9.700695192355605e-35,0.0,2.910208557706681e-34,6.881535453959101e-14,6.508467085894628e-20,1.0322299926705109e-13,0.14619546805508435,0.1200994289945811,0.19377210104838014,0.11275247434775033,0.06980668123811483,0.19193964421749116,0.2132845677683751,0.16596948496997357,0.30182128623127935,0.3051683575411637,0.2782855594903231,0.35498172864317895,0.31034264634052916,0.2467322526872158,0.42701003909111024,0.9752505536874135,0.9577009117603302,0.9901955568790436,0.05034584552049637,0.0384184792637825,0.07195529341697693,0.28686202069123584,0.22091415524482727,0.4054414927959442,3.3033801714579263,3.235456705093384,3.4272525310516357,2.393298546473185,2.3326258659362793,2.4695836305618286,0.9264756342556658,0.8910718418504433,0.9641617034921464,2.993281364440918,2.862506628036499
EuroSAT|MNIST|SUN397,3,0.32742847005526227,0.23719903826713562,0.4789416790008545,5.092438379923503,2.0913429260253906,8.218949317932129,4.988394816716512,3.6760165691375732,5.998257160186768,0.6352385739481501,0.4724263091544646,0.919507531864693,2.710735372424509e-14,-4.7992920885465284e-37,8.132206117273527e-14,1.541313854291995e-20,-1.317220556465328e-43,4.6239415628759854e-20,37.90662384033203,6.508467085894628e-20,56.85993576049805,0.14179589711750548,0.1200994289945811,0.17715138992294668,0.08148912316188216,0.06801592504605651,0.09994034685194492,0.18875118017196657,0.16596948496997357,0.22499136827886104,0.30210067455967266,0.2782855594903231,0.34031935669481755,0.26765251616636915,0.24055260643363,0.30511929482221606,0.9494126872221629,0.9140474808216095,0.9901955568790436,0.03595713898539543,0.03125239536166191,0.040663763880729675,0.22401359180609384,0.21864666044712067,0.23247995972633362,3.51337997118632,3.235456705093384,3.7135424613952637,2.5169456005096436,2.3326258659362793,2.655054211616516,0.84697904798502,0.7765248031875678,0.9241933574244079,2.9823079109191895,2.8575046062469482
EuroSAT|MNIST|SVHN,3,0.3009556829929352,0.257093220949173,0.37962913513183594,4.888681411743164,2.5036048889160156,7.195416450500488,5.147873957951863,3.804124116897583,5.998257160186768,0.6734077764414047,0.5137818808252925,0.9846501489421514,3.508866188899455e-17,0.0,1.0526598566698364e-16,3.508758311919057e-33,0.0,1.0526274935757172e-32,1.8913278278698487e-12,6.508467085894628e-20,2.8369917092624375e-12,0.13511353329444925,0.1200994289945811,0.1461059981631115,0.13832626504823567,0.07651109758764506,0.24622574262320995,0.2639342365165552,0.16596948496997357,0.44449236303567885,0.2956619618833065,0.2782855594903231,0.30627217233181,0.3388363695641359,0.25728564724326136,0.480085501074791,0.9929357624053955,0.9901955568790436,0.996410745382309,0.08357662955919902,0.040663763880729675,0.15894895792007446,0.518573115269343,0.22091415524482727,1.0289767980575562,3.3156067530314126,3.235456705093384,3.397838830947876,2.4451051553090415,2.3326258659362793,2.547293543815613,0.8904789809335479,0.8392040795570413,0.9241933574244079,2.980684757232666,2.851531505584717
EuroSAT|RESISC45|SUN397,3,0.4981405834356944,0.38859906792640686,0.6268810033798218,8.475440581639608,3.8977677822113037,13.30960464477539,4.520085573196411,3.5666911602020264,5.290910720825195,0.6217285065014843,0.4724263091544646,0.8082645699790998,6.374102194210234e-08,-4.7992920885465284e-37,1.91223065826307e-07,3.62430106361974e-14,-1.317220556465328e-43,1.087290319085922e-13,37.90662384033207,1.0322299926705109e-13,56.85993576049805,0.20681493220695604,0.17715138992294668,0.2495213056495413,0.14728584545354048,0.09994034685194492,0.19193964421749116,0.2652758643279473,0.22499136827886104,0.30182128623127935,0.36452831946313385,0.34031935669481755,0.39828387305140495,0.3698867323994637,0.30511929482221606,0.42701003909111024,0.9690002334117889,0.9439950239658356,0.9851504838466645,0.05047354723016421,0.03595525771379471,0.07195529341697693,0.3178800642490387,0.23247995972633362,0.4054414927959442,3.52848219871521,3.2474312782287598,3.7468745708465576,2.5469857851664224,2.3776861429214478,2.7001144886016846,0.8463489739304094,0.7765248031875678,0.8910718418504433,2.9823272228240967,2.862298011779785
EuroSAT|RESISC45|SVHN,3,0.454295555750529,0.3563765287399292,0.6268810033798218,8.151033878326416,3.948080539703369,13.30960464477539,4.713027556737264,3.79518723487854,5.64124059677124,0.6663360228708276,0.5217912995567703,0.8927221286848244,7.802219056015265e-11,1.061035171217465e-40,2.3406657168045797e-10,7.801976614661032e-27,0.0,2.3405929843983096e-26,1.9236339996664526e-12,1.0322299926705109e-13,2.8369917092624375e-12,0.15854454254731534,0.13575552843045444,0.19377210104838014,0.11815409483388066,0.07028068535029888,0.19193964421749116,0.2203729403267304,0.17795667320489883,0.30182128623127935,0.3198034295688073,0.29815638773143294,0.35498172864317895,0.3176323560873668,0.24674906879663466,0.42701003909111024,0.977340784072876,0.9619661748409272,0.992200984954834,0.05240029841661453,0.03412843495607376,0.07195529341697693,0.3134724199771881,0.22914737462997437,0.4054414927959442,3.4172934691111245,3.2474312782287598,3.6066102981567383,2.4751453399658203,2.3776861429214478,2.5923538208007812,0.8906892126717011,0.8392040795570413,0.9417917166076185,2.989158868789673,2.866166353225708
EuroSAT|SUN397|SVHN,3,0.4058203895886739,0.3588903546333313,0.4789416790008545,6.209323008855184,3.2136032581329346,8.218949317932129,4.777867158253987,3.4014501571655273,5.64124059677124,0.6332036123050783,0.4724263091544646,0.9053932282039999,5.859193000408899e-07,-4.7992920885465284e-37,1.7577579001226695e-06,3.33153137600332e-13,-1.317220556465328e-43,9.99459412800996e-13,37.906623840332976,2.8369917092624375e-12,56.85993576049805,0.1538212428924938,0.13820634059142323,0.17715138992294668,0.08647764734302958,0.06725064024329186,0.09994034685194492,0.19378492616117002,0.17502254866063593,0.22499136827886104,0.3160162029663722,0.301457079872489,0.34031935669481755,0.2743010188639164,0.23864580139517785,0.30511929482221606,0.9521911907196046,0.9203775632381439,0.992200984954834,0.03799044837554296,0.02689892053604126,0.05111716687679291,0.24851892391840616,0.20724841952323914,0.30582839250564575,3.6236063639322915,3.397838830947876,3.8818395137786865,2.598792394002279,2.455396056175232,2.7778244018554688,0.8470133089957331,0.7765248031875678,0.9253110442425904,2.982456922531128,2.8635005950927734
GTSRB|MNIST|RESISC45,3,0.20287061979373297,0.0862671509385109,0.26304134726524353,1.9055959184964497,0.6463059782981873,2.8285703659057617,3.838703473409017,3.71207857131958,4.042422771453857,0.7823854503401407,0.6868055237365971,0.8790189769734666,8.831755040811217e-13,1.5071652622828566e-18,2.6495220947775344e-12,8.831637719312085e-29,1.5070486165733342e-34,2.6494868985364514e-28,8.468091159745453e-14,4.1808268950787805e-14,1.0901146657452468e-13,0.14011295197997242,0.1247148741222918,0.1513640237180516,0.10115423900385696,0.06980668123811483,0.15515765726566313,0.21886600653330487,0.1720629321038723,0.2901959399878979,0.2986759517590205,0.28223778448998926,0.31191114723682406,0.29885934308171275,0.2467322526872158,0.38557306945323944,0.9763713490962983,0.9577009117603302,0.9867686939239502,0.053139105439186096,0.0384184792637825,0.07869261503219604,0.30799850324789685,0.2342304140329361,0.4428389370441437,3.334566354751587,3.2251665592193604,3.4272525310516357,2.4200758934020996,2.372791886329651,2.4695836305618286,0.9481685741406575,0.9230175342586802,0.9641617034921464,2.9944558143615723,2.8695268630981445
GTSRB|MNIST|SUN397,3,0.181297205388546,0.0862671509385109,0.23719903826713562,1.4187102913856506,0.6463059782981873,2.0913429260253906,3.58091672261556,3.305124521255493,3.7616090774536133,0.8501893283231671,0.7813318503103585,0.919507531864693,5.71035093469039e-08,1.5071652622828566e-18,1.7131044671714335e-07,3.2468692411461305e-14,1.5070486165733342e-34,9.740603099496828e-14,37.906623840332045,4.1808268950787805e-14,56.85993576049805,0.14201949178862075,0.1281368724349886,0.1536616448312998,0.10069835061207415,0.06801592504605651,0.15515765726566313,0.21917364644507567,0.17529268726706504,0.2901959399878979,0.3014535925288995,0.2876971074938774,0.314784746542573,0.29669912442564966,0.24055260643363,0.38557306945323944,0.9514362812042236,0.9140474808216095,0.9846444416046143,0.048205344627300896,0.03125239536166191,0.07869261503219604,0.29789965848128,0.21864666044712067,0.4428389370441437,3.5269511540730796,3.2251665592193604,3.7135424613952637,2.543722947438558,2.372791886329651,2.655054211616516,0.867303117897343,0.8043638856777989,0.9573264846711458,2.982407808303833,2.867647647857666
GTSRB|MNIST|SVHN,3,0.08954844623804092,-0.0747150331735611,0.257093220949173,0.8604754010836283,-0.5684846639633179,2.5036048889160156,3.8914433320363364,3.7616090774536133,4.1085968017578125,0.8451068406779504,0.7693385227813412,0.9846501489421514,3.117589378235902e-11,1.5071652622828566e-18,9.352757457392613e-11,3.117477342628389e-27,1.5070486165733342e-34,9.35242135090537e-27,1.904294980483743e-12,4.1808268950787805e-14,2.8369917092624375e-12,0.14804865813814103,0.13913517272565515,0.16075084358919411,0.19531237381199995,0.15515765726566313,0.24622574262320995,0.35247265746196116,0.2901959399878979,0.44449236303567885,0.30804705947637556,0.30187892355024815,0.31983410105109217,0.4283230036497116,0.38557306945323944,0.480085501074791,0.9889471713701884,0.9846444416046143,0.996410745382309,0.1089340051015218,0.07869261503219604,0.15894895792007446,0.6747925778230032,0.4428389370441437,1.0289767980575562,3.306355635325114,3.2251665592193604,3.380375623703003,2.4718825022379556,2.372791886329651,2.547293543815613,0.9115520861795846,0.8692902680484137,0.9573264846711458,2.9787232875823975,2.852940559387207
GTSRB|RESISC45|SUN397,3,0.2906886140505473,0.22042542695999146,0.38859906792640686,2.552720387776693,1.518481969833374,3.8977677822113037,3.5279647509256997,3.305124521255493,3.71207857131958,0.7815995655033822,0.6868055237365971,0.8497286027944496,1.2084538735518172e-07,2.6495220947775344e-12,1.91223065826307e-07,6.871168763452024e-14,2.6494868985364514e-28,1.087290319085922e-13,37.90662384033207,1.0901146657452468e-13,56.85993576049805,0.18484899139963087,0.1513640237180516,0.2495213056495413,0.1024657977744937,0.07849837850779295,0.14997754529118537,0.21846213268737,0.19203231208026408,0.2690149384737015,0.34165992227693404,0.31191114723682406,0.39828387305140495,0.3019250892599424,0.2639716973900795,0.3775308632850647,0.9758453663190206,0.9556169211864471,0.9867686939239502,0.040162445356448494,0.03467102348804474,0.04351009055972099,0.26495275894800824,0.23221337795257568,0.31571874022483826,3.580099662144979,3.3512799739837646,3.7468745708465576,2.573763132095337,2.4178521633148193,2.7001144886016846,0.8662772322298987,0.8043638856777989,0.9230175342586802,2.9862301349639893,2.87568998336792
GTSRB|RESISC45|SVHN,3,0.1815676142772039,-0.0747150331735611,0.3563765287399292,1.8738357623418171,-0.5684846639633179,3.948080539703369,3.8719542026519775,3.71207857131958,4.1085968017578125,0.7829553917342542,0.6868055237365971,0.8927221286848244,1.1008122278305388e-10,2.6495220947775344e-12,2.3406657168045797e-10,1.1007766628247371e-26,2.6494868985364514e-28,2.3405929843983096e-26,1.9245945734274656e-12,1.0901146657452468e-13,2.834084963238004e-12,0.1492901319125667,0.13575552843045444,0.16075084358919411,0.1111109284684062,0.07028068535029888,0.18455372154712676,0.23167516335844993,0.17795667320489883,0.32272966936230657,0.3099672120064497,0.29815638773143294,0.31983410105109217,0.3101107387741407,0.24674906879663466,0.41931044042110444,0.9781737319628397,0.9619661748409272,0.9867686939239502,0.05519836644331614,0.03412843495607376,0.08916044235229492,0.34287851055463153,0.22914737462997437,0.5525619983673096,3.4460886319478354,3.3512799739837646,3.6066102981567383,2.501922686894735,2.4178521633148193,2.5923538208007812,0.9113665063049042,0.8692902680484137,0.9417917166076185,2.989891529083252,2.8710262775421143
GTSRB|SUN397|SVHN,3,0.16820024947325388,-0.0747150331735611,0.3588903546333313,1.3878668546676636,-0.5684846639633179,3.2136032581329346,3.605057160059611,3.305124521255493,4.1085968017578125,0.8414867845932635,0.7693385227813412,0.9053932282039999,6.430539581381289e-07,9.352757457392613e-11,1.7577579001226695e-06,3.6562181459865783e-13,9.35242135090537e-27,9.99459412800996e-13,37.906623840332976,2.834084963238004e-12,56.85993576049805,0.1508729430039724,0.13820634059142323,0.16075084358919411,0.11024194377164047,0.06725064024329186,0.18455372154712676,0.22992817670106888,0.17502254866063593,0.32272966936230657,0.3120253091553847,0.301457079872489,0.31983410105109217,0.3073093130687872,0.23864580139517785,0.41931044042110444,0.9539269371827443,0.9203775632381439,0.985786327123642,0.050243462125460304,0.02689892053604126,0.08916044235229492,0.3306745986143748,0.20724841952323914,0.5525619983673096,3.634786526362101,3.380375623703003,3.8818395137786865,2.625569740931193,2.4955620765686035,2.7778244018554688,0.8663217326562677,0.8043638856777989,0.9253110442425904,2.9835519790649414,2.871613025665283
MNIST|RESISC45|SUN397,3,0.29503382245699566,0.23719903826713562,0.38859906792640686,2.939227024714152,2.0913429260253906,3.8977677822113037,3.7617101669311523,3.5666911602020264,4.042422771453857,0.8689303596057533,0.8082645699790998,0.919507531864693,6.374104905042615e-08,2.910300568418288e-18,1.91223065826307e-07,3.6243026049335945e-14,2.910208557706681e-34,1.087290319085922e-13,37.90662384033207,1.0322299926705109e-13,56.85993576049805,0.16745768406894057,0.1247148741222918,0.2495213056495413,0.09593338385845224,0.06801592504605651,0.14997754529118537,0.2054568526148796,0.1720629321038723,0.2690149384737015,0.32273958834509053,0.28223778448998926,0.39828387305140495,0.28827190746863685,0.24055260643363,0.3775308632850647,0.9522996254762014,0.9140474808216095,0.9851504838466645,0.03772698839505514,0.03125239536166191,0.04351009055972099,0.25619860490163165,0.21864666044712067,0.31571874022483826,3.629223187764486,3.4272525310516357,3.7468745708465576,2.6082507769266763,2.4695836305618286,2.7001144886016846,0.8919436545294825,0.8402189833430843,0.9641617034921464,2.989894390106201,2.8783137798309326
MNIST|RESISC45|SVHN,3,0.2909243702888489,0.257093220949173,0.3563765287399292,3.093418598175049,2.5036048889160156,3.948080539703369,3.88057804107666,3.79518723487854,4.042422771453857,0.9187970848668141,0.8790189769734666,0.9846501489421514,7.802222661891473e-11,2.910300568418288e-18,2.3406657168045797e-10,7.801980220426296e-27,2.910208557706681e-34,2.3405929843983096e-26,1.9236339996664526e-12,1.0322299926705109e-13,2.8369917092624375e-12,0.1332018584261338,0.1247148741222918,0.13913517272565515,0.12877103640387455,0.06980668123811483,0.24622574262320995,0.2648373227814833,0.1720629321038723,0.44449236303567885,0.2942741086830695,0.28223778448998926,0.30242815382778643,0.3245222741862138,0.2467322526872158,0.480085501074791,0.9720259439945221,0.9577009117603302,0.996410745382309,0.07716529071331024,0.03412843495607376,0.15894895792007446,0.4974515289068222,0.22914737462997437,1.0289767980575562,3.4491291840871177,3.3135247230529785,3.6066102981567383,2.536410331726074,2.4695836305618286,2.5923538208007812,0.9379976419729864,0.9080395058191942,0.9641617034921464,2.9862868785858154,2.866558074951172
MNIST|SUN397|SVHN,3,0.28439420461654663,0.23719903826713562,0.3588903546333313,2.602850357691447,2.0913429260253906,3.2136032581329346,3.627196947733561,3.4014501571655273,3.804124116897583,0.9365169696702814,0.9053932282039999,0.9846501489421514,5.859193271833322e-07,1.0526598566698364e-16,1.7577579001226695e-06,3.331531530134705e-13,1.0526274935757172e-32,9.99459412800996e-13,37.906623840332976,2.8369917092624375e-12,56.85993576049805,0.13515946191735564,0.1281368724349886,0.13913517272565515,0.12716410263751945,0.06725064024329186,0.24622574262320995,0.2649358663211266,0.17502254866063593,0.44449236303567885,0.29719411373138427,0.2876971074938774,0.30242815382778643,0.31976130296786626,0.23864580139517785,0.480085501074791,0.9436119298140208,0.9140474808216095,0.996410745382309,0.07236675793925922,0.02689892053604126,0.15894895792007446,0.484957292675972,0.20724841952323914,1.0289767980575562,3.6363022327423096,3.3135247230529785,3.8818395137786865,2.6600573857625327,2.547293543815613,2.7778244018554688,0.8911898444682896,0.8402189833430843,0.9253110442425904,2.981874942779541,2.867169141769409
RESISC45|SUN397|SVHN,3,0.3679553170998891,0.3563765287399292,0.38859906792640686,3.686483860015869,3.2136032581329346,3.948080539703369,3.5877761840820312,3.4014501571655273,3.79518723487854,0.8687933089559747,0.8082645699790998,0.9053932282039999,6.497383441735524e-07,2.3406657168045797e-10,1.7577579001226695e-06,3.693961482365372e-13,2.3405929843983096e-26,9.99459412800996e-13,37.906623840332976,2.8306872904698688e-12,56.85993576049805,0.17449439155713967,0.13575552843045444,0.2495213056495413,0.09583629029492537,0.06725064024329186,0.14997754529118537,0.2073313867797454,0.17502254866063593,0.2690149384737015,0.33263244688510896,0.29815638773143294,0.39828387305140495,0.28764191115895904,0.23864580139517785,0.3775308632850647,0.9558314073085784,0.9203775632381439,0.9851504838466645,0.03484581535061201,0.02689892053604126,0.04351009055972099,0.2507048447926839,0.20724841952323914,0.31571874022483826,3.745108127593994,3.6066102981567383,3.8818395137786865,2.6900975704193115,2.5923538208007812,2.7778244018554688,0.9128510125344754,0.8714502767532172,0.9417917166076185,2.991973400115967,2.8854541778564453
Cars|DTD|EuroSAT|GTSRB,4,0.20469796905914941,0.11237576603889465,0.2593582272529602,2.4903561572233834,0.7252952456474304,4.1707563400268555,4.64404543240865,3.198267936706543,5.932454586029053,0.6833810792487993,0.40143414760116186,0.9997996632340752,0.0011725846163752607,-1.973479868411232e-07,0.007035731337964535,2983.6376953124995,-2.992344219632237e-12,17901.826171875,1440.5634358723958,4.1808268950787805e-14,2254.71484375,0.16725160250905902,0.14847369547002018,0.21378606349229812,0.08838101028464734,0.06985590515658259,0.10810716398060322,0.2038571758940816,0.18987153515219687,0.2333650331199169,0.32674144321431714,0.3075099489092827,0.3676764128357172,0.27804865017533303,0.24423736676573754,0.3153537392616272,0.9802531490723293,0.9666107904911041,0.9960398495197296,0.040593198190132775,0.03231355920433998,0.04938589036464691,0.23952105393012366,0.20050103962421417,0.26001840829849243,3.39382795492808,3.14892578125,3.620723247528076,2.443110764026642,2.28089439868927,2.6053271293640137,0.8938130054156019,0.8091833824900917,0.9653899398196222,3.9821243286132812,3.7872655391693115
Cars|DTD|EuroSAT|MNIST,4,0.20306904862324396,0.13187190890312195,0.26614469289779663,2.7830704847971597,1.0481988191604614,4.967022895812988,4.817832867304484,3.4841229915618896,5.998257160186768,0.6870090200918604,0.4426171648959998,0.9997996632340752,0.0011726218896633762,-7.736520266381133e-15,0.007035731337964535,2983.6376953125,-1.298239291886663e-19,17901.826171875,1440.5634358723958,6.508467085894628e-20,2254.71484375,0.15521688095061106,0.1200994289945811,0.21378606349229812,0.08213003244561454,0.06985590515658259,0.10810716398060322,0.1951203359166781,0.16596948496997357,0.2333650331199169,0.3134700073922674,0.2782855594903231,0.3676764128357172,0.26693014323711395,0.24423736676573754,0.3153537392616272,0.9691746900478999,0.9425064945220947,0.9960398495197296,0.03804957369963328,0.03231355920433998,0.04307468608021736,0.23031814893086752,0.20050103962421417,0.26001840829849243,3.4331027269363403,3.235456705093384,3.620723247528076,2.4689764976501465,2.3326258659362793,2.6053271293640137,0.900236794638472,0.8091833824900917,0.9930339502158289,3.9843015670776367,3.788882255554199
Cars|DTD|EuroSAT|RESISC45,4,0.30781348546346027,0.14726534485816956,0.6268810033798218,4.647677361965179,1.0481988191604614,13.30960464477539,4.600686113039653,3.4841229915618896,5.932454586029053,0.6640497473218111,0.4426171648959998,0.9997996632340752,0.001172623400552908,-7.179023953085562e-08,0.007035731337964535,2983.6376953125,-1.088538764335012e-12,17901.826171875,1440.5634358723958,1.0322299926705109e-13,2254.71484375,0.19806888140815618,0.1582983256969601,0.230687906621024,0.11601635986628632,0.06985590515658259,0.19193964421749116,0.23681202452629804,0.1901806677877903,0.30182128623127935,0.35490526733299094,0.31929037734866145,0.3828497867286205,0.3188842564324538,0.24423736676573754,0.42701003909111024,0.9840674551328022,0.9666107904911041,0.9975438833236694,0.04462549835443497,0.03231355920433998,0.07195529341697693,0.2722209170460701,0.20050103962421417,0.4054414927959442,3.4528174797693887,3.244525194168091,3.6762349605560303,2.4915066361427307,2.341129779815674,2.6418834924697876,0.8964558863224128,0.8091833824900917,0.9709252168897073,3.982599973678589,3.794001817703247
Cars|DTD|EuroSAT|SUN397,4,0.3027673810720444,0.14726534485816956,0.4789416790008545,3.7809496919314065,1.0481988191604614,8.218949317932129,4.497130672136943,3.0410804748535156,5.932454586029053,0.7052567954207731,0.4426171648959998,0.9997996632340752,-0.01286953641101718,-0.05241366848349571,0.007035731337964535,1724.1704915364583,-4518.89501953125,17901.826171875,1451.1155312856038,56.85993576049805,2254.71484375,0.20575826556499424,0.1582983256969601,0.2557000710116699,0.10660057533221941,0.06985590515658259,0.13399490974843503,0.22781866837292908,0.1901806677877903,0.2525999009609222,0.36160207344839973,0.31929037734866145,0.4024586429446936,0.3071214430530866,0.24423736676573754,0.3504413586854935,0.9767253792285918,0.9439950239658356,0.9960398495197296,0.03820806865890821,0.03231355920433998,0.043344855308532715,0.2537488763531049,0.20050103962421417,0.3053748309612274,3.5985077222188315,3.244525194168091,3.9294800758361816,2.5842419266700745,2.341129779815674,2.827354073524475,0.8651525029318646,0.7765248031875678,0.9596400766387169,3.976895570755005,3.7952115535736084
Cars|DTD|EuroSAT|SVHN,4,0.23469707369804382,0.14726534485816956,0.37962913513183594,3.267343978087107,1.0481988191604614,7.195416450500488,4.741692225138347,3.4841229915618896,5.932454586029053,0.6839355750401467,0.4426171648959998,0.9997996632340752,0.0011718727636207404,-2.5077147256524768e-06,0.007035731337964535,2983.6376953124877,-4.208067921895875e-11,17901.826171875,1440.5634358723964,2.8369917092624375e-12,2254.71484375,0.16234270519654578,0.12912840384524316,0.21378606349229812,0.08387644081376493,0.06517255367711186,0.10810716398060322,0.19754808014879624,0.17969981715083122,0.2333650331199169,0.3217449563369155,0.2888169038295746,0.3676764128357172,0.2692621936897437,0.2377028200030327,0.3153537392616272,0.9712285578250884,0.9475286674499511,0.9960398495197296,0.037708042189478874,0.027750547975301743,0.05111716687679291,0.23763086398442587,0.20050103962421417,0.30582839250564575,3.5201489130655923,3.244525194168091,3.7946197986602783,2.530361592769623,2.341129779815674,2.7195934057235718,0.8877462790618337,0.8091833824900917,0.9642271793020888,3.98129940032959,3.7937755584716797
Cars|DTD|GTSRB|MNIST,4,0.14126944169402122,0.0862671509385109,0.21252723038196564,1.0301349957784016,0.6463059782981873,1.3719671964645386,3.5675800244013467,3.198267936706543,3.811340093612671,0.8863351190985386,0.7813318503103585,0.9997996632340752,0.0011725846163778812,-1.973479868411232e-07,0.007035731337964535,2983.6376953124995,-2.992344219632237e-12,17901.826171875,1440.5634358723958,4.1808268950787805e-14,2254.71484375,0.15339872614946215,0.12954391851089894,0.21378606349229812,0.09229202158749104,0.06994802160188555,0.15515765726566313,0.21027520445485912,0.17781210832297803,0.2901959399878979,0.31129906746248404,0.2881211578845978,0.3676764128357172,0.28394491647680603,0.24883417591452597,0.38557306945323944,0.9716104573011398,0.9425064945220947,0.9960398495197296,0.04521065826217333,0.035304002463817596,0.07869261503219604,0.27529722700516385,0.22779788076877594,0.4428389370441437,3.447086970011393,3.2251665592193604,3.620723247528076,2.4890595078468323,2.372791886329651,2.6053271293640137,0.9160776893292314,0.8381933031550787,0.9930339502158289,3.984504222869873,3.798945188522339
Cars|DTD|GTSRB|RESISC45,4,0.21535352617502213,0.11237576603889465,0.3047761917114258,1.7702458202838898,0.7252952456474304,2.86468243598938,3.5581119060516357,3.198267936706543,3.8454089164733887,0.83583599864193,0.6868055237365971,0.9997996632340752,0.0011725861277089998,-1.973479868411232e-07,0.007035731337964535,2983.6376953124995,-2.992344219632237e-12,17901.826171875,1440.5634358723958,1.0901146657452468e-13,2254.71484375,0.18515595886778705,0.14847369547002018,0.230687906621024,0.09416371144354345,0.07849837850779295,0.13126642152667045,0.21334879410763583,0.19433914750814438,0.2529061867296696,0.34162366982549425,0.3075099489092827,0.3828497867286205,0.287394903972745,0.2642727071046829,0.3469041955471039,0.9889139918486277,0.9760823047161102,0.9975438833236694,0.04050692915916443,0.03468220680952072,0.0472680926322937,0.2537933091322581,0.23980019986629486,0.2902061939239502,3.4858248631159463,3.29878830909729,3.6762349605560303,2.5115896463394165,2.3812958002090454,2.6418834924697876,0.9120988752067554,0.8381933031550787,0.9709252168897073,3.9859979152679443,3.80698299407959
Cars|DTD|GTSRB|SUN397,4,0.22786132246255875,0.11237576603889465,0.3934486508369446,1.6313891311486561,0.7252952456474304,2.9890756607055664,3.288688143094381,3.0410804748535156,3.4841229915618896,0.9228749484532713,0.8497286027944496,0.9997996632340752,-0.012869545132561555,-0.05241366848349571,0.007035731337964535,1724.1704915364578,-4518.89501953125,17901.826171875,1451.1155312856038,56.85993576049805,2254.71484375,0.19599839839773872,0.14847369547002018,0.2557000710116699,0.10015165830651919,0.07892146952450275,0.13399490974843503,0.21677595170835653,0.19203231208026408,0.2525999009609222,0.3512431378165881,0.3075099489092827,0.4024586429446936,0.2958970463524262,0.2639716973900795,0.3504413586854935,0.9820233152310053,0.9556169211864471,0.9960398495197296,0.03881697232524554,0.03467102348804474,0.043344855308532715,0.2616960604985555,0.23221337795257568,0.3053748309612274,3.6227076053619385,3.29878830909729,3.9294800758361816,2.6043249368667603,2.3812958002090454,2.827354073524475,0.880111056829873,0.8043638856777989,0.9596400766387169,3.9794726371765137,3.810011625289917
Cars|DTD|GTSRB|SVHN,4,0.1271530290444692,-0.0747150331735611,0.21252723038196564,0.940544456243515,-0.5684846639633179,1.5534573793411255,3.608773430188497,3.198267936706543,4.1085968017578125,0.8799278830034091,0.7693385227813412,0.9997996632340752,0.0011718355059231744,-2.5077147256524768e-06,0.007035731337964535,2983.6376953124873,-4.208067921895875e-11,17901.826171875,1440.5634358723964,2.834084963238004e-12,2254.71484375,0.1589386031155785,0.12912840384524316,0.21378606349229812,0.09631596444485087,0.06517255367711186,0.18455372154712676,0.2155633408203721,0.17969981715083122,0.32272966936230657,0.317902110517025,0.2888169038295746,0.3676764128357172,0.2882578099022309,0.2377028200030327,0.41931044042110444,0.973520401318868,0.9475286674499511,0.9960398495197296,0.04487153080602487,0.027750547975301743,0.08916044235229492,0.28674474606911343,0.2051803022623062,0.5525619983673096,3.5329376459121704,3.29878830909729,3.7946197986602783,2.5504446029663086,2.3812958002090454,2.7195934057235718,0.9030793506266989,0.8381933031550787,0.9642271793020888,3.9814679622650146,3.8022003173828125
Cars|DTD|MNIST|RESISC45,4,0.20877688874801,0.13187190890312195,0.3047761917114258,1.9166523615519206,1.0481988191604614,2.86468243598938,3.775696118672689,3.4841229915618896,4.042422771453857,0.8527748928204475,0.7572647109563557,0.9997996632340752,0.0011726234005555289,-7.179023953085562e-08,0.007035731337964535,2983.6376953125,-1.088538764335012e-12,17901.826171875,1440.5634358723958,1.0322299926705109e-13,2254.71484375,0.1740825614736726,0.1247148741222918,0.230687906621024,0.09003935587902863,0.06980668123811483,0.13126642152667045,0.20488292659322418,0.1720629321038723,0.2529061867296696,0.32918429173529146,0.28223778448998926,0.3828497867286205,0.2791477400312821,0.2467322526872158,0.3469041955471039,0.9731018084287643,0.9425064945220947,0.9975438833236694,0.03876903528968493,0.03468220680952072,0.0472680926322937,0.24846364557743073,0.22779788076877594,0.2902061939239502,3.5233399073282876,3.3761603832244873,3.6762349605560303,2.537455379962921,2.4330272674560547,2.6418834924697876,0.9322461230344055,0.8755563713909044,0.9930339502158289,3.9900062084198,3.808682680130005
Cars|DTD|MNIST|SUN397,4,0.22470328460137048,0.13187190890312195,0.3934486508369446,1.775496006011963,1.0481988191604614,2.9890756607055664,3.5130303303400674,3.0410804748535156,3.811340093612671,0.9194080886040178,0.8614884670222698,0.9997996632340752,-0.012869536411001005,-0.05241366848349571,0.007035731337964535,1724.1704915364583,-4518.89501953125,17901.826171875,1451.1155312856038,56.85993576049805,2254.71484375,0.18511239720353234,0.1281368724349886,0.2557000710116699,0.09565832820720971,0.06801592504605651,0.13399490974843503,0.2092328492924571,0.17529268726706504,0.2525999009609222,0.33923471367607516,0.2876971074938774,0.4024586429446936,0.2866701096544663,0.24055260643363,0.3504413586854935,0.964127522110939,0.9140474808216095,0.9960398495197296,0.03715726422766844,0.03125239536166191,0.043344855308532715,0.2562212347984314,0.21864666044712067,0.3053748309612274,3.6594602266947427,3.3761603832244873,3.9294800758361816,2.630190670490265,2.4330272674560547,2.827354073524475,0.8993767927294928,0.8402189833430843,0.9930339502158289,3.984640121459961,3.8120992183685303
Cars|DTD|MNIST|SVHN,4,0.17650076498587927,0.13187190890312195,0.257093220949173,1.5011894305547078,1.0481988191604614,2.5036048889160156,3.720554828643799,3.4841229915618896,3.811340093612671,0.9007164726692501,0.8482647473654237,0.9997996632340752,0.0011718727636233783,-2.5077147256524768e-06,0.007035731337964535,2983.6376953124877,-4.208067921895875e-11,17901.826171875,1440.5634358723964,2.8369917092624375e-12,2254.71484375,0.1487041188435008,0.12912840384524316,0.21378606349229812,0.10391889527129629,0.06517255367711186,0.24622574262320995,0.23110395815223453,0.17781210832297803,0.44449236303567885,0.3075073016807437,0.2881211578845978,0.3676764128357172,0.29306323180596033,0.2377028200030327,0.480085501074791,0.9643235846360524,0.9425064945220947,0.996410745382309,0.0554130133241415,0.027750547975301743,0.15894895792007446,0.3629335065682729,0.2051803022623062,1.0289767980575562,3.5466487805048623,3.3135247230529785,3.7946197986602783,2.5763103365898132,2.4330272674560547,2.7195934057235718,0.922827443210568,0.8755563713909044,0.9930339502158289,3.979456901550293,3.796978235244751
Cars|DTD|RESISC45|SUN397,4,0.2945583413044612,0.14726534485816956,0.3934486508369446,2.5507434010505676,1.0481988191604614,3.8977677822113037,3.493596394856771,3.0410804748535156,3.8454089164733887,0.8661228622621038,0.7572647109563557,0.9997996632340752,-0.012869503029614057,-0.05241366848349571,0.007035731337964535,1724.1704915364583,-4518.89501953125,17901.826171875,1451.1155312856038,56.85993576049805,2254.71484375,0.23591635785453643,0.21378606349229812,0.2557000710116699,0.12396683456376195,0.0940720197558403,0.14997754529118537,0.24390294622629882,0.21947736218571662,0.2690149384737015,0.38631840635091064,0.36570368506014345,0.4024586429446936,0.3331665336837371,0.2832543121278286,0.3775308632850647,0.99292751510938,0.9851504838466645,0.9975438833236694,0.04056088315943877,0.03468220680952072,0.0472680926322937,0.28354812661806744,0.241504967212677,0.31571874022483826,3.682734568913778,3.4229538440704346,3.9294800758361816,2.652720808982849,2.478087544441223,2.827354073524475,0.90632135257745,0.8461130489652129,0.9709252168897073,3.987346649169922,3.8194804191589355
Cars|DTD|RESISC45|SVHN,4,0.23766970137755075,0.14726534485816956,0.3563765287399292,2.216111958026886,1.0481988191604614,3.948080539703369,3.717852314313253,3.4841229915618896,3.8454089164733887,0.8506504032653804,0.7572647109563557,0.9997996632340752,0.0011718743135239879,-2.5077147256524768e-06,0.007035731337964535,2983.6376953124877,-4.208067921895875e-11,17901.826171875,1440.5634358723964,2.8306872904698688e-12,2254.71484375,0.17871406657621267,0.12912840384524316,0.230687906621024,0.08924295537484189,0.06517255367711186,0.13126642152667045,0.2057310649131735,0.17795667320489883,0.2529061867296696,0.33544790574659905,0.2888169038295746,0.3828497867286205,0.2778405409802993,0.2377028200030327,0.3469041955471039,0.9755323153734207,0.9475286674499511,0.9975438833236694,0.0359702625622352,0.027750547975301743,0.0472680926322937,0.24077681452035904,0.2051803022623062,0.2902061939239502,3.613215366999308,3.4229538440704346,3.7946197986602783,2.5988404750823975,2.478087544441223,2.7195934057235718,0.930192155954907,0.8816983258232093,0.9709252168897073,3.9913489818573,3.8146121501922607
Cars|DTD|SUN397|SVHN,4,0.2576991220315297,0.14726534485816956,0.3934486508369446,2.075413962205251,1.0481988191604614,3.2136032581329346,3.4506313800811768,3.0410804748535156,3.7394447326660156,0.9126473564869423,0.8482647473654237,0.9997996632340752,-0.012869992577407174,-0.05241366848349571,0.007035731337964535,1724.1704915364464,-4518.89501953125,17901.826171875,1451.1155312856038,56.85993576049805,2254.71484375,0.18958203794745107,0.12912840384524316,0.2557000710116699,0.09465537955053151,0.06517255367711186,0.13399490974843503,0.20905367432783048,0.17502254866063593,0.2525999009609222,0.34513855587691067,0.2888169038295746,0.4024586429446936,0.2850423070788384,0.2377028200030327,0.3504413586854935,0.966902165611585,0.9203775632381439,0.9960398495197296,0.03434791974723339,0.02689892053604126,0.043344855308532715,0.24748187015453973,0.2051803022623062,0.3053748309612274,3.74749223391215,3.558150053024292,3.9294800758361816,2.691575765609741,2.5557974576950073,2.827354073524475,0.9152331669473334,0.8461130489652129,0.9642271793020888,3.988771438598633,3.8195266723632812
Cars|EuroSAT|GTSRB|MNIST,4,0.18222012743353844,0.0862671509385109,0.26614469289779663,2.5089786450068154,0.6463059782981873,4.967022895812988,4.8047300179799395,3.3940255641937256,5.998257160186768,0.6512681968735273,0.40143414760116186,0.906955670586082,-3.289132723013074e-08,-1.973479868411232e-07,2.3458831584092024e-14,-4.987239773216572e-13,-2.992344219632237e-12,3.5570229415488643e-19,758.1408081054688,6.508467085894628e-20,1516.2816162109375,0.14256359393242746,0.1200994289945811,0.1582983256969601,0.0922739284982284,0.06985590515658259,0.15515765726566313,0.20262358085562784,0.16596948496997357,0.2901959399878979,0.30140550022323925,0.2782855594903231,0.31929037734866145,0.28293643380204836,0.24423736676573754,0.38557306945323944,0.9751500968138377,0.9425064945220947,0.9908609926700592,0.04572836495935917,0.03231355920433998,0.07869261503219604,0.2670719027519226,0.20050103962421417,0.4428389370441437,3.3793781201044717,3.14892578125,3.6167144775390625,2.4388588070869446,2.28089439868927,2.596823215484619,0.8949738064918752,0.8091833824900917,0.9653899398196222,3.980943441390991,3.7831661701202393
Cars|EuroSAT|GTSRB|RESISC45,4,0.2918491065502167,0.11237576603889465,0.6268810033798218,4.378691742817561,0.7252952456474304,13.30960464477539,4.586219350496928,3.3940255641937256,5.932454586029053,0.6299286430245141,0.40143414760116186,0.906955670586082,-4.4855929474980675e-08,-1.973479868411232e-07,2.6495220947775344e-12,-6.801471639945415e-13,-2.992344219632237e-12,2.6494868985364514e-28,758.1408081054688,4.1808268950787805e-14,1516.2816162109375,0.16974227397469802,0.14847369547002018,0.21402897433843462,0.10316397613845767,0.06985590515658259,0.19193964421749116,0.2158234576508403,0.18987153515219687,0.30182128623127935,0.3287246926377217,0.3075099489092827,0.36570368506014345,0.2983288166671991,0.24423736676573754,0.42701003909111024,0.98231960217158,0.9666107904911041,0.9957396388053894,0.04477558843791485,0.03231355920433998,0.07195529341697693,0.265921155611674,0.20050103962421417,0.4054414927959442,3.412312865257263,3.14892578125,3.6762349605560303,2.461388945579529,2.28089439868927,2.6418834924697876,0.8891595286614254,0.8091833824900917,0.9653899398196222,3.980456590652466,3.7898123264312744
Cars|EuroSAT|GTSRB|SUN397,4,0.2649216055870056,0.11237576603889465,0.4789416790008545,3.370660295089086,0.7252952456474304,8.218949317932129,4.527119398117065,3.305124521255493,5.932454586029053,0.6683439863848232,0.40143414760116186,0.9369020232767807,-0.008735615753505973,-0.05241366848349571,1.7131044671714335e-07,-753.1491699218755,-4518.89501953125,9.740603099496828e-14,777.7257321675619,4.1808268950787805e-14,1520.0712890625,0.17430027508487303,0.14847369547002018,0.2557000710116699,0.09342425927830239,0.06985590515658259,0.13399490974843503,0.2064966765542825,0.18987153515219687,0.24629767790436743,0.33288572351137796,0.3075099489092827,0.4024586429446936,0.28592630781233314,0.24423736676573754,0.34432258665561677,0.9709956789016724,0.9439950239658356,0.9928080403804779,0.03773949854075909,0.03231355920433998,0.04938589036464691,0.24246887862682343,0.20050103962421417,0.28846561908721924,3.5602827072143555,3.14892578125,3.9294800758361816,2.5541242361068726,2.28089439868927,2.827354073524475,0.8588825651614793,0.7765248031875678,0.9653899398196222,3.9734461307525635,3.7898242473602295
Cars|EuroSAT|GTSRB|SVHN,4,0.18318713456392288,-0.0747150331735611,0.37962913513183594,2.7552672922611237,-0.5684846639633179,7.195416450500488,4.7891989549001055,3.3940255641937256,5.932454586029053,0.6484002587977965,0.40143414760116186,0.906955670586082,-3.64049328951029e-07,-1.9870415144396247e-06,9.352757457392613e-11,-5.520225191309642e-12,-3.012900692822562e-11,9.35242135090537e-27,758.1408081054697,4.1808268950787805e-14,1516.2816162109375,0.1492122983901451,0.12912840384524316,0.16075084358919411,0.09827617661717036,0.06517255367711186,0.18455372154712676,0.20990484151989222,0.17969981715083122,0.32272966936230657,0.30911246201644343,0.2888169038295746,0.31983410105109217,0.28971591480076314,0.2377028200030327,0.41931044042110444,0.9765116779009501,0.9475286674499511,0.992200984954834,0.04795632759730021,0.027750547975301743,0.08916044235229492,0.2942041680216789,0.20050103962421417,0.5525619983673096,3.4619608720143638,3.14892578125,3.7946197986602783,2.500243902206421,2.28089439868927,2.7195934057235718,0.880914692062056,0.8091833824900917,0.9653899398196222,3.9754831790924072,3.785980463027954
Cars|EuroSAT|MNIST|RESISC45,4,0.29880018532276154,0.13187190890312195,0.6268810033798218,4.781224707762401,1.089328408241272,13.30960464477539,4.7220897277196245,3.811340093612671,5.998257160186768,0.6731109735073787,0.4426171648959998,0.8790189769734666,-1.1965036011518955e-08,-7.179023953085562e-08,2.3458831584092024e-14,-1.8142306810545296e-13,-1.088538764335012e-12,3.5570229415488643e-19,758.1408081054688,6.508467085894628e-20,1516.2816162109375,0.1571078893262893,0.1200994289945811,0.21402897433843462,0.0972093865585824,0.06980668123811483,0.19193964421749116,0.20617889021833738,0.16596948496997357,0.30182128623127935,0.3148360097408295,0.2782855594903231,0.36570368506014345,0.2874044682830572,0.24423736676573754,0.42701003909111024,0.9717680974801381,0.9425064945220947,0.9957396388053894,0.042222884173194565,0.03231355920433998,0.07195529341697693,0.2566026796897252,0.20050103962421417,0.4054414927959442,3.4513543844223022,3.235456705093384,3.6762349605560303,2.4872546792030334,2.3326258659362793,2.6418834924697876,0.8953779711737716,0.8091833824900917,0.9641617034921464,3.983922004699707,3.7920548915863037
Cars|EuroSAT|MNIST|SUN397,4,0.27529128392537433,0.13187190890312195,0.4789416790008545,3.7708935936292014,1.089328408241272,8.218949317932129,4.6697477499643965,3.309507369995117,5.998257160186768,0.6911205628399167,0.4426171648959998,0.9369020232767807,-0.008735611413898487,-0.05241366848349571,8.132206117273527e-14,-753.149169921875,-4518.89501953125,3.5570229415488643e-19,777.7257321675619,6.508467085894628e-20,1520.0712890625,0.1618532866363724,0.1200994289945811,0.2557000710116699,0.08710069516363243,0.06801592504605651,0.13399490974843503,0.19777487422029175,0.16596948496997357,0.24629767790436743,0.31942799456417564,0.2782855594903231,0.4024586429446936,0.27402218667169415,0.24055260643363,0.34432258665561677,0.9583605645100275,0.9140474808216095,0.9928080403804779,0.03526498004794121,0.03125239536166191,0.040663763880729675,0.23300524055957794,0.20050103962421417,0.28846561908721924,3.5985618034998574,3.235456705093384,3.9294800758361816,2.579989969730377,2.3326258659362793,2.827354073524475,0.8642194957457955,0.7765248031875678,0.9596400766387169,3.978098154067993,3.792501449584961
Cars|EuroSAT|MNIST|SVHN,4,0.24606258670488992,0.13187190890312195,0.37962913513183594,3.572038690249125,1.089328408241272,7.195416450500488,4.819266517957051,3.728182554244995,5.998257160186768,0.6954322847679846,0.4426171648959998,0.9846501489421514,-3.3117358181258786e-07,-1.9870415144396247e-06,2.3458831584092024e-14,-5.021501095420554e-12,-3.012900692822562e-11,3.5570229415488643e-19,758.1408081054697,6.508467085894628e-20,1516.2816162109375,0.13741682686377318,0.1200994289945811,0.1582983256969601,0.10404887342825532,0.06517255367711186,0.24622574262320995,0.22426675893366335,0.16596948496997357,0.44449236303567885,0.29726834837347266,0.2782855594903231,0.31929037734866145,0.2918441522618135,0.2377028200030327,0.480085501074791,0.972575539946556,0.9425064945220947,0.996410745382309,0.05768299972017606,0.027750547975301743,0.15894895792007446,0.36640411615371704,0.20050103962421417,1.0289767980575562,3.4771984815597534,3.235456705093384,3.7946197986602783,2.5261096358299255,2.3326258659362793,2.7195934057235718,0.8867339793306214,0.8091833824900917,0.9642271793020888,3.9733386039733887,3.7815237045288086
Cars|EuroSAT|RESISC45|SUN397,4,0.38069123526414234,0.2521352767944336,0.6268810033798218,5.6757432619730634,2.1353158950805664,13.30960464477539,4.441271265347798,3.309507369995117,5.932454586029053,0.6669949031055982,0.4426171648959998,0.9369020232767807,-0.008735591508444903,-0.05241366848349571,1.91223065826307e-07,-753.1491699218751,-4518.89501953125,1.087290319085922e-13,777.7257321675619,1.0322299926705109e-13,1520.0712890625,0.2080786946113221,0.1582983256969601,0.2557000710116699,0.12442755930436154,0.06985590515658259,0.19193964421749116,0.2425712582965692,0.1901806677877903,0.30182128623127935,0.36350627729048335,0.31929037734866145,0.4024586429446936,0.33246100607017676,0.24423736676573754,0.42701003909111024,0.977026528318723,0.9439950239658356,0.9957396388053894,0.042419551561276116,0.03231355920433998,0.07195529341697693,0.28068530311187107,0.20050103962421417,0.4054414927959442,3.6160329977671304,3.2474312782287598,3.9294800758361816,2.6025201082229614,2.3776861429214478,2.827354073524475,0.8693285918857788,0.7765248031875678,0.9596400766387169,3.9794294834136963,3.798555612564087
Cars|EuroSAT|RESISC45|SVHN,4,0.34277641773223877,0.1851716935634613,0.6268810033798218,5.416563491026561,1.5534573793411255,13.30960464477539,4.607521454493205,3.728182554244995,5.932454586029053,0.6745257819717104,0.4426171648959998,0.8927221286848244,-3.4309961456646665e-07,-1.9870415144396247e-06,2.3406657168045797e-10,-5.202924282093434e-12,-3.012900692822562e-11,2.3405929843983096e-26,758.1408081054697,1.0322299926705109e-13,1516.2816162109375,0.16284822192043066,0.12912840384524316,0.21402897433843462,0.09839129131597778,0.06517255367711186,0.19193964421749116,0.20902015283703804,0.17795667320489883,0.30182128623127935,0.32220354249080024,0.2888169038295746,0.36570368506014345,0.2885638568053643,0.2377028200030327,0.42701003909111024,0.9736502414941787,0.9475286674499511,0.9957396388053894,0.04199120153983434,0.027750547975301743,0.07195529341697693,0.26460059483846027,0.20050103962421417,0.4054414927959442,3.5379619201024375,3.2474312782287598,3.7946197986602783,2.5486397743225098,2.3776861429214478,2.7195934057235718,0.8922632283669866,0.8091833824900917,0.9642271793020888,3.983217239379883,3.797558307647705
Cars|EuroSAT|SUN397|SVHN,4,0.3233705411354701,0.1851716935634613,0.4789416790008545,4.406690736611684,1.5534573793411255,8.218949317932129,4.550624330838521,3.309507369995117,5.932454586029053,0.6878991287422398,0.4426171648959998,0.9369020232767807,-0.008735649627851672,-0.05241366848349571,1.7577579001226695e-06,-753.1491699218799,-4518.89501953125,9.99459412800996e-13,777.7257321675623,2.8369917092624375e-12,1520.0712890625,0.16743175487189244,0.12912840384524316,0.2557000710116699,0.08807605176853638,0.06517255367711186,0.13399490974843503,0.1995888235544165,0.17502254866063593,0.24629767790436743,0.3264357555036744,0.2888169038295746,0.4024586429446936,0.274860971669356,0.2377028200030327,0.34432258665561677,0.9605868450800578,0.9203775632381439,0.9928080403804779,0.035022725661595665,0.02689892053604126,0.05111716687679291,0.239950622121493,0.20050103962421417,0.30582839250564575,3.6833258867263794,3.397838830947876,3.9294800758361816,2.6413750648498535,2.455396056175232,2.827354073524475,0.8790150942363494,0.7765248031875678,0.9642271793020888,3.9799156188964844,3.7995450496673584
Cars|GTSRB|MNIST|RESISC45,4,0.1841658018529415,0.0862671509385109,0.26304134726524353,1.65013853708903,0.6463059782981873,2.8285703659057617,3.7611474990844727,3.3940255641937256,4.042422771453857,0.812144199930855,0.6868055237365971,0.906955670586082,-4.485592556443916e-08,-1.973479868411232e-07,2.6495220947775344e-12,-6.801471047108258e-13,-2.992344219632237e-12,3.5570229415488643e-19,758.1408081054688,4.1808268950787805e-14,1516.2816162109375,0.15242919291757667,0.1247148741222918,0.21402897433843462,0.0930793506745249,0.06980668123811483,0.15515765726566313,0.20987391465653973,0.1720629321038723,0.2901959399878979,0.30962640210986137,0.28223778448998926,0.36570368506014345,0.28526537912587324,0.2467322526872158,0.38557306945323944,0.9739070808887482,0.9425064945220947,0.9957396388053894,0.044568980733553566,0.03468220680952072,0.07869261503219604,0.2744714021682739,0.2342304140329361,0.4428389370441437,3.4736028909683228,3.2251665592193604,3.6762349605560303,2.5073376893997192,2.372791886329651,2.6418834924697876,0.9110594278937653,0.8381933031550787,0.9641617034921464,3.9855399131774902,3.8024933338165283
Cars|GTSRB|MNIST|SUN397,4,0.17821080113450685,0.0862671509385109,0.2811255156993866,1.3676784038543701,0.6463059782981873,2.1353158950805664,3.5429371992746987,3.305124521255493,3.811340093612671,0.8759856909757723,0.7813318503103585,0.9369020232767807,-0.008735615753488508,-0.05241366848349571,1.7131044671714335e-07,-753.1491699218755,-4518.89501953125,9.740603099496828e-14,777.7257321675619,4.1808268950787805e-14,1520.0712890625,0.1603276456007734,0.1281368724349886,0.2557000710116699,0.09837439067661763,0.06801592504605651,0.15515765726566313,0.2138904124125838,0.17529268726706504,0.2901959399878979,0.31714104880889255,0.2876971074938774,0.4024586429446936,0.2921480532735586,0.24055260643363,0.38557306945323944,0.9609509472052257,0.9140474808216095,0.9928080403804779,0.04233854946990808,0.03125239536166191,0.07869261503219604,0.2772487550973892,0.21864666044712067,0.4428389370441437,3.6120028098424277,3.2251665592193604,3.9294800758361816,2.600072979927063,2.372791886329651,2.827354073524475,0.8792165174794548,0.8043638856777989,0.9596400766387169,3.978797674179077,3.8045814037323
Cars|GTSRB|MNIST|SVHN,4,0.11634411786993344,-0.0747150331735611,0.257093220949173,0.9915845394134521,-0.5684846639633179,2.5036048889160156,3.767979701360067,3.3940255641937256,4.1085968017578125,0.8586715678346044,0.7693385227813412,0.9846501489421514,-3.640493250234282e-07,-1.9870415144396247e-06,9.352757457392613e-11,-5.5202251320259265e-12,-3.012900692822562e-11,3.5570229415488643e-19,758.1408081054697,4.1808268950787805e-14,1516.2816162109375,0.1422469509144624,0.12912840384524316,0.16075084358919411,0.13421100959802668,0.06517255367711186,0.24622574262320995,0.26944027446210383,0.17969981715083122,0.44449236303567885,0.30149749243011076,0.28851692341268065,0.31983410105109217,0.3401900317768256,0.2377028200030327,0.480085501074791,0.9721598301331201,0.9425064945220947,0.996410745382309,0.0713111540923516,0.027750547975301743,0.15894895792007446,0.45181432863076526,0.2051803022623062,1.0289767980575562,3.4792283376057944,3.2251665592193604,3.7946197986602783,2.5461926460266113,2.372791886329651,2.7195934057235718,0.9021055187311376,0.8381933031550787,0.9642271793020888,3.9719600677490234,3.7874562740325928
Cars|GTSRB|RESISC45|SUN397,4,0.25295040011405945,0.11237576603889465,0.38859906792640686,2.1480320195357003,0.7252952456474304,3.8977677822113037,3.5221393505732217,3.305124521255493,3.8454089164733887,0.8243201835548941,0.6868055237365971,0.9369020232767807,-0.008735595847593336,-0.05241366848349571,1.91223065826307e-07,-753.1491699218756,-4518.89501953125,1.087290319085922e-13,777.7257321675619,1.0901146657452468e-13,1520.0712890625,0.1954582858365029,0.14847369547002018,0.2557000710116699,0.10368661725272736,0.07849837850779295,0.14997754529118537,0.22006869753201805,0.19203231208026408,0.2690149384737015,0.35010867395748696,0.3075099489092827,0.4024586429446936,0.30208274697264037,0.2639716973900795,0.3775308632850647,0.9820276804765066,0.9556169211864471,0.9957396388053894,0.038213467225432396,0.03467102348804474,0.04351009055972099,0.26152213166157406,0.23221337795257568,0.31571874022483826,3.648497144381205,3.3512799739837646,3.9294800758361816,2.622603118419647,2.4178521633148193,2.827354073524475,0.8841277078130213,0.8043638856777989,0.9596400766387169,3.983074903488159,3.8138208389282227
Cars|GTSRB|RESISC45|SVHN,4,0.18239759653806686,-0.0747150331735611,0.3563765287399292,1.7116132875283558,-0.5684846639633179,3.948080539703369,3.7639132738113403,3.3940255641937256,4.1085968017578125,0.8102252173517707,0.6868055237365971,0.906955670586082,-3.759749161905424e-07,-1.9870415144396247e-06,2.3406657168045797e-10,-5.7016483186988066e-12,-3.012900692822562e-11,2.3405929843983096e-26,758.1408081054697,1.0901146657452468e-13,1516.2816162109375,0.1565835782318997,0.12912840384524316,0.21402897433843462,0.09653878992112974,0.06517255367711186,0.18455372154712676,0.2155755694086353,0.17795667320489883,0.32272966936230657,0.315322028969725,0.2888169038295746,0.36570368506014345,0.2884056106209755,0.2377028200030327,0.41931044042110444,0.9756453011433283,0.9475286674499511,0.9957396388053894,0.04433970215419928,0.027750547975301743,0.08916044235229492,0.2866041213274002,0.2051803022623062,0.5525619983673096,3.559014916419983,3.3512799739837646,3.7946197986602783,2.5687227845191956,2.4178521633148193,2.7195934057235718,0.9074368619610861,0.8381933031550787,0.9642271793020888,3.984527111053467,3.806380271911621
Cars|GTSRB|SUN397|SVHN,4,0.1805456206202507,-0.0747150331735611,0.3588903546333313,1.429611514012019,-0.5684846639633179,3.2136032581329346,3.541147828102112,3.305124521255493,4.1085968017578125,0.8694304658346795,0.7693385227813412,0.9369020232767807,-0.008735653951853764,-0.05241366848349571,1.7577579001226695e-06,-753.1491699218803,-4518.89501953125,9.99459412800996e-13,777.7257321675623,2.834084963238004e-12,1520.0712890625,0.16432016655647505,0.12912840384524316,0.2557000710116699,0.101627281770731,0.06517255367711186,0.18455372154712676,0.21856475388010344,0.17502254866063593,0.32272966936230657,0.32247690385828415,0.2888169038295746,0.4024586429446936,0.2949676812440157,0.2377028200030327,0.41931044042110444,0.9630333040157953,0.9203775632381439,0.9928080403804779,0.042098699137568474,0.02689892053604126,0.08916044235229492,0.28832894066969555,0.2051803022623062,0.5525619983673096,3.6955713828404746,3.380375623703003,3.9294800758361816,2.6614580750465393,2.4955620765686035,2.827354073524475,0.8935042928441145,0.8043638856777989,0.9642271793020888,3.980731725692749,3.8101112842559814
Cars|MNIST|RESISC45|SUN397,4,0.25837236146132153,0.13187190890312195,0.38859906792640686,2.4019575317700705,1.089328408241272,3.8977677822113037,3.7085644801457724,3.309507369995117,4.042422771453857,0.8604077133454443,0.7572647109563557,0.9369020232767807,-0.008735591508427438,-0.05241366848349571,1.91223065826307e-07,-753.1491699218751,-4518.89501953125,1.087290319085922e-13,777.7257321675619,1.0322299926705109e-13,1520.0712890625,0.1839726215523357,0.1247148741222918,0.2557000710116699,0.0994896754125754,0.06801592504605651,0.14997754529118537,0.21161786766101917,0.1720629321038723,0.2690149384737015,0.33748300274213155,0.28223778448998926,0.4024586429446936,0.2930499688287576,0.24055260643363,0.3775308632850647,0.9646588416894276,0.9140474808216095,0.9957396388053894,0.036544679353634514,0.03125239536166191,0.04351009055972099,0.2559317350387573,0.21864666044712067,0.31571874022483826,3.6850165128707886,3.4272525310516357,3.9294800758361816,2.648468852043152,2.4695836305618286,2.827354073524475,0.9031880970021176,0.8402189833430843,0.9641617034921464,3.988016366958618,3.816519260406494
Cars|MNIST|RESISC45|SVHN,4,0.24032533168792725,0.13187190890312195,0.3563765287399292,2.382076899210612,1.089328408241272,3.948080539703369,3.837777614593506,3.728182554244995,4.042422771453857,0.8705681966574152,0.7572647109563557,0.9846501489421514,-3.43099610638632e-07,-1.9870415144396247e-06,2.3406657168045797e-10,-5.202924222809719e-12,-3.012900692822562e-11,3.5570229415488643e-19,758.1408081054697,1.0322299926705109e-13,1516.2816162109375,0.1457494308698612,0.1247148741222918,0.21402897433843462,0.10443810900673271,0.06517255367711186,0.24622574262320995,0.23020845928539832,0.1720629321038723,0.44449236303567885,0.30430997305860125,0.28223778448998926,0.36570368506014345,0.2934051910787821,0.2377028200030327,0.480085501074791,0.9669754387935002,0.9425064945220947,0.996410745382309,0.05487210489809513,0.027750547975301743,0.15894895792007446,0.36267731090386707,0.2051803022623062,1.0289767980575562,3.572492798169454,3.3135247230529785,3.7946197986602783,2.5945885181427,2.4695836305618286,2.7195934057235718,0.9269796078344315,0.8755563713909044,0.9642271793020888,3.9823365211486816,3.801849842071533
Cars|MNIST|SUN397|SVHN,4,0.24189195533593497,0.13187190890312195,0.3588903546333313,2.097775459289551,1.089328408241272,3.2136032581329346,3.621770143508911,3.309507369995117,3.811340093612671,0.9093676911125531,0.8482647473654237,0.9846501489421514,-0.00873564962783419,-0.05241366848349571,1.7577579001226695e-06,-753.1491699218799,-4518.89501953125,9.99459412800996e-13,777.7257321675623,2.8369917092624375e-12,1520.0712890625,0.15367341539434468,0.1281368724349886,0.2557000710116699,0.10915762632153929,0.06517255367711186,0.24622574262320995,0.23412040885537863,0.17502254866063593,0.44449236303567885,0.3118958018968503,0.2876971074938774,0.4024586429446936,0.29898748894532523,0.2377028200030327,0.480085501074791,0.9522798319657643,0.9140474808216095,0.996410745382309,0.05270928765336672,0.02689892053604126,0.15894895792007446,0.36425696810086566,0.2051803022623062,1.0289767980575562,3.7082868417104087,3.3135247230529785,3.9294800758361816,2.687323808670044,2.547293543815613,2.827354073524475,0.9121655267894297,0.8402189833430843,0.9642271793020888,3.9796671867370605,3.805619478225708
Cars|RESISC45|SUN397|SVHN,4,0.30371640622615814,0.1851716935634613,0.38859906792640686,2.852940777937571,1.5534573793411255,3.948080539703369,3.607737898826599,3.309507369995117,3.8454089164733887,0.858135234744414,0.7572647109563557,0.9369020232767807,-0.008735629683369528,-0.05241366848349571,1.7577579001226695e-06,-753.14916992188,-4518.89501953125,9.99459412800996e-13,777.7257321675623,2.8306872904698688e-12,1520.0712890625,0.1870567706444611,0.12912840384524316,0.2557000710116699,0.0979222231451422,0.06517255367711186,0.14997754529118537,0.21185221108297506,0.17502254866063593,0.2690149384737015,0.34247942874828974,0.2888169038295746,0.4024586429446936,0.290249504322807,0.2377028200030327,0.3775308632850647,0.9672617614269257,0.9203775632381439,0.9957396388053894,0.033845183749993644,0.02689892053604126,0.04351009055972099,0.24787757049004236,0.2051803022623062,0.31571874022483826,3.7726098696390786,3.6066102981567383,3.9294800758361816,2.709853947162628,2.5923538208007812,2.827354073524475,0.9284202439898114,0.8714502767532172,0.9642271793020888,3.9916093349456787,3.8244788646698
DTD|EuroSAT|GTSRB|MNIST,4,0.20363382125894228,0.0862671509385109,0.26614469289779663,2.659713993469874,0.6463059782981873,4.967022895812988,4.761608362197876,3.198267936706543,5.998257160186768,0.6512814662217562,0.40143414760116186,0.9067739740201995,-4.3819556440950156e-09,-2.629172612955699e-08,1.5071652622828566e-18,-7.35319546754769e-14,-4.4119159822893217e-13,1.5070486165733342e-34,839.025634765625,6.508467085894628e-20,1678.05126953125,0.14614247266668826,0.1200994289945811,0.17783991725184023,0.09801741956112285,0.06994802160188555,0.15515765726566313,0.2086426767582695,0.16596948496997357,0.2901959399878979,0.30570959351956845,0.2782855594903231,0.3389296133816242,0.29444006219506264,0.24883417591452597,0.38557306945323944,0.9777843368053437,0.9490800726413727,0.9908609926700592,0.04876912944018841,0.03848227858543396,0.07869261503219604,0.27064232031504315,0.22091415524482727,0.4428389370441437,3.254837155342102,3.14892578125,3.3761603832244873,2.3569608330726624,2.28089439868927,2.4330272674560547,0.9513928022227692,0.9177553804863892,0.9930339502158289,3.9910759925842285,3.7853496074676514
DTD|EuroSAT|GTSRB|RESISC45,4,0.3177967295050621,0.21252723038196564,0.6268810033798218,4.576906541983287,1.3719671964645386,13.30960464477539,4.530528386433919,3.198267936706543,5.930693626403809,0.6299384317003991,0.40143414760116186,0.9067739740201995,9.094419306029713e-09,-2.629172612955699e-08,8.085559244364049e-08,1.5260127055946365e-13,-4.4119159822893217e-13,1.3567992215857139e-12,839.025634765625,4.1808268950787805e-14,1678.05126953125,0.1764625936304219,0.1513640237180516,0.230687906621024,0.11469869752724965,0.07849837850779295,0.19193964421749116,0.22782419128964346,0.18987153515219687,0.30182128623127935,0.3359524304668109,0.31191114723682406,0.3828497867286205,0.31885573705037434,0.2642727071046829,0.42701003909111024,0.9841589532295862,0.9706153762340546,0.9975438833236694,0.04938428786893686,0.04230622202157974,0.07195529341697693,0.27914613236983615,0.23565340042114258,0.4054414927959442,3.2856507301330566,3.14892578125,3.4229538440704346,2.3794909715652466,2.28089439868927,2.478087544441223,0.9364696023373439,0.8910718418504433,0.9709252168897073,3.9886412620544434,3.7909796237945557
DTD|EuroSAT|GTSRB|SUN397,4,0.30081626524527866,0.21252723038196564,0.4789416790008545,3.6286246180534363,1.3719671964645386,8.218949317932129,4.448464194933574,3.0410804748535156,5.930693626403809,0.668359774255599,0.40143414760116186,0.937089756808041,-0.005306522716975219,-0.0318392813205719,1.7131044671714335e-07,-506.31803385416674,-3037.908203125,9.740603099496828e-14,858.4227739969889,4.1808268950787805e-14,1680.7142333984375,0.17758973186059546,0.15251652357634157,0.2517738260142505,0.09983044396465024,0.07892146952450275,0.13363310649991036,0.21458368476480247,0.18987153515219687,0.2525999009609222,0.33700234348575275,0.31295126862823963,0.40093803748488427,0.299079971909523,0.2639716973900795,0.3504413586854935,0.9721135149399439,0.9439950239658356,0.9908609926700592,0.04145787594219049,0.03467102348804474,0.04938589036464691,0.25039518624544144,0.23221337795257568,0.3053748309612274,3.4376108646392822,3.14892578125,3.7001407146453857,2.4722262620925903,2.28089439868927,2.6635581254959106,0.8768007931426354,0.7765248031875678,0.9653899398196222,3.977134943008423,3.7874603271484375
DTD|EuroSAT|GTSRB|SVHN,4,0.19954818487167358,-0.0747150331735611,0.37962913513183594,2.864167551199595,-0.5684846639633179,7.195416450500488,4.757158597310384,3.198267936706543,5.930693626403809,0.6484130865246807,0.40143414760116186,0.9067739740201995,-4.223188207012433e-07,-2.5077147256524768e-06,9.352757457392613e-11,-7.086978469531279e-12,-4.208067921895875e-11,9.35242135090537e-27,839.0256347656259,4.1808268950787805e-14,1678.05126953125,0.1564509824795338,0.1461059981631115,0.17783991725184023,0.10618207746185361,0.07380904737859964,0.18455372154712676,0.2171956328799327,0.18122473910450934,0.32272966936230657,0.3169270753115416,0.30627217233181,0.3389296133816242,0.30488047416011493,0.25588696360588076,0.41931044042110444,0.9791914900143941,0.9543756783008576,0.992200984954834,0.05143114489813646,0.033533141016960144,0.08916044235229492,0.3015494967500369,0.21860364079475403,0.5525619983673096,3.3381006320317588,3.14892578125,3.558150053024292,2.4183459281921387,2.28089439868927,2.5557974576950073,0.9094511158904782,0.8392040795570413,0.9653899398196222,3.9810426235198975,3.786545515060425
DTD|EuroSAT|MNIST|RESISC45,4,0.31229545424381894,0.15730924904346466,0.6268810033798218,4.906725168228149,1.2997143268585205,13.30960464477539,4.689820766448975,3.7147674560546875,5.998257160186768,0.6731798153435737,0.44270585515527755,0.8790189769734666,1.3475930785005087e-08,-7.736520266381133e-15,8.085559244364049e-08,2.2613318196029744e-13,-1.298239291886663e-19,1.3567992215857139e-12,839.025634765625,6.508467085894628e-20,1678.05126953125,0.16277635775816937,0.1200994289945811,0.230687906621024,0.10792983835873504,0.06980668123811483,0.19193964421749116,0.21732283857961496,0.16596948496997357,0.30182128623127935,0.32090093843638895,0.2782855594903231,0.3828497867286205,0.3070200082908074,0.2467322526872158,0.42701003909111024,0.973831832210223,0.9490800726413727,0.9975438833236694,0.04664376564323902,0.0384184792637825,0.07195529341697693,0.2690405895312627,0.22091415524482727,0.4054414927959442,3.325629989306132,3.235456705093384,3.4272525310516357,2.405356705188751,2.3326258659362793,2.478087544441223,0.9435235750598205,0.8910718418504433,0.9930339502158289,3.9901907444000244,3.7924656867980957
DTD|EuroSAT|MNIST|SUN397,4,0.29873358954985935,0.15730924904346466,0.4789416790008545,3.956143577893575,1.2997143268585205,8.218949317932129,4.614514549573262,3.0410804748535156,5.998257160186768,0.6911954038710025,0.44270585515527755,0.937089756808041,-0.0053065468867497185,-0.0318392813205719,8.132206117273527e-14,-506.3180338541667,-3037.908203125,4.6239415628759854e-20,858.4227739969889,6.508467085894628e-20,1680.7142333984375,0.16409089218825101,0.1200994289945811,0.2517738260142505,0.09269261026134094,0.06801592504605651,0.13363310649991036,0.20500509715328616,0.16596948496997357,0.2525999009609222,0.3223818054050207,0.2782855594903231,0.40093803748488427,0.286264470393459,0.24055260643363,0.3504413586854935,0.9597027842203776,0.9140474808216095,0.9902831947803498,0.03879553948839506,0.03125239536166191,0.043344855308532715,0.24014448126157126,0.21864666044712067,0.3053748309612274,3.476827700932821,3.235456705093384,3.7135424613952637,2.498091995716095,2.3326258659362793,2.6635581254959106,0.8829732539370818,0.7765248031875678,0.9930339502158289,3.980156660079956,3.7894625663757324
DTD|EuroSAT|MNIST|SVHN,4,0.2499712829788526,0.15730924904346466,0.37962913513183594,3.60822461048762,1.2997143268585205,7.195416450500488,4.810648163159688,3.7394447326660156,5.998257160186768,0.6955041656551787,0.44270585515527755,0.9846501489421514,-4.1795245554728855e-07,-2.5077147256524768e-06,1.0526598566698364e-16,-7.0134465581304465e-12,-4.208067921895875e-11,1.0526274935757172e-32,839.0256347656259,6.508467085894628e-20,1678.05126953125,0.14360365972931807,0.1200994289945811,0.17783991725184023,0.11114050468429922,0.06994802160188555,0.24622574262320995,0.23070076501617828,0.16596948496997357,0.44449236303567885,0.3039201525350412,0.2782855594903231,0.3389296133816242,0.3060973312457403,0.24883417591452597,0.480085501074791,0.9754797357320785,0.9490800726413727,0.996410745382309,0.06096999906003475,0.033533141016960144,0.15894895792007446,0.3729623779654503,0.21860364079475403,1.0289767980575562,3.3542759815851846,3.235456705093384,3.558150053024292,2.4442116618156433,2.3326258659362793,2.5557974576950073,0.9161059333691739,0.8392040795570413,0.9930339502158289,3.977836847305298,3.781697988510132
DTD|EuroSAT|RESISC45|SUN397,4,0.40866747001806897,0.2593582272529602,0.6268810033798218,5.9084726969401045,2.86468243598938,13.30960464477539,4.37346875667572,3.0410804748535156,5.924707889556885,0.6670662634643403,0.44270585515527755,0.937089756808041,-0.005306501540318938,-0.0318392813205719,1.91223065826307e-07,-506.31803385416646,-3037.908203125,1.3567992215857139e-12,858.4227739969889,1.0322299926705109e-13,1680.7142333984375,0.21345774108466384,0.17715138992294668,0.2517738260142505,0.13581070472796758,0.09994034685194492,0.19193964421749116,0.2557831189657251,0.22499136827886104,0.30182128623127935,0.36938373266408836,0.3389296133816242,0.40093803748488427,0.35372658178210264,0.30511929482221606,0.42701003909111024,0.9775738590955734,0.9439950239658356,0.9975438833236694,0.04751804595192274,0.03595525771379471,0.07195529341697693,0.29747910300890607,0.23247995972633362,0.4054414927959442,3.492177724838257,3.244525194168091,3.7468745708465576,2.520622134208679,2.341129779815674,2.7001144886016846,0.8789734280220896,0.7765248031875678,0.9709252168897073,3.9790992736816406,3.794808864593506
DTD|EuroSAT|RESISC45|SVHN,4,0.351219043135643,0.18029317259788513,0.6268810033798218,5.500228861967723,1.512832760810852,13.30960464477539,4.586333791414897,3.7147674560546875,5.924707889556885,0.6745941821865608,0.44270585515527755,0.8927221286848244,-4.0443751110619264e-07,-2.5077147256524768e-06,8.085559244364049e-08,-6.787313332895502e-12,-4.208067921895875e-11,1.3567992215857139e-12,839.0256347656259,1.0322299926705109e-13,1678.05126953125,0.17217649570743865,0.13575552843045444,0.230687906621024,0.11127415289791921,0.07028068535029888,0.19193964421749116,0.22143579665571453,0.17795667320489883,0.30182128623127935,0.3317789911851287,0.29815638773143294,0.3828497867286205,0.311840327779452,0.24674906879663466,0.42701003909111024,0.9757595483462015,0.9543756783008576,0.9975438833236694,0.0468461358298858,0.033533141016960144,0.07195529341697693,0.28081341584523517,0.21860364079475403,0.4054414927959442,3.4129182497660318,3.244525194168091,3.6066102981567383,2.4667418003082275,2.341129779815674,2.5923538208007812,0.9125262603505636,0.8392040795570413,0.9709252168897073,3.9845504760742188,3.7965469360351562
DTD|EuroSAT|SUN397|SVHN,4,0.34176020324230194,0.18029317259788513,0.4789416790008545,4.550105631351471,1.512832760810852,8.218949317932129,4.5064724286397295,3.0410804748535156,5.924707889556885,0.6879735281519811,0.44270585515527755,0.937089756808041,-0.005306671879566238,-0.0318392813205719,1.7577579001226695e-06,-506.3180338541735,-3037.908203125,9.99459412800996e-13,858.4227739969893,2.8369917092624375e-12,1680.7142333984375,0.17332916577889892,0.13820634059142323,0.2517738260142505,0.09583037664803366,0.06725064024329186,0.13363310649991036,0.20809074194480973,0.17502254866063593,0.2525999009609222,0.33290008634328844,0.301457079872489,0.40093803748488427,0.29076418635745843,0.23864580139517785,0.3504413586854935,0.961974636912346,0.9203775632381439,0.992200984954834,0.03898733792205652,0.02689892053604126,0.05111716687679291,0.25086477398872375,0.20724841952323914,0.30582839250564575,3.5622725089391074,3.244525194168091,3.8818395137786865,2.5594770908355713,2.341129779815674,2.7778244018554688,0.8698862805251638,0.7765248031875678,0.9253110442425904,3.9776973724365234,3.7952499389648438
DTD|GTSRB|MNIST|RESISC45,4,0.21387075508634248,0.0862671509385109,0.3047761917114258,1.875525285800298,0.6463059782981873,2.86468243598938,3.6975433826446533,3.198267936706543,4.042422771453857,0.8121679772961898,0.6868055237365971,0.9067739740201995,9.094418017345912e-09,-2.629172612955699e-08,8.085559244364049e-08,1.5260124892214213e-13,-4.4119159822893217e-13,1.3567992215857139e-12,839.025634765625,4.1808268950787805e-14,1678.05126953125,0.155527628439789,0.1247148741222918,0.230687906621024,0.09751586809443931,0.06980668123811483,0.15515765726566313,0.21365971227486927,0.1720629321038723,0.2901959399878979,0.3135149730121096,0.28223778448998926,0.3828497867286205,0.2933093303938707,0.2467322526872158,0.38557306945323944,0.976174597342809,0.9490800726413727,0.9975438833236694,0.047913871705532074,0.0384184792637825,0.07869261503219604,0.28029996405045193,0.22779788076877594,0.4428389370441437,3.350266933441162,3.2251665592193604,3.4272525310516357,2.425439715385437,2.372791886329651,2.478087544441223,0.9598537650411215,0.9230175342586802,0.9930339502158289,3.9909751415252686,3.8009016513824463
DTD|GTSRB|MNIST|SUN397,4,0.21786279107133547,0.0862671509385109,0.3934486508369446,1.6528146763642628,0.6463059782981873,2.9890756607055664,3.456368843714396,3.0410804748535156,3.7616090774536133,0.8760154675359981,0.7813318503103585,0.937089756808041,-0.005306522716962954,-0.0318392813205719,1.7131044671714335e-07,-506.31803385416674,-3037.908203125,9.740603099496828e-14,858.4227739969889,4.1808268950787805e-14,1680.7142333984375,0.15999521824298427,0.1281368724349886,0.2517738260142505,0.09768237139408786,0.06801592504605651,0.15515765726566313,0.21376248460263014,0.17529268726706504,0.2901959399878979,0.3179185018564264,0.2876971074938774,0.40093803748488427,0.2928187482555707,0.24055260643363,0.38557306945323944,0.9624969486395519,0.9140474808216095,0.9902831947803498,0.044793118412295975,0.03125239536166191,0.07869261503219604,0.27777864784002304,0.21864666044712067,0.4428389370441437,3.4926571448644004,3.2251665592193604,3.7135424613952637,2.5181750059127808,2.372791886329651,2.6635581254959106,0.8986190089320486,0.8043638856777989,0.9930339502158289,3.980727434158325,3.80010986328125
DTD|GTSRB|MNIST|SVHN,4,0.1364624984562397,-0.0747150331735611,0.257093220949173,1.127656747897466,-0.5684846639633179,2.5036048889160156,3.728026191393534,3.198267936706543,4.1085968017578125,0.8586983842509386,0.7693385227813412,0.9846501489421514,-4.2231882197286784e-07,-2.5077147256524768e-06,9.352757457392613e-11,-7.086978491168601e-12,-4.208067921895875e-11,9.35242135090537e-27,839.0256347656259,4.1808268950787805e-14,1678.05126953125,0.14586375087033956,0.12954391851089894,0.16075084358919411,0.13501870647383232,0.06994802160188555,0.24622574262320995,0.2685161298016707,0.17781210832297803,0.44449236303567885,0.305972938798368,0.2881211578845978,0.31983410105109217,0.3428716220209996,0.24883417591452597,0.480085501074791,0.9752678076426188,0.9490800726413727,0.996410745382309,0.07352216293414433,0.033533141016960144,0.15894895792007446,0.45176324248313904,0.21860364079475403,1.0289767980575562,3.3586942752202353,3.2251665592193604,3.558150053024292,2.464294672012329,2.372791886329651,2.5557974576950073,0.9321262060309975,0.8692902680484137,0.9930339502158289,3.9756674766540527,3.7858850955963135
DTD|GTSRB|RESISC45|SUN397,4,0.2971363191803296,0.21252723038196564,0.3934486508369446,2.4806477427482605,1.3719671964645386,3.8977677822113037,3.423001686731974,3.0410804748535156,3.7147674560546875,0.8243464794427763,0.6868055237365971,0.937089756808041,-0.005306477370090587,-0.0318392813205719,1.91223065826307e-07,-506.3180338541665,-3037.908203125,1.3567992215857139e-12,858.4227739969889,1.0901146657452468e-13,1680.7142333984375,0.19826729940017684,0.1513640237180516,0.2517738260142505,0.10878582829609514,0.07849837850779295,0.14997754529118537,0.2259224074582259,0.19203231208026408,0.2690149384737015,0.35380977153778076,0.31191114723682406,0.40093803748488427,0.3117767339448134,0.2639716973900795,0.3775308632850647,0.9827787929773332,0.9556169211864471,0.9975438833236694,0.04223597111801306,0.03467102348804474,0.0472680926322937,0.27170658359924954,0.23221337795257568,0.31571874022483826,3.5270303090413413,3.29878830909729,3.7468745708465576,2.540705144405365,2.3812958002090454,2.7001144886016846,0.8944212772106396,0.8043638856777989,0.9709252168897073,3.9828848838806152,3.8083252906799316
DTD|GTSRB|RESISC45|SVHN,4,0.2070499062538147,-0.0747150331735611,0.3563765287399292,1.895164946715037,-0.5684846639633179,3.948080539703369,3.7113904555638633,3.198267936706543,4.1085968017578125,0.8102485530957609,0.6868055237365971,0.9067739740201995,-4.0880343594500737e-07,-2.5077147256524768e-06,8.085559244364049e-08,-6.860845265933656e-12,-4.208067921895875e-11,1.3567992215857139e-12,839.0256347656259,1.0901146657452468e-13,1678.05126953125,0.16334181910923992,0.13575552843045444,0.230687906621024,0.10313771712283293,0.07028068535029888,0.18455372154712676,0.22063306248436373,0.17795667320489883,0.32272966936230657,0.3227211198707422,0.29815638773143294,0.3828497867286205,0.30011049285531044,0.24674906879663466,0.41931044042110444,0.9779583897193272,0.9543756783008576,0.9975438833236694,0.04811864594618479,0.033533141016960144,0.08916044235229492,0.29620759437481564,0.21860364079475403,0.5525619983673096,3.436359683672587,3.29878830909729,3.6066102981567383,2.4868248105049133,2.3812958002090454,2.5923538208007812,0.9283486272059704,0.8692902680484137,0.9709252168897073,3.9859845638275146,3.8032588958740234
DTD|GTSRB|SUN397|SVHN,4,0.21514496703942618,-0.0747150331735611,0.3934486508369446,1.6729126969973247,-0.5684846639633179,3.2136032581329346,3.4656607707341514,3.0410804748535156,4.1085968017578125,0.8694598007735608,0.7693385227813412,0.937089756808041,-0.005306647694191545,-0.0318392813205719,1.7577579001226695e-06,-506.31803385417356,-3037.908203125,9.99459412800996e-13,858.4227739969893,2.834084963238004e-12,1680.7142333984375,0.16764754455381384,0.13820634059142323,0.2517738260142505,0.10309767226999005,0.06725064024329186,0.18455372154712676,0.2197085215275486,0.17502254866063593,0.32272966936230657,0.32676487690458694,0.301457079872489,0.40093803748488427,0.29929930719236536,0.23864580139517785,0.41931044042110444,0.9646248775720596,0.9203775632381439,0.9902831947803498,0.04498732089996338,0.02689892053604126,0.08916044235229492,0.2926337445775668,0.20724841952323914,0.5525619983673096,3.576906442642212,3.29878830909729,3.8818395137786865,2.579560101032257,2.3812958002090454,2.7778244018554688,0.8850242123942365,0.8043638856777989,0.950657700719221,3.9783265590667725,3.8042685985565186
DTD|MNIST|RESISC45|SUN397,4,0.2901059264938037,0.15730924904346466,0.3934486508369446,2.661858916282654,1.2997143268585205,3.8977677822113037,3.6328488190968833,3.0410804748535156,4.042422771453857,0.8604930623936363,0.7574164493182705,0.937089756808041,-0.0053065015403066735,-0.0318392813205719,1.91223065826307e-07,-506.31803385416646,-3037.908203125,1.3567992215857139e-12,858.4227739969889,1.0322299926705109e-13,1680.7142333984375,0.18572978389216588,0.1247148741222918,0.2517738260142505,0.10377461686730384,0.06801592504605651,0.14997754529118537,0.21661479230970146,0.1720629321038723,0.2690149384737015,0.34002129118889574,0.28223778448998926,0.40093803748488427,0.3018325754255056,0.24055260643363,0.3775308632850647,0.9656343378623328,0.9140474808216095,0.9975438833236694,0.04037936528523763,0.03125239536166191,0.0472680926322937,0.2653291200598081,0.21864666044712067,0.31571874022483826,3.564487417538961,3.3761603832244873,3.7468745708465576,2.5665708780288696,2.4330272674560547,2.7001144886016846,0.9143171966098662,0.8402189833430843,0.9930339502158289,3.9868686199188232,3.8103792667388916
DTD|MNIST|RESISC45|SVHN,4,0.25252528736988705,0.15730924904346466,0.3563765287399292,2.4929142196973166,1.2997143268585205,3.948080539703369,3.808676799138387,3.7147674560546875,4.042422771453857,0.8706505855617156,0.7574164493182705,0.9846501489421514,-4.044375123775833e-07,-2.5077147256524768e-06,8.085559244364049e-08,-6.787313354532823e-12,-4.208067921895875e-11,1.3567992215857139e-12,839.0256347656259,1.0322299926705109e-13,1678.05126953125,0.15145582052335763,0.1247148741222918,0.230687906621024,0.11022276661979656,0.06980668123811483,0.24622574262320995,0.23440916708360116,0.1720629321038723,0.44449236303567885,0.3105462548260887,0.28223778448998926,0.3828497867286205,0.30419869293769203,0.2467322526872158,0.480085501074791,0.9695129110415777,0.9490800726413727,0.9975438833236694,0.05846323072910309,0.033533141016960144,0.15894895792007446,0.3714937170346578,0.21860364079475403,1.0289767980575562,3.4507753054300943,3.3135247230529785,3.6066102981567383,2.512690544128418,2.4330272674560547,2.5923538208007812,0.9487269032894462,0.9080395058191942,0.9930339502158289,3.9832143783569336,3.798319101333618
DTD|MNIST|SUN397|SVHN,4,0.26403894772132236,0.15730924904346466,0.3934486508369446,2.26836230357488,1.2997143268585205,3.2136032581329346,3.569705088933309,3.0410804748535156,3.804124116897583,0.9094560792117443,0.8484347200333334,0.9846501489421514,-0.005306671879553956,-0.0318392813205719,1.7577579001226695e-06,-506.3180338541735,-3037.908203125,9.99459412800996e-13,858.4227739969893,2.8369917092624375e-12,1680.7142333984375,0.15594894216783967,0.1281368724349886,0.2517738260142505,0.10981374723215898,0.06725064024329186,0.24622574262320995,0.23440739122529822,0.17502254866063593,0.44449236303567885,0.3150209658096234,0.2876971074938774,0.40093803748488427,0.3024077345182498,0.23864580139517785,0.480085501074791,0.9540957891941071,0.9140474808216095,0.996410745382309,0.05541009145478407,0.02689892053604126,0.15894895792007446,0.36777470509211224,0.20724841952323914,1.0289767980575562,3.590559641520182,3.3135247230529785,3.8818395137786865,2.6054258346557617,2.4330272674560547,2.7778244018554688,0.9045209765496821,0.8402189833430843,0.9930339502158289,3.9762744903564453,3.7993733882904053
DTD|RESISC45|SUN397|SVHN,4,0.3303973277409871,0.18029317259788513,0.3934486508369446,3.0710070729255676,1.512832760810852,3.948080539703369,3.5431035359700522,3.0410804748535156,3.79518723487854,0.8582201421712615,0.7574164493182705,0.937089756808041,-0.005306626494112098,-0.0318392813205719,1.7577579001226695e-06,-506.3180338541733,-3037.908203125,1.3567992215857139e-12,858.4227739969893,2.8306872904698688e-12,1680.7142333984375,0.19247373833941916,0.13575552843045444,0.2517738260142505,0.10436957438165943,0.06725064024329186,0.14997754529118537,0.21812083118905623,0.17502254866063593,0.2690149384737015,0.3485282371938229,0.29815638773143294,0.40093803748488427,0.3026930418858926,0.23864580139517785,0.3775308632850647,0.9682828297217686,0.9203775632381439,0.9975438833236694,0.03811392250160376,0.02689892053604126,0.0472680926322937,0.26104986667633057,0.20724841952323914,0.31571874022483826,3.6527614990870156,3.4229538440704346,3.8818395137786865,2.627955973148346,2.478087544441223,2.7778244018554688,0.911666771695088,0.8461130489652129,0.9709252168897073,3.9877097606658936,3.8171308040618896
EuroSAT|GTSRB|MNIST|RESISC45,4,0.29030565544962883,0.0862671509385109,0.6268810033798218,4.58265541990598,0.6463059782981873,13.30960464477539,4.691286007563273,3.71207857131958,5.998257160186768,0.6411445033029608,0.40143414760116186,0.8790189769734666,4.4158775204056087e-13,0.0,2.6495220947775344e-12,4.4158188596560425e-29,0.0,2.6494868985364514e-28,6.651234468247889e-14,6.508467085894628e-20,1.0901146657452468e-13,0.14778781825987,0.1200994289945811,0.19377210104838014,0.1116459978868564,0.06980668123811483,0.19193964421749116,0.21904338765889406,0.16596948496997357,0.30182128623127935,0.30704106867313385,0.2782855594903231,0.35498172864317895,0.31215464587012925,0.2467322526872158,0.42701003909111024,0.9813376315434774,0.9577009117603302,0.9908609926700592,0.0535703773299853,0.0384184792637825,0.07869261503219604,0.3012000843882561,0.22091415524482727,0.4428389370441437,3.272585471471151,3.14892578125,3.4272525310516357,2.3752390146255493,2.28089439868927,2.4695836305618286,0.937526810252741,0.8910718418504433,0.9653899398196222,3.987823009490967,3.7865865230560303
EuroSAT|GTSRB|MNIST|SUN397,4,0.25486239418387413,0.0862671509385109,0.4789416790008545,3.4907700518767038,0.6463059782981873,8.218949317932129,4.660435279210408,3.305124521255493,5.998257160186768,0.6563683870917366,0.40143414760116186,0.919507531864693,2.855175467345195e-08,-4.7992920885465284e-37,1.7131044671714335e-07,1.6234346205730652e-14,-1.317220556465328e-43,9.740603099496828e-14,28.429967880249038,6.508467085894628e-20,56.85993576049805,0.1459709696432886,0.1200994289945811,0.17715138992294668,0.09608483746337393,0.06801592504605651,0.15515765726566313,0.20639222128937643,0.16596948496997357,0.2901959399878979,0.30598616040001314,0.2782855594903231,0.34031935669481755,0.29075941249728204,0.24055260643363,0.38557306945323944,0.9632267361879349,0.9140474808216095,0.9908609926700592,0.04510349097351233,0.03125239536166191,0.07869261503219604,0.26732373982667923,0.21864666044712067,0.4428389370441437,3.4260627826054892,3.14892578125,3.7135424613952637,2.467974305152893,2.28089439868927,2.655054211616516,0.8780029090206045,0.7765248031875678,0.9653899398196222,3.9766476154327393,3.782379388809204
EuroSAT|GTSRB|MNIST|SVHN,4,0.19243592396378517,-0.0747150331735611,0.37962913513183594,3.041063795487086,-0.5684846639633179,7.195416450500488,4.874086896578471,3.7616090774536133,5.998257160186768,0.6620546416695127,0.40143414760116186,0.9846501489421514,1.558794689117951e-11,0.0,9.352757457392613e-11,1.5587386713141946e-27,0.0,9.35242135090537e-27,1.4319474974581876e-12,6.508467085894628e-20,2.8369917092624375e-12,0.1438113208580762,0.1200994289945811,0.16075084358919411,0.14210878374365468,0.07651109758764506,0.24622574262320995,0.26576664234201114,0.16596948496997357,0.44449236303567885,0.30360836314658324,0.2782855594903231,0.31983410105109217,0.3522411297013362,0.25728564724326136,0.480085501074791,0.9900165081024169,0.9846444416046143,0.996410745382309,0.07799480607112248,0.040663763880729675,0.15894895792007446,0.46799493829409283,0.22091415524482727,1.0289767980575562,3.2835480372111,3.14892578125,3.397838830947876,2.4140939712524414,2.28089439868927,2.547293543815613,0.9105739392233042,0.8392040795570413,0.9653899398196222,3.9714043140411377,3.772618055343628
EuroSAT|GTSRB|RESISC45|SUN397,4,0.36968081692854565,0.22042542695999146,0.6268810033798218,5.448205391565959,1.518481969833374,13.30960464477539,4.418025573094686,3.305124521255493,5.930693626403809,0.6338589656061102,0.40143414760116186,0.8497286027944496,6.042269367759086e-08,-4.7992920885465284e-37,1.91223065826307e-07,3.435584381726012e-14,-1.317220556465328e-43,1.087290319085922e-13,28.429967880249066,4.1808268950787805e-14,56.85993576049805,0.17966449812442686,0.1513640237180516,0.2495213056495413,0.11620665214955807,0.07849837850779295,0.19193964421749116,0.22867843128740786,0.18987153515219687,0.30182128623127935,0.3388720201328397,0.31191114723682406,0.39828387305140495,0.32165979355573654,0.2639716973900795,0.42701003909111024,0.9733745513359705,0.9439950239658356,0.9908609926700592,0.046297296260794006,0.03467102348804474,0.07195529341697693,0.2816048463185628,0.23221337795257568,0.4054414927959442,3.454632798830668,3.14892578125,3.7468745708465576,2.4905044436454773,2.28089439868927,2.7001144886016846,0.8719697135912217,0.7765248031875678,0.9653899398196222,3.977071523666382,3.789210796356201
EuroSAT|GTSRB|RESISC45|SVHN,4,0.2985682263970375,-0.0747150331735611,0.6268810033798218,4.938174267609914,-0.5684846639633179,13.30960464477539,4.648408611615499,3.71207857131958,5.930693626403809,0.6427643771219306,0.40143414760116186,0.8927221286848244,5.504061139152694e-11,7.070811921136594e-41,2.3406657168045797e-10,5.5038833141236855e-27,0.0,2.3405929843983096e-26,1.459301116293779e-12,4.1808268950787805e-14,2.8369917092624375e-12,0.15671083642092223,0.13575552843045444,0.19377210104838014,0.11924615217683215,0.07028068535029888,0.19193964421749116,0.22800986216713984,0.17795667320489883,0.32272966936230657,0.3173511342704296,0.29815638773143294,0.35498172864317895,0.32142239590485894,0.24674906879663466,0.42701003909111024,0.9825730609893798,0.9619661748409272,0.992200984954834,0.05634224166472753,0.03412843495607376,0.08916044235229492,0.3327924609184265,0.22914737462997437,0.5525619983673096,3.3554102977116904,3.14892578125,3.6066102981567383,2.4366241097450256,2.28089439868927,2.5923538208007812,0.9049608966903032,0.8392040795570413,0.9653899398196222,3.980104446411133,3.7884905338287354
EuroSAT|GTSRB|SUN397|SVHN,4,0.2672279899319013,-0.0747150331735611,0.4789416790008545,3.84674725929896,-0.5684846639633179,8.218949317932129,4.613002737363179,3.305124521255493,5.930693626403809,0.6533520183486979,0.40143414760116186,0.9053932282039999,3.2152697906906447e-07,-4.7992920885465284e-37,1.7577579001226695e-06,1.8281090729932892e-13,-1.317220556465328e-43,9.99459412800996e-13,28.429967880249976,4.1808268950787805e-14,56.85993576049805,0.1547321234457195,0.13820634059142323,0.17715138992294668,0.10347844360085824,0.06725064024329186,0.18455372154712676,0.21433138251304626,0.17502254866063593,0.32272966936230657,0.31593645418683686,0.301457079872489,0.34031935669481755,0.2997065590073665,0.23864580139517785,0.41931044042110444,0.9648063021898269,0.9203775632381439,0.992200984954834,0.04786478355526924,0.02689892053604126,0.08916044235229492,0.2978635827700297,0.20724841952323914,0.5525619983673096,3.5070441563924155,3.14892578125,3.8818395137786865,2.5293594002723694,2.28089439868927,2.7778244018554688,0.8633473367555057,0.7765248031875678,0.9653899398196222,3.9715373516082764,3.7861995697021484
EuroSAT|MNIST|RESISC45|SUN397,4,0.37617814044157666,0.23719903826713562,0.6268810033798218,5.885542988777161,2.0913429260253906,13.30960464477539,4.546158870061238,3.5666911602020264,5.998257160186768,0.6962489848613175,0.4724263091544646,0.919507531864693,3.187052452521308e-08,-4.7992920885465284e-37,1.91223065826307e-07,1.8121513024667972e-14,-1.317220556465328e-43,1.087290319085922e-13,28.429967880249055,6.508467085894628e-20,56.85993576049805,0.1655659953621216,0.1200994289945811,0.2495213056495413,0.1093652067054063,0.06801592504605651,0.19193964421749116,0.21819211622079213,0.16596948496997357,0.30182128623127935,0.3236342349772652,0.2782855594903231,0.39828387305140495,0.3090384505937497,0.24055260643363,0.42701003909111024,0.9614907749493917,0.9140474808216095,0.9901955568790436,0.043625880032777786,0.03125239536166191,0.07195529341697693,0.271238570412,0.21864666044712067,0.4054414927959442,3.4936163822809854,3.235456705093384,3.7468745708465576,2.516370177268982,2.3326258659362793,2.7001144886016846,0.8779368276751445,0.7765248031875678,0.9641617034921464,3.9808437824249268,3.791823148727417
EuroSAT|MNIST|RESISC45|SVHN,4,0.3575713237126668,0.257093220949173,0.6268810033798218,5.792049964269002,2.5036048889160156,13.30960464477539,4.663981119791667,3.79518723487854,5.998257160186768,0.7294098458922322,0.5137818808252925,0.9846501489421514,3.9011113309457365e-11,0.0,2.3406657168045797e-10,3.900990110213148e-27,0.0,2.3405929843983096e-26,1.4518527954355862e-12,6.508467085894628e-20,2.8369917092624375e-12,0.14326385058074567,0.1200994289945811,0.19377210104838014,0.12450096765843531,0.06980668123811483,0.24622574262320995,0.240607266848286,0.16596948496997357,0.44449236303567885,0.30372696441908675,0.2782855594903231,0.35498172864317895,0.3228334115445614,0.2467322526872158,0.480085501074791,0.9793882610400518,0.9577009117603302,0.996410745382309,0.06587201605240504,0.03412843495607376,0.15894895792007446,0.4040897712111473,0.22091415524482727,1.0289767980575562,3.3713523944218955,3.235456705093384,3.6066102981567383,2.4624898433685303,2.3326258659362793,2.5923538208007812,0.9114103674584753,0.8392040795570413,0.9641617034921464,3.9775636196136475,3.7843286991119385
EuroSAT|MNIST|SUN397|SVHN,4,0.3296496868133545,0.23719903826713562,0.4789416790008545,4.698323289553325,2.0913429260253906,8.218949317932129,4.635333220163981,3.4014501571655273,5.998257160186768,0.7195917330912286,0.4724263091544646,0.9846501489421514,2.929596635916661e-07,-4.7992920885465284e-37,1.7577579001226695e-06,1.6657657650673526e-13,-1.317220556465328e-43,9.99459412800996e-13,28.429967880249972,6.508467085894628e-20,56.85993576049805,0.14147253380545105,0.1200994289945811,0.17715138992294668,0.10836428454766671,0.06725064024329186,0.24622574262320995,0.22785155229270457,0.16596948496997357,0.44449236303567885,0.3027432382851839,0.2782855594903231,0.34031935669481755,0.30013780189057193,0.23864580139517785,0.480085501074791,0.959537892540296,0.9140474808216095,0.996410745382309,0.05747274371484915,0.02689892053604126,0.15894895792007446,0.36901573091745377,0.20724841952323914,1.0289767980575562,3.5222238302230835,3.235456705093384,3.8818395137786865,2.555225133895874,2.3326258659362793,2.7778244018554688,0.8689152955956477,0.7765248031875678,0.9253110442425904,3.969714879989624,3.7821075916290283
EuroSAT|RESISC45|SUN397|SVHN,4,0.4315529614686966,0.3563765287399292,0.6268810033798218,6.6305703322092695,3.2136032581329346,13.30960464477539,4.399689118067424,3.4014501571655273,5.64124059677124,0.6975153626583412,0.4724263091544646,0.9053932282039999,3.248691720867762e-07,-4.7992920885465284e-37,1.7577579001226695e-06,1.846980741182686e-13,-1.317220556465328e-43,9.99459412800996e-13,28.429967880249986,1.0322299926705109e-13,56.85993576049805,0.1734187773009762,0.13575552843045444,0.2495213056495413,0.11193846948134402,0.06725064024329186,0.19193964421749116,0.2216912793988983,0.17502254866063593,0.30182128623127935,0.33324509972085553,0.29815638773143294,0.39828387305140495,0.31236550462742646,0.23864580139517785,0.42701003909111024,0.9635909038782119,0.9203775632381439,0.992200984954834,0.04392752734323343,0.02689892053604126,0.07195529341697693,0.2826440632343292,0.20724841952323914,0.4054414927959442,3.5786225398381553,3.2474312782287598,3.8818395137786865,2.5777552723884583,2.3776861429214478,2.7778244018554688,0.8742256270330797,0.7765248031875678,0.9417917166076185,3.979687452316284,3.7982263565063477
GTSRB|MNIST|RESISC45|SUN397,4,0.24247256542245546,0.0862671509385109,0.38859906792640686,2.2040634055932364,0.6463059782981873,3.8977677822113037,3.6773237784703574,3.305124521255493,4.042422771453857,0.8207761759431108,0.6868055237365971,0.919507531864693,6.042270723200396e-08,1.5071652622828566e-18,1.91223065826307e-07,3.4355851523829396e-14,1.5070486165733342e-34,1.087290319085922e-13,28.429967880249066,4.1808268950787805e-14,56.85993576049805,0.15860977980929117,0.1247148741222918,0.2495213056495413,0.10006294281221927,0.06801592504605651,0.15515765726566313,0.21548965957015753,0.1720629321038723,0.2901959399878979,0.31613226372748615,0.28223778448998926,0.39828387305140495,0.2964388660589854,0.24055260643363,0.38557306945323944,0.963988155523936,0.9140474808216095,0.9867686939239502,0.04480847095449766,0.03125239536166191,0.07869261503219604,0.28176238139470416,0.21864666044712067,0.4428389370441437,3.5177100896835327,3.2251665592193604,3.7468745708465576,2.5364531874656677,2.372791886329651,2.7001144886016846,0.8934231446993454,0.8043638856777989,0.9641617034921464,3.982332229614258,3.8028645515441895
GTSRB|MNIST|RESISC45|SVHN,4,0.19122776264945665,-0.0747150331735611,0.3563765287399292,1.933331420024236,-0.5684846639633179,3.948080539703369,3.8706697622934976,3.71207857131958,4.1085968017578125,0.83231119190479,0.6868055237365971,0.9846501489421514,5.5040629672102187e-11,1.5071652622828566e-18,2.3406657168045797e-10,5.503885142123794e-27,1.5070486165733342e-34,2.3405929843983096e-26,1.459301116293779e-12,4.1808268950787805e-14,2.8369917092624375e-12,0.1426634001142035,0.1247148741222918,0.16075084358919411,0.13408714442203443,0.06980668123811483,0.24622574262320995,0.2669627875337998,0.1720629321038723,0.44449236303567885,0.30274108298122887,0.28223778448998926,0.31983410105109217,0.3404538399229447,0.2467322526872158,0.480085501074791,0.9788795491059621,0.9577009117603302,0.996410745382309,0.07360919192433357,0.03412843495607376,0.15894895792007446,0.4557802801330884,0.22914737462997437,1.0289767980575562,3.3840349515279136,3.2251665592193604,3.6066102981567383,2.482572853565216,2.372791886329651,2.5923538208007812,0.9272712021495332,0.8692902680484137,0.9641617034921464,3.976572275161743,3.788914680480957
GTSRB|MNIST|SUN397|SVHN,4,0.18086002642909685,-0.0747150331735611,0.3588903546333313,1.5674757262070973,-0.5684846639633179,3.2136032581329346,3.676153540611267,3.305124521255493,4.1085968017578125,0.8683249808161656,0.7693385227813412,0.9846501489421514,3.2152699264053684e-07,1.5071652622828566e-18,1.7577579001226695e-06,1.8281091500589818e-13,1.5070486165733342e-34,9.99459412800996e-13,28.429967880249976,4.1808268950787805e-14,56.85993576049805,0.14402513871202247,0.1281368724349886,0.16075084358919411,0.1333541927083085,0.06725064024329186,0.24622574262320995,0.2666275867323081,0.17502254866063593,0.44449236303567885,0.30468001872301104,0.2876971074938774,0.31983410105109217,0.3380231860280037,0.23864580139517785,0.480085501074791,0.9594805798927943,0.9140474808216095,0.996410745382309,0.06993739244838555,0.02689892053604126,0.15894895792007446,0.4470810318986575,0.20724841952323914,1.0289767980575562,3.526098887125651,3.2251665592193604,3.8818395137786865,2.57530814409256,2.372791886329651,2.7778244018554688,0.8840916953003712,0.8043638856777989,0.9573264846711458,3.968158483505249,3.788799524307251
GTSRB|RESISC45|SUN397|SVHN,4,0.25210294872522354,-0.0747150331735611,0.38859906792640686,2.3752267162005105,-0.5684846639633179,3.948080539703369,3.64818807442983,3.305124521255493,4.1085968017578125,0.8187087626967187,0.6868055237365971,0.9053932282039999,3.534369427224115e-07,2.6495220947775344e-12,1.7577579001226695e-06,2.009324126174316e-13,2.6494868985364514e-28,9.99459412800996e-13,28.429967880249986,1.0901146657452468e-13,56.85993576049805,0.1648766144683274,0.13575552843045444,0.2495213056495413,0.10491374007736642,0.06725064024329186,0.18455372154712676,0.22184921488165854,0.17502254866063593,0.32272966936230657,0.3240712225809694,0.29815638773143294,0.39828387305140495,0.30174676306545734,0.23864580139517785,0.41931044042110444,0.9659443606932957,0.9203775632381439,0.9867686939239502,0.045112522318959236,0.02689892053604126,0.08916044235229492,0.2973026782274246,0.20724841952323914,0.5525619983673096,3.6015207370122275,3.3512799739837646,3.8818395137786865,2.597838282585144,2.4178521633148193,2.7778244018554688,0.8892041209313865,0.8043638856777989,0.9417917166076185,3.9815661907196045,3.80767560005188
MNIST|RESISC45|SUN397|SVHN,4,0.30957692861557007,0.23719903826713562,0.38859906792640686,3.0804949601491294,2.0913429260253906,3.948080539703369,3.714315334955851,3.4014501571655273,4.042422771453857,0.8982594307747059,0.8082645699790998,0.9846501489421514,3.248691856584824e-07,2.910300568418288e-18,1.7577579001226695e-06,1.8469808182483786e-13,2.910208557706681e-34,9.99459412800996e-13,28.429967880249986,1.0322299926705109e-13,56.85993576049805,0.15257834899239242,0.1247148741222918,0.2495213056495413,0.1119262032986929,0.06725064024329186,0.24622574262320995,0.23564035712430875,0.1720629321038723,0.44449236303567885,0.31171006441116333,0.28223778448998926,0.39828387305140495,0.30504934894541896,0.23864580139517785,0.480085501074791,0.9559422266483307,0.9140474808216095,0.996410745382309,0.05552621309955915,0.02689892053604126,0.15894895792007446,0.37232806781927746,0.20724841952323914,1.0289767980575562,3.6149406830469766,3.3135247230529785,3.8818395137786865,2.6237040162086487,2.4695836305618286,2.7778244018554688,0.9084955383763086,0.8402189833430843,0.9641617034921464,3.979085922241211,3.803438663482666
