tasks,k,act_cosine,agg_min_act_cosine,agg_max_act_cosine,act_dot,agg_min_act_dot,agg_max_act_dot,act_l2,agg_min_act_l2,agg_max_act_l2,act_magnitude_ratio,agg_min_act_magnitude_ratio,agg_max_act_magnitude_ratio,grad_cosine,agg_min_grad_cosine,agg_max_grad_cosine,grad_dot,agg_min_grad_dot,agg_max_grad_dot,grad_l2,agg_min_grad_l2,agg_max_grad_l2,sub_interact_bot,agg_min_sub_interact_bot,agg_max_sub_interact_bot,sub_interact_top,agg_min_sub_interact_top,agg_max_sub_interact_top,sub_left_top,agg_min_sub_left_top,agg_max_sub_left_top,sub_right_bot,agg_min_sub_right_bot,agg_max_sub_right_bot,sub_right_top,agg_min_sub_right_top,agg_max_sub_right_top,sub_sv_overlap,agg_min_sub_sv_overlap,agg_max_sub_sv_overlap,tv_cosine,agg_min_tv_cosine,agg_max_tv_cosine,tv_dot,agg_min_tv_dot,agg_max_tv_dot,tv_l2,agg_min_tv_l2,agg_max_tv_l2,tv_norm_mean,agg_min_tv_norm_mean,agg_max_tv_norm_mean,tv_norm_ratio,agg_min_tv_norm_ratio,agg_max_tv_norm_ratio,eff_rank_global,eff_rank_layerwise
Cars|DTD,2,0.13455632328987122,0.13455632328987122,0.13455632328987122,1.0575670003890991,1.0575670003890991,1.0575670003890991,3.690086841583252,3.690086841583252,3.690086841583252,0.9608204022035132,0.9608204022035132,0.9608204022035132,-0.03735639899969101,-0.03735639899969101,-0.03735639899969101,-127583.1640625,-127583.1640625,-127583.1640625,2660.596923828125,2660.596923828125,2660.596923828125,0.16898704293183983,0.16898704293183983,0.16898704293183983,0.10747514717280865,0.10747514717280865,0.10747514717280865,0.18663731180131435,0.18663731180131435,0.18663731180131435,0.3259086299687624,0.3259086299687624,0.3259086299687624,0.3047768068313599,0.3047768068313599,0.3047768068313599,0.9963883805274963,0.9963883805274963,0.9963883805274963,0.03282778710126877,0.03282778710126877,0.03282778710126877,0.19501541554927826,0.19501541554927826,0.19501541554927826,3.3997128009796143,3.3997128009796143,3.3997128009796143,2.44054114818573,2.44054114818573,2.44054114818573,0.9024110270416538,0.9024110270416538,0.9024110270416538,1.9977645874023438,1.9387860298156738
Cars|EuroSAT,2,0.16764789819717407,0.16764789819717407,0.16764789819717407,2.969625949859619,2.969625949859619,2.969625949859619,6.371657848358154,6.371657848358154,6.371657848358154,0.4618040611571106,0.4618040611571106,0.4618040611571106,1.1226428023781728e-32,1.1226428023781728e-32,1.1226428023781728e-32,2.0254112406511013e-37,2.0254112406511013e-37,2.0254112406511013e-37,1804.23974609375,1804.23974609375,1804.23974609375,0.12213824848178774,0.12213824848178774,0.12213824848178774,0.0805885361880064,0.0805885361880064,0.0805885361880064,0.16340567015111446,0.16340567015111446,0.16340567015111446,0.2808624716103077,0.2808624716103077,0.2808624716103077,0.26431172996759417,0.26431172996759417,0.26431172996759417,0.9690770494937897,0.9690770494937897,0.9690770494937897,0.028171755373477936,0.028171755373477936,0.028171755373477936,0.15054944157600403,0.15054944157600403,0.15054944157600403,3.257267475128174,3.257267475128174,3.257267475128174,2.3242818117141724,2.3242818117141724,2.3242818117141724,0.8117864359076528,0.8117864359076528,0.8117864359076528,1.9907958507537842,1.925270915031433
Cars|GTSRB,2,0.16705358028411865,0.16705358028411865,0.16705358028411865,1.1292600631713867,1.1292600631713867,1.1292600631713867,3.3923165798187256,3.3923165798187256,3.3923165798187256,0.8263739697081955,0.8263739697081955,0.8263739697081955,-0.00015942571917548776,-0.00015942571917548776,-0.00015942571917548776,-2.876420435171667e-09,-2.876420435171667e-09,-2.876420435171667e-09,1804.23974609375,1804.23974609375,1804.23974609375,0.12614815718028694,0.12614815718028694,0.12614815718028694,0.08425802771002054,0.08425802771002054,0.08425802771002054,0.16625771507620812,0.16625771507620812,0.16625771507620812,0.27887945041060447,0.27887945041060447,0.27887945041060447,0.2751843988895416,0.2751843988895416,0.2751843988895416,0.9743295979499816,0.9743295979499816,0.9743295979499816,0.03436148166656494,0.03436148166656494,0.03436148166656494,0.1694255918264389,0.1694255918264389,0.1694255918264389,3.1516969203948975,3.1516969203948975,3.1516969203948975,2.243738055229187,2.243738055229187,2.243738055229187,0.7490022740383472,0.7490022740383472,0.7490022740383472,1.9774025678634644,1.9147498607635498
Cars|MNIST,2,0.03590553626418114,0.03590553626418114,0.03590553626418114,0.25651517510414124,0.25651517510414124,0.25651517510414124,3.7291431427001953,3.7291431427001953,3.7291431427001953,0.8733535921126472,0.8733535921126472,0.8733535921126472,-0.014414722099900246,-0.014414722099900246,-0.014414722099900246,-2.600783943762508e-07,-2.600783943762508e-07,-2.600783943762508e-07,1804.23974609375,1804.23974609375,1804.23974609375,0.10976220468524843,0.10976220468524843,0.10976220468524843,0.08107058010995388,0.08107058010995388,0.08107058010995388,0.16568135023117064,0.16568135023117064,0.16568135023117064,0.26106827825307843,0.26106827825307843,0.26106827825307843,0.2650840440392494,0.2650840440392494,0.2650840440392494,0.937934502363205,0.937934502363205,0.937934502363205,0.033546414226293564,0.033546414226293564,0.033546414226293564,0.1877029538154602,0.1877029538154602,0.1877029538154602,3.3119091987609863,3.3119091987609863,3.3119091987609863,2.3732614517211914,2.3732614517211914,2.3732614517211914,0.8499662499702643,0.8499662499702643,0.8499662499702643,1.9940177202224731,1.9299826622009277
Cars|RESISC45,2,0.17577748000621796,0.17577748000621796,0.17577748000621796,1.865338683128357,1.865338683128357,1.865338683128357,4.268032550811768,4.268032550811768,4.268032550811768,0.770844867621076,0.770844867621076,0.770844867621076,-2.0246881831553765e-05,-2.0246881831553765e-05,-2.0246881831553765e-05,-3.6531139224749154e-10,-3.6531139224749154e-10,-3.6531139224749154e-10,1804.23974609375,1804.23974609375,1804.23974609375,0.17789991225581617,0.17789991225581617,0.17789991225581617,0.12016835633665324,0.12016835633665324,0.12016835633665324,0.18599085412919522,0.18599085412919522,0.18599085412919522,0.33323095068335534,0.33323095068335534,0.33323095068335534,0.3223198503255844,0.3223198503255844,0.3223198503255844,0.9953210353851318,0.9953210353851318,0.9953210353851318,0.03074871376156807,0.03074871376156807,0.03074871376156807,0.18653911352157593,0.18653911352157593,0.18653911352157593,3.43625807762146,3.43625807762146,3.43625807762146,2.4650954008102417,2.4650954008102417,2.4650954008102417,0.9215511595439732,0.9215511595439732,0.9215511595439732,1.99846613407135,1.9419525861740112
Cars|SUN397,2,0.2676057517528534,0.2676057517528534,0.2676057517528534,1.982195496559143,1.982195496559143,1.982195496559143,3.3049893379211426,3.3049893379211426,3.3049893379211426,0.9055022475607939,0.9055022475607939,0.9055022475607939,-0.0008720472687855363,-0.0008720472687855363,-0.0008720472687855363,-1.5734064717776164e-08,-1.5734064717776164e-08,-1.5734064717776164e-08,1804.23974609375,1804.23974609375,1804.23974609375,0.21690386246889828,0.21690386246889828,0.21690386246889828,0.15567668557167053,0.15567668557167053,0.15567668557167053,0.20340888559818268,0.20340888559818268,0.20340888559818268,0.36886436238884923,0.36886436238884923,0.36886436238884923,0.3718743270635605,0.3718743270635605,0.3718743270635605,0.9923281753063202,0.9923281753063202,0.9923281753063202,0.030238162726163864,0.030238162726163864,0.030238162726163864,0.2130778431892395,0.2130778431892395,0.2130778431892395,3.702666759490967,3.702666759490967,3.702666759490967,2.6560899019241333,2.6560899019241333,2.6560899019241333,0.9342021845708445,0.9342021845708445,0.9342021845708445,1.9981024265289307,1.9476664066314697
Cars|SVHN,2,0.23305250704288483,0.23305250704288483,0.23305250704288483,1.5709350109100342,1.5709350109100342,1.5709350109100342,3.2546608448028564,3.2546608448028564,3.2546608448028564,0.8240297943100917,0.8240297943100917,0.8240297943100917,0.0030662643257528543,0.0030662643257528543,0.0030662643257528543,1.062753725022958e-07,1.062753725022958e-07,1.062753725022958e-07,1804.23974609375,1804.23974609375,1804.23974609375,0.1069584134966135,0.1069584134966135,0.1069584134966135,0.07086245819926262,0.07086245819926262,0.07086245819926262,0.15941245667636395,0.15941245667636395,0.15941245667636395,0.26173085197806356,0.26173085197806356,0.26173085197806356,0.24886576309800149,0.24886576309800149,0.24886576309800149,0.9492643785476684,0.9492643785476684,0.9492643785476684,0.02540505677461624,0.02540505677461624,0.02540505677461624,0.16244852542877197,0.16244852542877197,0.16244852542877197,3.532566547393799,3.532566547393799,3.532566547393799,2.528969645500183,2.528969645500183,2.528969645500183,0.9713413741168494,0.9713413741168494,0.9713413741168494,1.99973464012146,1.9424235820770264
DTD|EuroSAT,2,0.2753628194332123,0.2753628194332123,0.2753628194332123,4.686529159545898,4.686529159545898,4.686529159545898,6.044483184814453,6.044483184814453,6.044483184814453,0.4437107637801908,0.4437107637801908,0.4437107637801908,-2.094664517734495e-32,-2.094664517734495e-32,-2.094664517734495e-32,-3.965081400321376e-37,-3.965081400321376e-37,-3.965081400321376e-37,1892.9071044921875,1892.9071044921875,1892.9071044921875,0.1494294590363279,0.1494294590363279,0.1494294590363279,0.11567817397415638,0.11567817397415638,0.11567817397415638,0.20610710225999354,0.20610710225999354,0.20610710225999354,0.30773391894996166,0.30773391894996166,0.30773391894996166,0.32891391068696973,0.32891391068696973,0.32891391068696973,0.9728237581253052,0.9728237581253052,0.9728237581253052,0.040233127772808075,0.040233127772808075,0.040233127772808075,0.1940230429172516,0.1940230429172516,0.1940230429172516,3.0532758235931396,3.0532758235931396,3.0532758235931396,2.1990880966186523,2.1990880966186523,2.1990880966186523,0.8995750401775422,0.8995750401775422,0.8995750401775422,1.9964407682418823,1.9293714761734009
DTD|GTSRB,2,0.2134845107793808,0.2134845107793808,0.2134845107793808,1.3865854740142822,1.3865854740142822,1.3865854740142822,3.2194294929504395,3.2194294929504395,3.2194294929504395,0.8600712139469742,0.8600712139469742,0.8600712139469742,0.00014728061796631664,0.00014728061796631664,0.00014728061796631664,2.7878817032700454e-09,2.7878817032700454e-09,2.7878817032700454e-09,1892.9071044921875,1892.9071044921875,1892.9071044921875,0.12602454867679624,0.12602454867679624,0.12602454867679624,0.08343543116003276,0.08343543116003276,0.08343543116003276,0.17398679494857788,0.17398679494857788,0.17398679494857788,0.28015341304242614,0.28015341304242614,0.28015341304242614,0.27399821430444715,0.27399821430444715,0.27399821430444715,0.9806841325759887,0.9806841325759887,0.9806841325759887,0.040063027292490005,0.040063027292490005,0.040063027292490005,0.17826057970523834,0.17826057970523834,0.17826057970523834,2.951887845993042,2.951887845993042,2.951887845993042,2.118544340133667,2.118544340133667,2.118544340133667,0.830001242885715,0.830001242885715,0.830001242885715,1.9873297214508057,1.919098138809204
DTD|MNIST,2,0.060139190405607224,0.060139190405607224,0.060139190405607224,0.4128110706806183,0.4128110706806183,0.4128110706806183,3.6007614135742188,3.6007614135742188,3.6007614135742188,0.9089665353792732,0.9089665353792732,0.9089665353792732,0.010295899584889412,0.010295899584889412,0.010295899584889412,1.948910437477025e-07,1.948910437477025e-07,1.948910437477025e-07,1892.9071044921875,1892.9071044921875,1892.9071044921875,0.11883537785615772,0.11883537785615772,0.11883537785615772,0.07638619754463434,0.07638619754463434,0.07638619754463434,0.16245963543653488,0.16245963543653488,0.16245963543653488,0.2711743202060461,0.2711743202060461,0.2711743202060461,0.25994367986917494,0.25994367986917494,0.25994367986917494,0.9438604724407196,0.9438604724407196,0.9438604724407196,0.03787250444293022,0.03787250444293022,0.03787250444293022,0.1912289261817932,0.1912289261817932,0.1912289261817932,3.122396945953369,3.122396945953369,3.122396945953369,2.2480677366256714,2.2480677366256714,2.2480677366256714,0.9418837142944523,0.9418837142944523,0.9418837142944523,1.9982374906539917,1.9291541576385498
DTD|RESISC45,2,0.3251038193702698,0.3251038193702698,0.3251038193702698,3.3148117065429688,3.3148117065429688,3.3148117065429688,3.832587242126465,3.832587242126465,3.832587242126465,0.7406434757441961,0.7406434757441961,0.7406434757441961,6.450642831623554e-05,6.450642831623554e-05,6.450642831623554e-05,1.2210379374266722e-09,1.2210379374266722e-09,1.2210379374266722e-09,1892.9071044921875,1892.9071044921875,1892.9071044921875,0.19292636050842701,0.19292636050842701,0.19292636050842701,0.14969722844660283,0.14969722844660283,0.14969722844660283,0.23710623785853385,0.23710623785853385,0.23710623785853385,0.34578945353627205,0.34578945353627205,0.34578945353627205,0.36973382383584974,0.36973382383584974,0.36973382383584974,0.9975350964069366,0.9975350964069366,0.9975350964069366,0.04317259415984154,0.04317259415984154,0.04317259415984154,0.23634956777095795,0.23634956777095795,0.23634956777095795,3.239434242248535,3.239434242248535,3.239434242248535,2.3399016857147217,2.3399016857147217,2.3399016857147217,0.9792305263749103,0.9792305263749103,0.9792305263749103,1.9992581605911255,1.940104365348816
DTD|SUN397,2,0.39009860157966614,0.39009860157966614,0.39009860157966614,2.776308059692383,2.776308059692383,2.776308059692383,2.9506428241729736,2.9506428241729736,2.9506428241729736,0.942426124054137,0.942426124054137,0.942426124054137,-0.001585223595611751,-0.001585223595611751,-0.001585223595611751,-3.000707238243194e-08,-3.000707238243194e-08,-3.000707238243194e-08,1892.9071044921875,1892.9071044921875,1892.9071044921875,0.20414578802883626,0.20414578802883626,0.20414578802883626,0.15172530338168144,0.15172530338168144,0.15172530338168144,0.23128976091742515,0.23128976091742515,0.23128976091742515,0.361755493208766,0.361755493208766,0.361755493208766,0.37543524652719495,0.37543524652719495,0.37543524652719495,0.9900158143043518,0.9900158143043518,0.9900158143043518,0.03775812312960625,0.03775812312960625,0.03775812312960625,0.24010255932807922,0.24010255932807922,0.24010255932807922,3.524479627609253,3.524479627609253,3.524479627609253,2.5308961868286133,2.5308961868286133,2.5308961868286133,0.8430343528431323,0.8430343528431323,0.8430343528431323,1.9932246208190918,1.9414197206497192
DTD|SVHN,2,0.17791512608528137,0.17791512608528137,0.17791512608528137,1.1522839069366455,1.1522839069366455,1.1522839069366455,3.2865915298461914,3.2865915298461914,3.2865915298461914,0.8576314495615304,0.8576314495615304,0.8576314495615304,0.024310987442731857,0.024310987442731857,0.024310987442731857,8.840509053698042e-07,8.840509053698042e-07,8.840509053698042e-07,1892.9071044921875,1892.9071044921875,1892.9071044921875,0.12877951596863568,0.12877951596863568,0.12877951596863568,0.07921740069985389,0.07921740069985389,0.07921740069985389,0.16498674765229226,0.16498674765229226,0.16498674765229226,0.28400662980973723,0.28400662980973723,0.28400662980973723,0.2663831290602684,0.2663831290602684,0.2663831290602684,0.9559284889698029,0.9559284889698029,0.9559284889698029,0.031521961092948914,0.031521961092948914,0.031521961092948914,0.1818915158510208,0.1818915158510208,0.1818915158510208,3.3487086296081543,3.3487086296081543,3.3487086296081543,2.403775930404663,2.403775930404663,2.403775930404663,0.9290359199021377,0.9290359199021377,0.9290359199021377,1.9983799457550049,1.9378066062927246
EuroSAT|GTSRB,2,0.31017717719078064,0.31017717719078064,0.31017717719078064,4.540358543395996,4.540358543395996,4.540358543395996,5.904454708099365,5.904454708099365,5.904454708099365,0.3816228552457678,0.3816228552457678,0.3816228552457678,7.933285673864252e-35,7.933285673864252e-35,7.933285673864252e-35,0.0,0.0,0.0,4.818098697789708e-11,4.818098697789708e-11,4.818098697789708e-11,0.12772368736565112,0.12772368736565112,0.12772368736565112,0.12255326576530934,0.12255326576530934,0.12255326576530934,0.17185356855392456,0.17185356855392456,0.17185356855392456,0.2780163299292326,0.2780163299292326,0.2780163299292326,0.3221637919545174,0.3221637919545174,0.3221637919545174,0.9906769526004792,0.9906769526004792,0.9906769526004792,0.04183889180421829,0.04183889180421829,0.04183889180421829,0.1674669086933136,0.1674669086933136,0.1674669086933136,2.777924060821533,2.777924060821533,2.777924060821533,2.0022850036621094,2.0022850036621094,2.0022850036621094,0.9226592622244211,0.9226592622244211,0.9226592622244211,1.9966390132904053,1.9149161577224731
EuroSAT|MNIST,2,0.08685711771249771,0.08685711771249771,0.08685711771249771,1.3436905145645142,1.3436905145645142,1.3436905145645142,6.473724842071533,6.473724842071533,6.473724842071533,0.40331823566377106,0.40331823566377106,0.40331823566377106,2.106434154922103e-32,2.106434154922103e-32,2.106434154922103e-32,0.0,0.0,0.0,6.559691012597568e-09,6.559691012597568e-09,6.559691012597568e-09,0.112238151114434,0.112238151114434,0.112238151114434,0.09693386366590857,0.09693386366590857,0.09693386366590857,0.154193829074502,0.154193829074502,0.154193829074502,0.2625884451717138,0.2625884451717138,0.2625884451717138,0.28374452888965607,0.28374452888965607,0.28374452888965607,0.9886432695388794,0.9886432695388794,0.9886432695388794,0.04192465916275978,0.04192465916275978,0.04192465916275978,0.19043058156967163,0.19043058156967163,0.19043058156967163,2.955454111099243,2.955454111099243,2.955454111099243,2.1318084001541138,2.1318084001541138,2.1318084001541138,0.955080788132532,0.955080788132532,0.955080788132532,1.9987069368362427,1.9219061136245728
EuroSAT|RESISC45,2,0.6256892681121826,0.6256892681121826,0.6256892681121826,14.377900123596191,14.377900123596191,14.377900123596191,4.834040641784668,4.834040641784668,4.834040641784668,0.5990881960235344,0.5990881960235344,0.5990881960235344,1.6258160199233583e-35,1.6258160199233583e-35,1.6258160199233583e-35,0.0,0.0,0.0,1.663955952191376e-11,1.663955952191376e-11,1.663955952191376e-11,0.16373263630550355,0.16373263630550355,0.16373263630550355,0.2139637750387192,0.2139637750387192,0.2139637750387192,0.2759271061420441,0.2759271061420441,0.2759271061420441,0.3213991506397724,0.3213991506397724,0.3213991506397724,0.4538117241859436,0.4538117241859436,0.4538117241859436,0.9799696862697601,0.9799696862697601,0.9799696862697601,0.06742799282073975,0.06742799282073975,0.06742799282073975,0.3320666551589966,0.3320666551589966,0.3320666551589966,3.0469510555267334,3.0469510555267334,3.0469510555267334,2.223642349243164,2.223642349243164,2.223642349243164,0.8808913401067857,0.8808913401067857,0.8808913401067857,1.994881272315979,1.9286739826202393
EuroSAT|SUN397,2,0.3524484634399414,0.3524484634399414,0.3524484634399414,5.653128623962402,5.653128623962402,5.653128623962402,5.81016731262207,5.81016731262207,5.81016731262207,0.4181646153104659,0.4181646153104659,0.4181646153104659,1.5938654635784094e-33,1.5938654635784094e-33,1.5938654635784094e-33,0.0,0.0,0.0,5.903146860219977e-10,5.903146860219977e-10,5.903146860219977e-10,0.14986111827660353,0.14986111827660353,0.14986111827660353,0.11073099620640278,0.11073099620640278,0.11073099620640278,0.20288641527295112,0.20288641527295112,0.20288641527295112,0.31150515370070936,0.31150515370070936,0.31150515370070936,0.3224496310949326,0.3224496310949326,0.3224496310949326,0.9459702277183533,0.9459702277183533,0.9459702277183533,0.030994880944490433,0.030994880944490433,0.030994880944490433,0.17730233073234558,0.17730233073234558,0.17730233073234558,3.3930468559265137,3.3930468559265137,3.3930468559265137,2.4146368503570557,2.4146368503570557,2.4146368503570557,0.758372661829909,0.758372661829909,0.758372661829909,1.9812132120132446,1.922912836074829
EuroSAT|SVHN,2,0.2963087558746338,0.2963087558746338,0.2963087558746338,4.325049877166748,4.325049877166748,4.325049877166748,5.938143730163574,5.938143730163574,5.938143730163574,0.3805403055268588,0.3805403055268588,0.3805403055268588,3.6844442200888353e-32,3.6844442200888353e-32,3.6844442200888353e-32,0.0,0.0,0.0,1.9210904866895362e-08,1.9210904866895362e-08,1.9210904866895362e-08,0.14023729615844785,0.14023729615844785,0.14023729615844785,0.11754920111969114,0.11754920111969114,0.11754920111969114,0.16949084527790548,0.16949084527790548,0.16949084527790548,0.2911668645590544,0.2911668645590544,0.2911668645590544,0.31058666214346886,0.31058666214346886,0.31058666214346886,0.9931578612327576,0.9931578612327576,0.9931578612327576,0.04368116334080696,0.04368116334080696,0.04368116334080696,0.22674134373664856,0.22674134373664856,0.22674134373664856,3.177229166030884,3.177229166030884,3.177229166030884,2.2875165939331055,2.2875165939331055,2.2875165939331055,0.8357375249723454,0.8357375249723454,0.8357375249723454,1.9914766550064087,1.9267897605895996
GTSRB|MNIST,2,0.1483890414237976,0.1483890414237976,0.1483890414237976,0.8760524392127991,0.8760524392127991,0.8760524392127991,3.1738710403442383,3.1738710403442383,3.1738710403442383,0.9462077870535718,0.9462077870535718,0.9462077870535718,0.00033325841650366783,0.00033325841650366783,0.00033325841650366783,3.332333609939098e-20,3.332333609939098e-20,3.332333609939098e-20,6.554824683036031e-09,6.554824683036031e-09,6.554824683036031e-09,0.1290969348186627,0.1290969348186627,0.1290969348186627,0.1821829304099083,0.1821829304099083,0.1821829304099083,0.27758821949362755,0.27758821949362755,0.27758821949362755,0.27979112043976784,0.27979112043976784,0.27979112043976784,0.4163283509016037,0.4163283509016037,0.4163283509016037,0.981047455072403,0.981047455072403,0.981047455072403,0.08240235596895218,0.08240235596895218,0.08240235596895218,0.34534043073654175,0.34534043073654175,0.34534043073654175,2.7927284240722656,2.7927284240722656,2.7927284240722656,2.0512646436691284,2.0512646436691284,2.0512646436691284,0.8812141353430806,0.8812141353430806,0.8812141353430806,1.990122675895691,1.9174654483795166
GTSRB|RESISC45,2,0.25925928354263306,0.25925928354263306,0.25925928354263306,2.273554563522339,2.273554563522339,2.273554563522339,3.8478169441223145,3.8478169441223145,3.8478169441223145,0.637006133285217,0.637006133285217,0.637006133285217,3.798436409852002e-07,3.798436409852002e-07,3.798436409852002e-07,3.7984103814829505e-23,3.7984103814829505e-23,3.7984103814829505e-23,5.0223193659437726e-11,5.0223193659437726e-11,5.0223193659437726e-11,0.1282410555332899,0.1282410555332899,0.1282410555332899,0.09072452526539564,0.09072452526539564,0.09072452526539564,0.1706103253364563,0.1706103253364563,0.1706103253364563,0.2811540328711271,0.2811540328711271,0.2811540328711271,0.2850702273845673,0.2850702273845673,0.2850702273845673,0.9860091483592988,0.9860091483592988,0.9860091483592988,0.03761158511042595,0.03761158511042595,0.03761158511042595,0.17090266942977905,0.17090266942977905,0.17090266942977905,2.9927539825439453,2.9927539825439453,2.9927539825439453,2.1430985927581787,2.1430985927581787,2.1430985927581787,0.8127625539628084,0.8127625539628084,0.8127625539628084,1.9863471984863281,1.9185532331466675
GTSRB|SUN397,2,0.29647648334503174,0.29647648334503174,0.29647648334503174,1.8147544860839844,1.8147544860839844,1.8147544860839844,2.9434430599212646,2.9434430599212646,2.9434430599212646,0.912613935453224,0.912613935453224,0.912613935453224,2.1029531126259826e-05,2.1029531126259826e-05,2.1029531126259826e-05,2.1029221265860256e-21,2.1029221265860256e-21,2.1029221265860256e-21,5.887981213703597e-10,5.887981213703597e-10,5.887981213703597e-10,0.12835190468467772,0.12835190468467772,0.12835190468467772,0.08348516307771206,0.08348516307771206,0.08348516307771206,0.1674599479138851,0.1674599479138851,0.1674599479138851,0.28305115684866905,0.28305115684866905,0.28305115684866905,0.2733678859472275,0.2733678859472275,0.2733678859472275,0.9533808887004852,0.9533808887004852,0.9533808887004852,0.0329522006213665,0.0329522006213665,0.0329522006213665,0.17392025887966156,0.17392025887966156,0.17392025887966156,3.297163963317871,3.297163963317871,3.297163963317871,2.3340930938720703,2.3340930938720703,2.3340930938720703,0.6997195606551543,0.6997195606551543,0.6997195606551543,1.9634708166122437,1.9105329513549805
GTSRB|SVHN,2,-0.05417153984308243,-0.05417153984308243,-0.05417153984308243,-0.30175352096557617,-0.30175352096557617,-0.30175352096557617,3.426983594894409,3.426983594894409,3.426983594894409,0.9971632995665006,0.9971632995665006,0.9971632995665006,0.0005344187375158072,0.0005344187375158072,0.0005344187375158072,1.02663518398973e-19,1.02663518398973e-19,1.02663518398973e-19,1.9205680601430686e-08,1.9205680601430686e-08,1.9205680601430686e-08,0.1418509595328942,0.1418509595328942,0.1418509595328942,0.21858177632093428,0.21858177632093428,0.21858177632093428,0.30598826706409454,0.30598826706409454,0.30598826706409454,0.29402436017990113,0.29402436017990113,0.29402436017990113,0.45275611519813536,0.45275611519813536,0.45275611519813536,0.9875193095207214,0.9875193095207214,0.9875193095207214,0.08575654774904251,0.08575654774904251,0.08575654774904251,0.4107193350791931,0.4107193350791931,0.4107193350791931,3.015798807144165,3.015798807144165,3.015798807144165,2.20697283744812,2.20697283744812,2.20697283744812,0.7711009682042479,0.7711009682042479,0.7711009682042479,1.9785516262054443,1.9119212627410889
MNIST|RESISC45,2,0.0896708145737648,0.0896708145737648,0.0896708145737648,0.8310664892196655,0.8310664892196655,0.8310664892196655,4.282975196838379,4.282975196838379,4.282975196838379,0.6732201340984646,0.6732201340984646,0.6732201340984646,5.1332237489987165e-05,5.1332237489987165e-05,5.1332237489987165e-05,5.1329840689765004e-21,5.1329840689765004e-21,5.1329840689765004e-21,6.558941390011341e-09,6.558941390011341e-09,6.558941390011341e-09,0.11228315519168973,0.11228315519168973,0.11228315519168973,0.08191766545176506,0.08191766545176506,0.08191766545176506,0.1564513859897852,0.1564513859897852,0.1564513859897852,0.26325097121298313,0.26325097121298313,0.26325097121298313,0.2659945370256901,0.2659945370256901,0.2659945370256901,0.9540328478813171,0.9540328478813171,0.9540328478813171,0.037141211330890656,0.037141211330890656,0.037141211330890656,0.19151389598846436,0.19151389598846436,0.19151389598846436,3.1590001583099365,3.1590001583099365,3.1590001583099365,2.272621989250183,2.272621989250183,2.272621989250183,0.9223212853325121,0.9223212853325121,0.9223212853325121,1.9976065158843994,1.9303076267242432
MNIST|SUN397,2,0.06980869174003601,0.06980869174003601,0.06980869174003601,0.45159661769866943,0.45159661769866943,0.45159661769866943,3.4703574180603027,3.4703574180603027,3.4703574180603027,0.9644963272761083,0.9644963272761083,0.9644963272761083,0.002513329265639186,0.002513329265639186,0.002513329265639186,2.5131204915190605e-19,2.5131204915190605e-19,2.5131204915190605e-19,6.5457577136385225e-09,6.5457577136385225e-09,6.5457577136385225e-09,0.11320292491931468,0.11320292491931468,0.11320292491931468,0.07208431433886289,0.07208431433886289,0.07208431433886289,0.15818578407168388,0.15818578407168388,0.15818578407168388,0.26807614728808404,0.26807614728808404,0.26807614728808404,0.24852196350693703,0.24852196350693703,0.24852196350693703,0.9064198970794678,0.9064198970794678,0.9064198970794678,0.029553378000855446,0.029553378000855446,0.029553378000855446,0.1770075261592865,0.1770075261592865,0.1770075261592865,3.456526279449463,3.456526279449463,3.456526279449463,2.4636164903640747,2.4636164903640747,2.4636164903640747,0.7940403275337093,0.7940403275337093,0.7940403275337093,1.9857761859893799,1.927876591682434
MNIST|SVHN,2,0.10773980617523193,0.10773980617523193,0.10773980617523193,0.6342649459838867,0.6342649459838867,0.6342649459838867,3.2442848682403564,3.2442848682403564,3.2442848682403564,0.9435236790138564,0.9435236790138564,0.9435236790138564,0.48118317127227783,0.48118317127227783,0.48118317127227783,9.2410176197256e-17,9.2410176197256e-17,9.2410176197256e-17,1.5227938021666887e-08,1.5227938021666887e-08,1.5227938021666887e-08,0.14171549140010029,0.14171549140010029,0.14171549140010029,0.29366352178156374,0.29366352178156374,0.29366352178156374,0.44572381138801576,0.44572381138801576,0.44572381138801576,0.2986823952943087,0.2986823952943087,0.2986823952943087,0.5269079574942589,0.5269079574942589,0.5269079574942589,0.996018191576004,0.996018191576004,0.996018191576004,0.20587389171123505,0.20587389171123505,0.20587389171123505,1.1189169883728027,1.1189169883728027,1.1189169883728027,2.9659740924835205,2.9659740924835205,2.9659740924835205,2.3364962339401245,2.3364962339401245,2.3364962339401245,0.8750438029503887,0.8750438029503887,0.8750438029503887,1.9767063856124878,1.9126193523406982
RESISC45|SUN397,2,0.3761393129825592,0.3761393129825592,0.3761393129825592,3.6143712997436523,3.6143712997436523,3.6143712997436523,3.639378070831299,3.639378070831299,3.639378070831299,0.6980017601515869,0.6980017601515869,0.6980017601515869,3.6485769214777974e-06,3.6485769214777974e-06,3.6485769214777974e-06,3.648310282949693e-22,3.648310282949693e-22,3.648310282949693e-22,5.899362109929029e-10,5.899362109929029e-10,5.899362109929029e-10,0.2126410680450499,0.2126410680450499,0.2126410680450499,0.1697019600868225,0.1697019600868225,0.1697019600868225,0.2523936301469803,0.2523936301469803,0.2523936301469803,0.36677558049559594,0.36677558049559594,0.36677558049559594,0.40234795451164246,0.40234795451164246,0.40234795451164246,0.9852104830741882,0.9852104830741882,0.9852104830741882,0.043211352080106735,0.043211352080106735,0.043211352080106735,0.2806081175804138,0.2806081175804138,0.2806081175804138,3.5466411113739014,3.5466411113739014,3.5466411113739014,2.555450439453125,2.555450439453125,2.555450439453125,0.8609151064397745,0.8609151064397745,0.8609151064397745,1.9944387674331665,1.9428573846817017
RESISC45|SVHN,2,0.2852301299571991,0.2852301299571991,0.2852301299571991,2.4942092895507812,2.4942092895507812,2.4942092895507812,3.785860300064087,3.785860300064087,3.785860300064087,0.6351991377107851,0.6351991377107851,0.6351991377107851,0.0001026646641548723,0.0001026646641548723,0.0001026646641548723,1.9722449573643366e-20,1.9722449573643366e-20,1.9722449573643366e-20,1.920987280357167e-08,1.920987280357167e-08,1.920987280357167e-08,0.12038540591951459,0.12038540591951459,0.12038540591951459,0.08260847676545381,0.08260847676545381,0.08260847676545381,0.16246098831295966,0.16246098831295966,0.16246098831295966,0.27317810960114003,0.27317810960114003,0.27317810960114003,0.2684167686104775,0.2684167686104775,0.2684167686104775,0.9645807147026062,0.9645807147026062,0.9645807147026062,0.031935255974531174,0.031935255974531174,0.031935255974531174,0.18818528950214386,0.18818528950214386,0.18818528950214386,3.3819963932037354,3.3819963932037354,3.3819963932037354,2.428330183029175,2.428330183029175,2.428330183029175,0.9487407662232592,0.9487407662232592,0.9487407662232592,1.9989852905273438,1.9403828382492065
SUN397|SVHN,2,0.19419099390506744,0.19419099390506744,0.19419099390506744,1.1852855682373047,1.1852855682373047,1.1852855682373047,3.14501953125,3.14501953125,3.14501953125,0.9100251231069062,0.9100251231069062,0.9100251231069062,0.004135574214160442,0.004135574214160442,0.004135574214160442,7.943842454337955e-19,7.943842454337955e-19,7.943842454337955e-19,1.9178608923198226e-08,1.9178608923198226e-08,1.9178608923198226e-08,0.11790631861425936,0.11790631861425936,0.11790631861425936,0.07275213036686182,0.07275213036686182,0.07275213036686182,0.1550316686183214,0.1550316686183214,0.1550316686183214,0.27490638799965383,0.27490638799965383,0.27490638799965383,0.2503929418325424,0.2503929418325424,0.2503929418325424,0.9209307038784027,0.9209307038784027,0.9209307038784027,0.02481331303715706,0.02481331303715706,0.02481331303715706,0.1698397994041443,0.1698397994041443,0.1698397994041443,3.664043426513672,3.664043426513672,3.664043426513672,2.6193246841430664,2.6193246841430664,2.6193246841430664,0.9074292336640066,0.9074292336640066,0.9074292336640066,1.9984196424484253,1.944150686264038
Cars|DTD|EuroSAT,3,0.1925223469734192,0.13455632328987122,0.2753628194332123,2.9045740365982056,1.0575670003890991,4.686529159545898,5.36874262491862,3.690086841583252,6.371657848358154,0.6221117423802714,0.4437107637801908,0.9608204022035132,-0.012452132999897003,-0.03735639899969101,1.1226428023781728e-32,-42527.721354166664,-127583.1640625,2.0254112406511013e-37,2119.2479248046875,1804.23974609375,2660.596923828125,0.14685158348331848,0.12213824848178774,0.16898704293183983,0.10124728577832381,0.0805885361880064,0.11567817397415638,0.18538336140414077,0.16340567015111446,0.20610710225999354,0.30483500684301057,0.2808624716103077,0.3259086299687624,0.2993341491619746,0.26431172996759417,0.32891391068696973,0.9794297293821971,0.9690770494937897,0.9963883805274963,0.03374422341585159,0.028171755373477936,0.040233127772808075,0.1798626333475113,0.15054944157600403,0.19501541554927826,3.2367520332336426,3.0532758235931396,3.3997128009796143,2.321303685506185,2.1990880966186523,2.44054114818573,0.8712575010422828,0.8117864359076528,0.9024110270416538,2.9903945922851562,2.8560988903045654
Cars|DTD|GTSRB,3,0.17169813811779022,0.13455632328987122,0.2134845107793808,1.1911375125249226,1.0575670003890991,1.3865854740142822,3.433944304784139,3.2194294929504395,3.690086841583252,0.8824218619528943,0.8263739697081955,0.9608204022035132,-0.012456181366966726,-0.03735639899969101,0.00014728061796631664,-42527.72135416669,-127583.1640625,2.7878817032700454e-09,2119.2479248046875,1804.23974609375,2660.596923828125,0.140386582929641,0.12602454867679624,0.16898704293183983,0.09172286868095399,0.08343543116003276,0.10747514717280865,0.17562727394203345,0.16625771507620812,0.18663731180131435,0.2949804978072643,0.27887945041060447,0.3259086299687624,0.28465314000844955,0.27399821430444715,0.3047768068313599,0.9838007036844889,0.9743295979499816,0.9963883805274963,0.03575076535344124,0.03282778710126877,0.040063027292490005,0.18090052902698517,0.1694255918264389,0.19501541554927826,3.1677658557891846,2.951887845993042,3.3997128009796143,2.267607847849528,2.118544340133667,2.44054114818573,0.8271381813219053,0.7490022740383472,0.9024110270416538,2.9770736694335938,2.842937469482422
Cars|DTD|MNIST,3,0.07686701665321986,0.03590553626418114,0.13455632328987122,0.5756310820579529,0.25651517510414124,1.0575670003890991,3.673330465952555,3.6007614135742188,3.7291431427001953,0.9143801765651446,0.8733535921126472,0.9608204022035132,-0.013825073838233948,-0.03735639899969101,0.010295899584889412,-42527.7213541884,-127583.1640625,1.948910437477025e-07,2119.2479248046875,1804.23974609375,2660.596923828125,0.132528208491082,0.10976220468524843,0.16898704293183983,0.08831064160913228,0.07638619754463434,0.10747514717280865,0.17159276582300662,0.16245963543653488,0.18663731180131435,0.28605040947596233,0.26106827825307843,0.3259086299687624,0.27660151024659474,0.25994367986917494,0.3047768068313599,0.9593944517771403,0.937934502363205,0.9963883805274963,0.03474890192349752,0.03282778710126877,0.03787250444293022,0.19131576518217722,0.1877029538154602,0.19501541554927826,3.2780063152313232,3.122396945953369,3.3997128009796143,2.3539567788441977,2.2480677366256714,2.44054114818573,0.8980869971021234,0.8499662499702643,0.9418837142944523,2.9936435222625732,2.8588480949401855
Cars|DTD|RESISC45,3,0.21181254088878632,0.13455632328987122,0.3251038193702698,2.0792391300201416,1.0575670003890991,3.3148117065429688,3.9302355448404946,3.690086841583252,4.268032550811768,0.8241029151895951,0.7406434757441961,0.9608204022035132,-0.012437379817735442,-0.03735639899969101,6.450642831623554e-05,-42527.72135416638,-127583.1640625,1.2210379374266722e-09,2119.2479248046875,1804.23974609375,2660.596923828125,0.17993777189869434,0.16898704293183983,0.19292636050842701,0.1257802439853549,0.10747514717280865,0.14969722844660283,0.20324480126301447,0.18599085412919522,0.23710623785853385,0.3349763447294633,0.3259086299687624,0.34578945353627205,0.33227682699759803,0.3047768068313599,0.36973382383584974,0.9964148374398549,0.9953210353851318,0.9975350964069366,0.03558303167422613,0.03074871376156807,0.04317259415984154,0.20596803228060404,0.18653911352157593,0.23634956777095795,3.3584683736165366,3.239434242248535,3.43625807762146,2.415179411570231,2.3399016857147217,2.4650954008102417,0.9343975709868456,0.9024110270416538,0.9792305263749103,2.996166706085205,2.8740622997283936
Cars|DTD|SUN397,3,0.26408689220746356,0.13455632328987122,0.39009860157966614,1.938690185546875,1.0575670003890991,2.776308059692383,3.315239667892456,2.9506428241729736,3.690086841583252,0.9362495912728147,0.9055022475607939,0.9608204022035132,-0.013271223288029432,-0.03735639899969101,-0.0008720472687855363,-42527.721354181915,-127583.1640625,-1.5734064717776164e-08,2119.2479248046875,1804.23974609375,2660.596923828125,0.19667889780985814,0.16898704293183983,0.21690386246889828,0.13829237870872021,0.10747514717280865,0.15567668557167053,0.20711198610564074,0.18663731180131435,0.23128976091742515,0.35217616185545925,0.3259086299687624,0.36886436238884923,0.3506954601407051,0.3047768068313599,0.37543524652719495,0.9929107900460562,0.9900158143043518,0.9963883805274963,0.03360802431901296,0.030238162726163864,0.03775812312960625,0.21606527268886566,0.19501541554927826,0.24010255932807922,3.5422863960266113,3.3997128009796143,3.702666759490967,2.542509078979492,2.44054114818573,2.6560899019241333,0.8932158548185436,0.8430343528431323,0.9342021845708445,2.991119384765625,2.8793320655822754
Cars|DTD|SVHN,3,0.18184131880601248,0.13455632328987122,0.23305250704288483,1.2602619727452595,1.0575670003890991,1.5709350109100342,3.4104464054107666,3.2546608448028564,3.690086841583252,0.8808272153583784,0.8240297943100917,0.9608204022035132,-0.003326382410402099,-0.03735639899969101,0.024310987442731857,-42527.721353836554,-127583.1640625,8.840509053698042e-07,2119.2479248046875,1804.23974609375,2660.596923828125,0.134908324132363,0.1069584134966135,0.16898704293183983,0.08585166869064172,0.07086245819926262,0.10747514717280865,0.17034550537665685,0.15941245667636395,0.18663731180131435,0.2905487039188544,0.26173085197806356,0.3259086299687624,0.27334189966320993,0.24886576309800149,0.3047768068313599,0.9671937493483226,0.9492643785476684,0.9963883805274963,0.02991826832294464,0.02540505677461624,0.03282778710126877,0.17978515227635702,0.16244852542877197,0.19501541554927826,3.4269959926605225,3.3487086296081543,3.532566547393799,2.4577622413635254,2.403775930404663,2.528969645500183,0.9342627736868803,0.9024110270416538,0.9713413741168494,2.9969611167907715,2.873016595840454
Cars|EuroSAT|GTSRB,3,0.21495955189069113,0.16705358028411865,0.31017717719078064,2.8797481854756675,1.1292600631713867,4.540358543395996,5.222809712092082,3.3923165798187256,6.371657848358154,0.5566002953703579,0.3816228552457678,0.8263739697081955,-5.314190639182925e-05,-0.00015942571917548776,1.1226428023781728e-32,-9.58806811723889e-10,-2.876420435171667e-09,2.0254112406511013e-37,1202.8264973958494,4.818098697789708e-11,1804.23974609375,0.1253366976759086,0.12213824848178774,0.12772368736565112,0.09579994322111209,0.0805885361880064,0.12255326576530934,0.1671723179270824,0.16340567015111446,0.17185356855392456,0.27925275065004823,0.2780163299292326,0.2808624716103077,0.28721997360388435,0.26431172996759417,0.3221637919545174,0.9780278666814168,0.9690770494937897,0.9906769526004792,0.03479070961475372,0.028171755373477936,0.04183889180421829,0.16248064736525217,0.15054944157600403,0.1694255918264389,3.062296152114868,2.777924060821533,3.257267475128174,2.1901016235351562,2.0022850036621094,2.3242818117141724,0.8278159907234737,0.7490022740383472,0.9226592622244211,2.9765090942382812,2.830552339553833
Cars|EuroSAT|MNIST,3,0.0968035173912843,0.03590553626418114,0.16764789819717407,1.5232772131760914,0.25651517510414124,2.969625949859619,5.524841944376628,3.7291431427001953,6.473724842071533,0.5794919629778429,0.40331823566377106,0.8733535921126472,-0.004804907366633415,-0.014414722099900246,2.106434154922103e-32,-8.669279812541693e-08,-2.600783943762508e-07,2.0254112406511013e-37,1202.82649739802,6.559691012597568e-09,1804.23974609375,0.11471286809382338,0.10976220468524843,0.12213824848178774,0.0861976599879563,0.0805885361880064,0.09693386366590857,0.1610936164855957,0.154193829074502,0.16568135023117064,0.26817306501169996,0.26106827825307843,0.2808624716103077,0.27104676763216656,0.26431172996759417,0.28374452888965607,0.9652182737986247,0.937934502363205,0.9886432695388794,0.03454760958751043,0.028171755373477936,0.04192465916275978,0.1762276589870453,0.15054944157600403,0.19043058156967163,3.1748769283294678,2.955454111099243,3.3119091987609863,2.2764505545298257,2.1318084001541138,2.3732614517211914,0.8722778246701498,0.8117864359076528,0.955080788132532,2.988851308822632,2.845115900039673
Cars|EuroSAT|RESISC45,3,0.3230382154385249,0.16764789819717407,0.6256892681121826,6.404288252194722,1.865338683128357,14.377900123596191,5.157910346984863,4.268032550811768,6.371657848358154,0.6105790416005736,0.4618040611571106,0.770844867621076,-6.748960610517922e-06,-2.0246881831553765e-05,1.1226428023781728e-32,-1.2177046408249717e-10,-3.6531139224749154e-10,2.0254112406511013e-37,1202.826497395839,1.663955952191376e-11,1804.23974609375,0.15459026568103582,0.12213824848178774,0.17789991225581617,0.13824022252112628,0.0805885361880064,0.2139637750387192,0.20844121014078457,0.16340567015111446,0.2759271061420441,0.3118308576444785,0.2808624716103077,0.33323095068335534,0.34681443482637403,0.26431172996759417,0.4538117241859436,0.9814559237162271,0.9690770494937897,0.9953210353851318,0.04211615398526192,0.028171755373477936,0.06742799282073975,0.22305173675219217,0.15054944157600403,0.3320666551589966,3.2468255360921225,3.0469510555267334,3.43625807762146,2.3376731872558594,2.223642349243164,2.4650954008102417,0.8714096451861373,0.8117864359076528,0.9215511595439732,2.9885900020599365,2.857706308364868
Cars|EuroSAT|SUN397,3,0.2625673711299896,0.16764789819717407,0.3524484634399414,3.5349833567937217,1.982195496559143,5.653128623962402,5.162271499633789,3.3049893379211426,6.371657848358154,0.5951569746761235,0.4181646153104659,0.9055022475607939,-0.0002906824229285121,-0.0008720472687855363,1.1226428023781728e-32,-5.244688239258721e-09,-1.5734064717776164e-08,2.0254112406511013e-37,1202.8264973960302,5.903146860219977e-10,1804.23974609375,0.1629677430757632,0.12213824848178774,0.21690386246889828,0.11566540598869324,0.0805885361880064,0.15567668557167053,0.18990032367408274,0.16340567015111446,0.20340888559818268,0.3204106625666221,0.2808624716103077,0.36886436238884923,0.3195452293753624,0.26431172996759417,0.3718743270635605,0.9691251508394877,0.9459702277183533,0.9923281753063202,0.02980159968137741,0.028171755373477936,0.030994880944490433,0.1803098718325297,0.15054944157600403,0.2130778431892395,3.4509936968485513,3.257267475128174,3.702666759490967,2.4650028546651206,2.3242818117141724,2.6560899019241333,0.834787094102802,0.758372661829909,0.9342021845708445,2.979703903198242,2.8592424392700195
Cars|EuroSAT|SVHN,3,0.2323363870382309,0.16764789819717407,0.2963087558746338,2.9552036126454673,1.5709350109100342,4.325049877166748,5.188154141108195,3.2546608448028564,6.371657848358154,0.555458053664687,0.3805403055268588,0.8240297943100917,0.0010220881085842848,1.1226428023781728e-32,0.0030662643257528543,3.542512416743193e-08,0.0,1.062753725022958e-07,1202.826497402237,1.9210904866895362e-08,1804.23974609375,0.1231113193789497,0.1069584134966135,0.14023729615844785,0.0896667318356534,0.07086245819926262,0.11754920111969114,0.16410299070179463,0.15941245667636395,0.16949084527790548,0.27792006271580855,0.26173085197806356,0.2911668645590544,0.27458805173635487,0.24886576309800149,0.31058666214346886,0.9704997630914053,0.9492643785476684,0.9931578612327576,0.03241932516296705,0.02540505677461624,0.04368116334080696,0.17991310358047485,0.15054944157600403,0.22674134373664856,3.3223543961842856,3.177229166030884,3.532566547393799,2.380256017049154,2.2875165939331055,2.528969645500183,0.8729551116656159,0.8117864359076528,0.9713413741168494,2.988563060760498,2.857323408126831
Cars|GTSRB|MNIST,3,0.1171160526573658,0.03590553626418114,0.16705358028411865,0.7539425591627756,0.25651517510414124,1.1292600631713867,3.4317769209543862,3.1738710403442383,3.7291431427001953,0.8819784496248048,0.8263739697081955,0.9462077870535718,-0.004746963134190689,-0.014414722099900246,0.00033325841650366783,-8.765160493712973e-08,-2.600783943762508e-07,3.332333609939098e-20,1202.8264973980183,6.554824683036031e-09,1804.23974609375,0.1216690988947327,0.10976220468524843,0.1290969348186627,0.11583717940996091,0.08107058010995388,0.1821829304099083,0.20317576160033543,0.16568135023117064,0.27758821949362755,0.27324628303448356,0.26106827825307843,0.27979112043976784,0.3188655979434649,0.2650840440392494,0.4163283509016037,0.9644371851285299,0.937934502363205,0.981047455072403,0.050103417287270226,0.033546414226293564,0.08240235596895218,0.23415632545948029,0.1694255918264389,0.34534043073654175,3.0854448477427163,2.7927284240722656,3.3119091987609863,2.222754716873169,2.0512646436691284,2.3732614517211914,0.8267275531172307,0.7490022740383472,0.8812141353430806,2.9740548133850098,2.8343987464904785
Cars|GTSRB|RESISC45,3,0.20069678127765656,0.16705358028411865,0.25925928354263306,1.7560511032740276,1.1292600631713867,2.273554563522339,3.836055358250936,3.3923165798187256,4.268032550811768,0.7447416568714962,0.637006133285217,0.8263739697081955,-5.976425245535211e-05,-0.00015942571917548776,3.798436409852002e-07,-1.0805772758063735e-09,-2.876420435171667e-09,3.7984103814829505e-23,1202.82649739585,5.0223193659437726e-11,1804.23974609375,0.14409637498979766,0.12614815718028694,0.17789991225581617,0.09838363643735648,0.08425802771002054,0.12016835633665324,0.1742862981806199,0.16625771507620812,0.18599085412919522,0.2977548113216956,0.27887945041060447,0.33323095068335534,0.29419149219989776,0.2751843988895416,0.3223198503255844,0.9852199272314707,0.9743295979499816,0.9953210353851318,0.03424059351285299,0.03074871376156807,0.03761158511042595,0.17562245825926462,0.1694255918264389,0.18653911352157593,3.1935696601867676,2.9927539825439453,3.43625807762146,2.2839773495992026,2.1430985927581787,2.4650954008102417,0.8277719958483761,0.7490022740383472,0.9215511595439732,2.9756789207458496,2.8451521396636963
Cars|GTSRB|SUN397,3,0.24371193846066794,0.16705358028411865,0.29647648334503174,1.6420700152715046,1.1292600631713867,1.982195496559143,3.213582992553711,2.9434430599212646,3.3923165798187256,0.8814967175740711,0.8263739697081955,0.912613935453224,-0.00033681448561158806,-0.0008720472687855363,2.1029531126259826e-05,-6.203495050981909e-09,-1.5734064717776164e-08,2.1029221265860256e-21,1202.8264973960297,5.887981213703597e-10,1804.23974609375,0.15713464144462097,0.12614815718028694,0.21690386246889828,0.10780662545313437,0.08348516307771206,0.15567668557167053,0.17904218286275864,0.16625771507620812,0.20340888559818268,0.3102649898827076,0.27887945041060447,0.36886436238884923,0.3068088706334432,0.2733678859472275,0.3718743270635605,0.9733462206522624,0.9533808887004852,0.9923281753063202,0.032517281671365104,0.030238162726163864,0.03436148166656494,0.18547456463178,0.1694255918264389,0.2130778431892395,3.3838425477345786,3.1516969203948975,3.702666759490967,2.4113070170084634,2.243738055229187,2.6560899019241333,0.7943080064214486,0.6997195606551543,0.9342021845708445,2.9601781368255615,2.844937324523926
Cars|GTSRB|SVHN,3,0.11531151582797368,-0.05417153984308243,0.23305250704288483,0.7994805177052816,-0.30175352096557617,1.5709350109100342,3.3579870065053306,3.2546608448028564,3.426983594894409,0.8825223545282626,0.8240297943100917,0.9971632995665006,0.0011470857813643913,-0.00015942571917548776,0.0030662643257528543,3.446631735574226e-08,-2.876420435171667e-09,1.062753725022958e-07,1202.8264974022352,1.9205680601430686e-08,1804.23974609375,0.12498584340326487,0.1069584134966135,0.1418509595328942,0.12456742074340582,0.07086245819926262,0.21858177632093428,0.21055281293888886,0.15941245667636395,0.30598826706409454,0.2782115541895231,0.26173085197806356,0.29402436017990113,0.32560209239522614,0.24886576309800149,0.45275611519813536,0.9703710953394572,0.9492643785476684,0.9875193095207214,0.048507695396741234,0.02540505677461624,0.08575654774904251,0.24753115077813467,0.16244852542877197,0.4107193350791931,3.233354091644287,3.015798807144165,3.532566547393799,2.3265601793924966,2.20697283744812,2.528969645500183,0.8304815387864815,0.7490022740383472,0.9713413741168494,2.970717668533325,2.8406248092651367
Cars|MNIST|RESISC45,3,0.10045127694805463,0.03590553626418114,0.17577748000621796,0.9843067824840546,0.25651517510414124,1.865338683128357,4.09338363011678,3.7291431427001953,4.282975196838379,0.7724728646107293,0.6732201340984646,0.8733535921126472,-0.004794545581413938,-0.014414722099900246,5.1332237489987165e-05,-8.681456858949772e-08,-2.600783943762508e-07,5.1329840689765004e-21,1202.8264973980197,6.558941390011341e-09,1804.23974609375,0.1333150907109181,0.10976220468524843,0.17789991225581617,0.09438553396612405,0.08107058010995388,0.12016835633665324,0.16937453011671702,0.1564513859897852,0.18599085412919522,0.2858500667164723,0.26106827825307843,0.33323095068335534,0.28446614379684126,0.2650840440392494,0.3223198503255844,0.9624294618765513,0.937934502363205,0.9953210353851318,0.03381211310625076,0.03074871376156807,0.037141211330890656,0.18858532110850015,0.18653911352157593,0.19151389598846436,3.302389144897461,3.1590001583099365,3.43625807762146,2.370326280593872,2.272621989250183,2.4650954008102417,0.8979462316155832,0.8499662499702643,0.9223212853325121,2.993053674697876,2.8619372844696045
Cars|MNIST|SUN397,3,0.12443999325235684,0.03590553626418114,0.2676057517528534,0.8967690964539846,0.25651517510414124,1.982195496559143,3.5014966328938804,3.3049893379211426,3.7291431427001953,0.9144507223165165,0.8733535921126472,0.9644963272761083,-0.004257813367682199,-0.014414722099900246,0.002513329265639186,-9.193748636459189e-08,-2.600783943762508e-07,2.5131204915190605e-19,1202.8264973980151,6.5457577136385225e-09,1804.23974609375,0.14662299735782047,0.10976220468524843,0.21690386246889828,0.10294386000682909,0.07208431433886289,0.15567668557167053,0.17575867330034575,0.15818578407168388,0.20340888559818268,0.29933626264333724,0.26106827825307843,0.36886436238884923,0.29516011153658234,0.24852196350693703,0.3718743270635605,0.9455608582496643,0.9064198970794678,0.9923281753063202,0.03111265165110429,0.029553378000855446,0.033546414226293564,0.19259610772132874,0.1770075261592865,0.2130778431892395,3.4903674125671387,3.3119091987609863,3.702666759490967,2.4976559480031333,2.3732614517211914,2.6560899019241333,0.859402920691606,0.7940403275337093,0.9342021845708445,2.984929084777832,2.8648221492767334
Cars|MNIST|SVHN,3,0.12556594982743263,0.03590553626418114,0.23305250704288483,0.8205717106660207,0.25651517510414124,1.5709350109100342,3.4093629519144693,3.2442848682403564,3.7291431427001953,0.8803023551455317,0.8240297943100917,0.9435236790138564,0.1566115711660435,-0.014414722099900246,0.48118317127227783,-5.1267673927181605e-08,-2.600783943762508e-07,1.062753725022958e-07,1202.8264974009094,1.5227938021666887e-08,1804.23974609375,0.1194787031939874,0.1069584134966135,0.14171549140010029,0.14853218669692675,0.07086245819926262,0.29366352178156374,0.2569392060985168,0.15941245667636395,0.44572381138801576,0.2738271751751502,0.26106827825307843,0.2986823952943087,0.3469525882105033,0.24886576309800149,0.5269079574942589,0.9610723574956258,0.937934502363205,0.996018191576004,0.08827512090404828,0.02540505677461624,0.20587389171123505,0.4896894892056783,0.16244852542877197,1.1189169883728027,3.2701499462127686,2.9659740924835205,3.532566547393799,2.4129091103871665,2.3364962339401245,2.528969645500183,0.8987838090125008,0.8499662499702643,0.9713413741168494,2.9756875038146973,2.845907211303711
Cars|RESISC45|SUN397,3,0.2731741815805435,0.17577748000621796,0.3761393129825592,2.487301826477051,1.865338683128357,3.6143712997436523,3.73746665318807,3.3049893379211426,4.268032550811768,0.7914496251111522,0.6980017601515869,0.9055022475607939,-0.00029621519123187073,-0.0008720472687855363,3.6485769214777974e-06,-5.366458703341097e-09,-1.5734064717776164e-08,3.648310282949693e-22,1202.82649739603,5.899362109929029e-10,1804.23974609375,0.2024816142565881,0.17789991225581617,0.21690386246889828,0.14851566733171542,0.12016835633665324,0.1697019600868225,0.21393112329145272,0.18599085412919522,0.2523936301469803,0.3562902978559335,0.33323095068335534,0.36886436238884923,0.3655140439669291,0.3223198503255844,0.40234795451164246,0.9909532312552134,0.9852104830741882,0.9953210353851318,0.03473274285594622,0.030238162726163864,0.043211352080106735,0.22674169143040976,0.18653911352157593,0.2806081175804138,3.5618553161621094,3.43625807762146,3.702666759490967,2.5588785807291665,2.4650954008102417,2.6560899019241333,0.905556150184864,0.8609151064397745,0.9342021845708445,2.992184638977051,2.8822689056396484
Cars|RESISC45|SVHN,3,0.23135337233543396,0.17577748000621796,0.2852301299571991,1.9768276611963909,1.5709350109100342,2.4942092895507812,3.7695178985595703,3.2546608448028564,4.268032550811768,0.7433579332139842,0.6351991377107851,0.8240297943100917,0.0010495607026920577,-2.0246881831553765e-05,0.0030662643257528543,3.530335370335601e-08,-3.6531139224749154e-10,1.062753725022958e-07,1202.8264974022366,1.920987280357167e-08,1804.23974609375,0.1350812438906481,0.1069584134966135,0.17789991225581617,0.09121309710045655,0.07086245819926262,0.12016835633665324,0.16928809970617295,0.15941245667636395,0.18599085412919522,0.2893799707541863,0.26173085197806356,0.33323095068335534,0.2798674606780211,0.24886576309800149,0.3223198503255844,0.9697220428784687,0.9492643785476684,0.9953210353851318,0.029363008836905163,0.02540505677461624,0.031935255974531174,0.17905764281749725,0.16244852542877197,0.18818528950214386,3.4502736727396646,3.3819963932037354,3.532566547393799,2.4741317431131997,2.428330183029175,2.528969645500183,0.9472110999613607,0.9215511595439732,0.9713413741168494,2.997744560241699,2.876924753189087
Cars|SUN397|SVHN,3,0.2316164175669352,0.19419099390506744,0.2676057517528534,1.579472025235494,1.1852855682373047,1.982195496559143,3.2348899046579995,3.14501953125,3.3049893379211426,0.8798523883259306,0.8240297943100917,0.9100251231069062,0.0021099304237092533,-0.0008720472687855363,0.004135574214160442,3.018043592843801e-08,-1.5734064717776164e-08,1.062753725022958e-07,1202.826497402226,1.9178608923198226e-08,1804.23974609375,0.14725619819325705,0.1069584134966135,0.21690386246889828,0.09976375804593167,0.07086245819926262,0.15567668557167053,0.17261767029762268,0.1550316686183214,0.20340888559818268,0.3018338674555222,0.26173085197806356,0.36886436238884923,0.29037767733136816,0.24886576309800149,0.3718743270635605,0.9541744192441305,0.9209307038784027,0.9923281753063202,0.02681884417931239,0.02481331303715706,0.030238162726163864,0.1817887226740519,0.16244852542877197,0.2130778431892395,3.633092244466146,3.532566547393799,3.702666759490967,2.601461410522461,2.528969645500183,2.6560899019241333,0.9376575974505669,0.9074292336640066,0.9713413741168494,2.996593713760376,2.883491277694702
DTD|EuroSAT|GTSRB,3,0.26634150246779126,0.2134845107793808,0.31017717719078064,3.5378243923187256,1.3865854740142822,4.686529159545898,5.056122461954753,3.2194294929504395,6.044483184814453,0.5618016109909776,0.3816228552457678,0.8600712139469742,4.909353932210555e-05,-2.094664517734495e-32,0.00014728061796631664,9.292939010900151e-10,-3.965081400321376e-37,2.7878817032700454e-09,1261.9380696614744,4.818098697789708e-11,1892.9071044921875,0.13439256502625843,0.12602454867679624,0.1494294590363279,0.10722229029983282,0.08343543116003276,0.12255326576530934,0.18398248858749866,0.17185356855392456,0.20610710225999354,0.28863455397387344,0.2780163299292326,0.30773391894996166,0.3083586389819781,0.27399821430444715,0.32891391068696973,0.9813949477672578,0.9728237581253052,0.9906769526004792,0.04071168228983879,0.040063027292490005,0.04183889180421829,0.1799168437719345,0.1674669086933136,0.1940230429172516,2.927695910135905,2.777924060821533,3.0532758235931396,2.1066391468048096,2.0022850036621094,2.1990880966186523,0.8840785150958927,0.830001242885715,0.9226592622244211,2.9871017932891846,2.835747480392456
DTD|EuroSAT|MNIST,3,0.14078637585043907,0.060139190405607224,0.2753628194332123,2.1476769149303436,0.4128110706806183,4.686529159545898,5.372989813486735,3.6007614135742188,6.473724842071533,0.5853318449410784,0.40331823566377106,0.9089665353792732,0.0034319665282964706,-2.094664517734495e-32,0.010295899584889412,6.496368124923417e-08,-3.965081400321376e-37,1.948910437477025e-07,1261.938069663645,6.559691012597568e-09,1892.9071044921875,0.12683432933563987,0.112238151114434,0.1494294590363279,0.09633274506156643,0.07638619754463434,0.11567817397415638,0.17425352225701016,0.154193829074502,0.20610710225999354,0.2804988947759072,0.2625884451717138,0.30773391894996166,0.29086737314860023,0.25994367986917494,0.32891391068696973,0.968442500034968,0.9438604724407196,0.9886432695388794,0.040010097126166023,0.03787250444293022,0.04192465916275978,0.1918941835562388,0.19043058156967163,0.1940230429172516,3.0437089602152505,2.955454111099243,3.122396945953369,2.192988077799479,2.1318084001541138,2.2480677366256714,0.9321798475348423,0.8995750401775422,0.955080788132532,2.9952566623687744,2.8466200828552246
DTD|EuroSAT|RESISC45,3,0.4087186356385549,0.2753628194332123,0.6256892681121826,7.4597469965616865,3.3148117065429688,14.377900123596191,4.903703689575195,3.832587242126465,6.044483184814453,0.5944808118493071,0.4437107637801908,0.7406434757441961,2.1502142772078514e-05,-2.094664517734495e-32,6.450642831623554e-05,4.0701264580889074e-10,-3.965081400321376e-37,1.2210379374266722e-09,1261.938069661464,1.663955952191376e-11,1892.9071044921875,0.16869615195008617,0.1494294590363279,0.19292636050842701,0.15977972581982613,0.11567817397415638,0.2139637750387192,0.23971348208685717,0.20610710225999354,0.2759271061420441,0.3249741743753354,0.30773391894996166,0.34578945353627205,0.384153152902921,0.32891391068696973,0.4538117241859436,0.9834428469340007,0.9728237581253052,0.9975350964069366,0.050277904917796455,0.040233127772808075,0.06742799282073975,0.2541464219490687,0.1940230429172516,0.3320666551589966,3.1132203737894693,3.0469510555267334,3.239434242248535,2.2542107105255127,2.1990880966186523,2.3399016857147217,0.9198989688864128,0.8808913401067857,0.9792305263749103,2.99314284324646,2.8587937355041504
DTD|EuroSAT|SUN397,3,0.3393032948176066,0.2753628194332123,0.39009860157966614,4.371988614400228,2.776308059692383,5.653128623962402,4.935097773869832,2.9506428241729736,6.044483184814453,0.6014338343815978,0.4181646153104659,0.942426124054137,-0.000528407865203917,-0.001585223595611751,1.5938654635784094e-33,-1.0002357460810648e-08,-3.000707238243194e-08,0.0,1261.9380696616552,5.903146860219977e-10,1892.9071044921875,0.16781212178058924,0.1494294590363279,0.20414578802883626,0.12604482452074686,0.11073099620640278,0.15172530338168144,0.2134277594834566,0.20288641527295112,0.23128976091742515,0.32699818861981234,0.30773391894996166,0.361755493208766,0.34226626276969907,0.3224496310949326,0.37543524652719495,0.9696032667160034,0.9459702277183533,0.9900158143043518,0.03632871061563492,0.030994880944490433,0.040233127772808075,0.2038093109925588,0.17730233073234558,0.24010255932807922,3.3236007690429688,3.0532758235931396,3.524479627609253,2.381540377934774,2.1990880966186523,2.5308961868286133,0.8336606849501945,0.758372661829909,0.8995750401775422,2.978790044784546,2.8564350605010986
DTD|EuroSAT|SVHN,3,0.24986223379770914,0.17791512608528137,0.2963087558746338,3.387954314549764,1.1522839069366455,4.686529159545898,5.089739481608073,3.2865915298461914,6.044483184814453,0.5606275062895266,0.3805403055268588,0.8576314495615304,0.00810366248091062,-2.094664517734495e-32,0.024310987442731857,2.9468363512326806e-07,-3.965081400321376e-37,8.840509053698042e-07,1261.938069667862,1.9210904866895362e-08,1892.9071044921875,0.13948209038780382,0.12877951596863568,0.1494294590363279,0.10414825859790046,0.07921740069985389,0.11754920111969114,0.18019489839673042,0.16498674765229226,0.20610710225999354,0.29430247110625113,0.28400662980973723,0.30773391894996166,0.301961233963569,0.2663831290602684,0.32891391068696973,0.9739700361092886,0.9559284889698029,0.9931578612327576,0.038478750735521317,0.031521961092948914,0.04368116334080696,0.20088530083497366,0.1818915158510208,0.22674134373664856,3.193071206410726,3.0532758235931396,3.3487086296081543,2.296793540318807,2.1990880966186523,2.403775930404663,0.8881161616840085,0.8357375249723454,0.9290359199021377,2.991751194000244,2.8560550212860107
DTD|GTSRB|MNIST,3,0.14067091420292854,0.060139190405607224,0.2134845107793808,0.8918163279692332,0.4128110706806183,1.3865854740142822,3.3313539822896323,3.1738710403442383,3.6007614135742188,0.9050818454599397,0.8600712139469742,0.9462077870535718,0.003592146206453132,0.00014728061796631664,0.010295899584889412,6.58929751503353e-08,3.332333609939098e-20,1.948910437477025e-07,1261.9380696636433,6.554824683036031e-09,1892.9071044921875,0.12465228711720555,0.11883537785615772,0.1290969348186627,0.11400151970485846,0.07638619754463434,0.1821829304099083,0.20467821662624677,0.16245963543653488,0.27758821949362755,0.27703961789608006,0.2711743202060461,0.28015341304242614,0.3167567483584086,0.25994367986917494,0.4163283509016037,0.9685306866963704,0.9438604724407196,0.981047455072403,0.05344596256812414,0.03787250444293022,0.08240235596895218,0.2382766455411911,0.17826057970523834,0.34534043073654175,2.9556710720062256,2.7927284240722656,3.122396945953369,2.1392922401428223,2.0512646436691284,2.2480677366256714,0.8843663641744159,0.830001242885715,0.9418837142944523,2.9837794303894043,2.8364834785461426
DTD|GTSRB|RESISC45,3,0.26594920456409454,0.2134845107793808,0.3251038193702698,2.3249839146931968,1.3865854740142822,3.3148117065429688,3.6332778930664062,3.2194294929504395,3.8478169441223145,0.7459069409921292,0.637006133285217,0.8600712139469742,7.072229664117913e-05,3.798436409852002e-07,0.00014728061796631664,1.3363065468989185e-09,3.7984103814829505e-23,2.7878817032700454e-09,1261.938069661475,5.0223193659437726e-11,1892.9071044921875,0.1490639882395044,0.12602454867679624,0.19292636050842701,0.10795239495734373,0.08343543116003276,0.14969722844660283,0.19390111938118934,0.1706103253364563,0.23710623785853385,0.30236563314994175,0.28015341304242614,0.34578945353627205,0.3096007551749547,0.27399821430444715,0.36973382383584974,0.9880761257807413,0.9806841325759887,0.9975350964069366,0.04028240218758583,0.03761158511042595,0.04317259415984154,0.19517093896865845,0.17090266942977905,0.23634956777095795,3.061358690261841,2.951887845993042,3.239434242248535,2.200514872868856,2.118544340133667,2.3399016857147217,0.8739981077411446,0.8127625539628084,0.9792305263749103,2.983006000518799,2.8459861278533936
DTD|GTSRB|SUN397,3,0.3000198652346929,0.2134845107793808,0.39009860157966614,1.9925493399302165,1.3865854740142822,2.776308059692383,3.0378384590148926,2.9434430599212646,3.2194294929504395,0.905037091151445,0.8600712139469742,0.942426124054137,-0.0004723044821730582,-0.001585223595611751,0.00014728061796631664,-9.07306355971993e-09,-3.000707238243194e-08,2.7878817032700454e-09,1261.9380696616547,5.887981213703597e-10,1892.9071044921875,0.1528407471301034,0.12602454867679624,0.20414578802883626,0.10621529920647542,0.08343543116003276,0.15172530338168144,0.19091216792662938,0.1674599479138851,0.23128976091742515,0.30832002103328704,0.28015341304242614,0.361755493208766,0.30760044892628985,0.2733678859472275,0.37543524652719495,0.9746936118602753,0.9533808887004852,0.9900158143043518,0.036924450347820915,0.0329522006213665,0.040063027292490005,0.19742779930432638,0.17392025887966156,0.24010255932807922,3.257843812306722,2.951887845993042,3.524479627609253,2.3278445402781167,2.118544340133667,2.5308961868286133,0.7909183854613339,0.6997195606551543,0.8430343528431323,2.961271047592163,2.842236042022705
DTD|GTSRB|SVHN,3,0.11240936567385991,-0.05417153984308243,0.2134845107793808,0.7457052866617838,-0.30175352096557617,1.3865854740142822,3.3110015392303467,3.2194294929504395,3.426983594894409,0.9049553210250018,0.8576314495615304,0.9971632995665006,0.008330895599404661,0.00014728061796631664,0.024310987442731857,2.9561292902439235e-07,1.02663518398973e-19,8.840509053698042e-07,1261.9380696678602,1.9205680601430686e-08,1892.9071044921875,0.13221834139277536,0.12602454867679624,0.1418509595328942,0.12707820272694031,0.07921740069985389,0.21858177632093428,0.2149872698883216,0.16498674765229226,0.30598826706409454,0.2860614676773548,0.28015341304242614,0.29402436017990113,0.3310458195209503,0.2663831290602684,0.45275611519813536,0.9747106436888376,0.9559284889698029,0.9875193095207214,0.05244717871149381,0.031521961092948914,0.08575654774904251,0.25695714354515076,0.17826057970523834,0.4107193350791931,3.1054650942484536,2.951887845993042,3.3487086296081543,2.24309770266215,2.118544340133667,2.403775930404663,0.8433793769973669,0.7711009682042479,0.9290359199021377,2.9762697219848633,2.8395745754241943
DTD|MNIST|RESISC45,3,0.15830460811654726,0.060139190405607224,0.3251038193702698,1.5195630888144176,0.4128110706806183,3.3148117065429688,3.9054412841796875,3.6007614135742188,4.282975196838379,0.7742767150739779,0.6732201340984646,0.9089665353792732,0.003470579416898545,5.1332237489987165e-05,0.010295899584889412,6.537069389504477e-08,5.1329840689765004e-21,1.948910437477025e-07,1261.9380696636447,6.558941390011341e-09,1892.9071044921875,0.1413482978520915,0.11228315519168973,0.19292636050842701,0.10266703048100075,0.07638619754463434,0.14969722844660283,0.18533908642828464,0.1564513859897852,0.23710623785853385,0.2934049149851004,0.26325097121298313,0.34578945353627205,0.2985573469102383,0.25994367986917494,0.36973382383584974,0.9651428055763245,0.9438604724407196,0.9975350964069366,0.03939543664455414,0.037141211330890656,0.04317259415984154,0.20636412998040518,0.1912289261817932,0.23634956777095795,3.1736104488372803,3.122396945953369,3.239434242248535,2.2868638038635254,2.2480677366256714,2.3399016857147217,0.9478118420006248,0.9223212853325121,0.9792305263749103,2.99666166305542,2.8595423698425293
DTD|MNIST|SUN397,3,0.17334882790843645,0.060139190405607224,0.39009860157966614,1.2135719160238903,0.4128110706806183,2.776308059692383,3.3405872186024985,2.9506428241729736,3.6007614135742188,0.9386296622365062,0.9089665353792732,0.9644963272761083,0.0037413350849722824,-0.001585223595611751,0.010295899584889412,5.4961323788507284e-08,-3.000707238243194e-08,1.948910437477025e-07,1261.9380696636401,6.5457577136385225e-09,1892.9071044921875,0.14539469693476956,0.11320292491931468,0.20414578802883626,0.10006527175505957,0.07208431433886289,0.15172530338168144,0.18397839347521464,0.15818578407168388,0.23128976091742515,0.3003353202342987,0.26807614728808404,0.361755493208766,0.294633629967769,0.24852196350693703,0.37543524652719495,0.9467653946081797,0.9064198970794678,0.9900158143043518,0.03506133519113064,0.029553378000855446,0.03787250444293022,0.20277967055638632,0.1770075261592865,0.24010255932807922,3.3678009510040283,3.122396945953369,3.524479627609253,2.4141934712727866,2.2480677366256714,2.5308961868286133,0.8596527982237646,0.7940403275337093,0.9418837142944523,2.9832918643951416,2.8593616485595703
DTD|MNIST|SVHN,3,0.1152647075553735,0.060139190405607224,0.17791512608528137,0.7331199745337168,0.4128110706806183,1.1522839069366455,3.3772126038869223,3.2442848682403564,3.6007614135742188,0.9033738879848867,0.8576314495615304,0.9435236790138564,0.1719300194332997,0.010295899584889412,0.48118317127227783,3.5964731640330566e-07,9.2410176197256e-17,8.840509053698042e-07,1261.9380696665344,1.5227938021666887e-08,1892.9071044921875,0.12977679507496456,0.11883537785615772,0.14171549140010029,0.14975570667535065,0.07638619754463434,0.29366352178156374,0.2577233981589476,0.16245963543653488,0.44572381138801576,0.284621115103364,0.2711743202060461,0.2986823952943087,0.35107825547456745,0.25994367986917494,0.5269079574942589,0.9652690509955089,0.9438604724407196,0.996018191576004,0.0917561190823714,0.031521961092948914,0.20587389171123505,0.49734581013520557,0.1818915158510208,1.1189169883728027,3.145693222681681,2.9659740924835205,3.3487086296081543,2.32944663365682,2.2480677366256714,2.403775930404663,0.9153211457156596,0.8750438029503887,0.9418837142944523,2.9767603874206543,2.8422348499298096
DTD|RESISC45|SUN397,3,0.36378057797749835,0.3251038193702698,0.39009860157966614,3.235163688659668,2.776308059692383,3.6143712997436523,3.4742027123769126,2.9506428241729736,3.832587242126465,0.79369045331664,0.6980017601515869,0.942426124054137,-0.0005056895301246792,-0.001585223595611751,6.450642831623554e-05,-9.595344815001635e-09,-3.000707238243194e-08,1.2210379374266722e-09,1261.938069661655,5.899362109929029e-10,1892.9071044921875,0.20323773886077104,0.19292636050842701,0.2126410680450499,0.15704149730503558,0.14969722844660283,0.1697019600868225,0.24026320964097977,0.23128976091742515,0.2523936301469803,0.3581068424135447,0.34578945353627205,0.36677558049559594,0.382505674958229,0.36973382383584974,0.40234795451164246,0.9909204645951588,0.9852104830741882,0.9975350964069366,0.04138068978985151,0.03775812312960625,0.043211352080106735,0.25235341489315033,0.23634956777095795,0.2806081175804138,3.436851660410563,3.239434242248535,3.5466411113739014,2.47541610399882,2.3399016857147217,2.555450439453125,0.8943933285526057,0.8430343528431323,0.9792305263749103,2.9884467124938965,2.876465082168579
DTD|RESISC45|SVHN,3,0.26274969180425006,0.17791512608528137,0.3251038193702698,2.3204349676767984,1.1522839069366455,3.3148117065429688,3.6350130240122476,3.2865915298461914,3.832587242126465,0.7444913543388371,0.6351991377107851,0.8576314495615304,0.008159386178400988,6.450642831623554e-05,0.024310987442731857,2.950906477690835e-07,1.9722449573643366e-20,8.840509053698042e-07,1261.9380696678616,1.920987280357167e-08,1892.9071044921875,0.1473637607988591,0.12038540591951459,0.19292636050842701,0.10384103530397017,0.07921740069985389,0.14969722844660283,0.18818465794126193,0.16246098831295966,0.23710623785853385,0.30099139764904975,0.27317810960114003,0.34578945353627205,0.3015112405021985,0.2663831290602684,0.36973382383584974,0.9726814333597819,0.9559284889698029,0.9975350964069366,0.03554327040910721,0.031521961092948914,0.04317259415984154,0.20214212437470755,0.1818915158510208,0.23634956777095795,3.3233797550201416,3.239434242248535,3.3819963932037354,2.390669266382853,2.3399016857147217,2.428330183029175,0.9523357375001025,0.9290359199021377,0.9792305263749103,2.9975051879882812,2.872089385986328
DTD|SUN397|SVHN,3,0.2540682405233383,0.17791512608528137,0.39009860157966614,1.7046258449554443,1.1522839069366455,2.776308059692383,3.127417961756388,2.9506428241729736,3.2865915298461914,0.9033608989075246,0.8576314495615304,0.942426124054137,0.008953779353760183,-0.001585223595611751,0.024310987442731857,2.8468127766272224e-07,-3.000707238243194e-08,8.840509053698042e-07,1261.938069667851,1.9178608923198226e-08,1892.9071044921875,0.15027720753724377,0.11790631861425936,0.20414578802883626,0.10123161148279906,0.07275213036686182,0.15172530338168144,0.18376939239601295,0.1550316686183214,0.23128976091742515,0.306889503672719,0.27490638799965383,0.361755493208766,0.2974037724733352,0.2503929418325424,0.37543524652719495,0.9556250023841858,0.9209307038784027,0.9900158143043518,0.031364465753237404,0.02481331303715706,0.03775812312960625,0.19727795819441477,0.1698397994041443,0.24010255932807922,3.512410561243693,3.3487086296081543,3.664043426513672,2.5179989337921143,2.403775930404663,2.6193246841430664,0.8931665021364256,0.8430343528431323,0.9290359199021377,2.9924116134643555,2.8759872913360596
EuroSAT|GTSRB|MNIST,3,0.18180777877569199,0.08685711771249771,0.31017717719078064,2.2533671657244363,0.8760524392127991,4.540358543395996,5.184016863505046,3.1738710403442383,6.473724842071533,0.5770496259877035,0.3816228552457678,0.9462077870535718,0.00011108613883455594,7.933285673864252e-35,0.00033325841650366783,1.1107778699796993e-20,0.0,3.332333609939098e-20,4.387565560870499e-09,4.818098697789708e-11,6.559691012597568e-09,0.1230195910995826,0.112238151114434,0.1290969348186627,0.13389001994704205,0.09693386366590857,0.1821829304099083,0.20121187237401802,0.154193829074502,0.27758821949362755,0.27346529851357143,0.2625884451717138,0.27979112043976784,0.3407455572485924,0.28374452888965607,0.4163283509016037,0.9867892257372538,0.981047455072403,0.9906769526004792,0.05538863564531008,0.04183889180421829,0.08240235596895218,0.23441264033317566,0.1674669086933136,0.34534043073654175,2.8420355319976807,2.777924060821533,2.955454111099243,2.0617860158284507,2.0022850036621094,2.1318084001541138,0.9196513952333446,0.8812141353430806,0.955080788132532,2.9904327392578125,2.828935146331787
EuroSAT|GTSRB|RESISC45,3,0.3983752429485321,0.25925928354263306,0.6256892681121826,7.063937743504842,2.273554563522339,14.377900123596191,4.862104098002116,3.8478169441223145,5.904454708099365,0.539239061518173,0.3816228552457678,0.637006133285217,1.2661454699506672e-07,1.6258160199233583e-35,3.798436409852002e-07,1.2661367938276501e-23,0.0,3.7984103814829505e-23,3.834791338641619e-11,1.663955952191376e-11,5.0223193659437726e-11,0.13989912640148153,0.12772368736565112,0.16373263630550355,0.14241385535647472,0.09072452526539564,0.2139637750387192,0.20613033334414163,0.1706103253364563,0.2759271061420441,0.2935231711467107,0.2780163299292326,0.3213991506397724,0.35368191450834274,0.2850702273845673,0.4538117241859436,0.9855519290765127,0.9799696862697601,0.9906769526004792,0.04895948991179466,0.03761158511042595,0.06742799282073975,0.22347874442736307,0.1674669086933136,0.3320666551589966,2.9392096996307373,2.777924060821533,3.0469510555267334,2.123008648554484,2.0022850036621094,2.223642349243164,0.8721043854313383,0.8127625539628084,0.9226592622244211,2.985036849975586,2.8348443508148193
EuroSAT|GTSRB|SUN397,3,0.3197007079919179,0.29647648334503174,0.3524484634399414,4.002747217814128,1.8147544860839844,5.653128623962402,4.886021693547566,2.9434430599212646,5.904454708099365,0.5708004686698193,0.3816228552457678,0.912613935453224,7.009843708753276e-06,7.933285673864252e-35,2.1029531126259826e-05,7.009740421953419e-22,0.0,2.1029221265860256e-21,4.090979314567515e-10,4.818098697789708e-11,5.903146860219977e-10,0.1353122367756441,0.12772368736565112,0.14986111827660353,0.10558980834980806,0.08348516307771206,0.12255326576530934,0.18073331058025358,0.1674599479138851,0.20288641527295112,0.29085754682620363,0.2780163299292326,0.31150515370070936,0.3059937696655592,0.2733678859472275,0.3224496310949326,0.9633426896731058,0.9459702277183533,0.9906769526004792,0.035261991123358406,0.030994880944490433,0.04183889180421829,0.1728964994351069,0.1674669086933136,0.17730233073234558,3.1560449600219727,2.777924060821533,3.3930468559265137,2.250338315963745,2.0022850036621094,2.4146368503570557,0.7935838282364948,0.6997195606551543,0.9226592622244211,2.956401824951172,2.8259165287017822
EuroSAT|GTSRB|SVHN,3,0.18410479774077734,-0.05417153984308243,0.31017717719078064,2.854551633199056,-0.30175352096557617,4.540358543395996,5.089860677719116,3.426983594894409,5.938143730163574,0.5864421534463757,0.3805403055268588,0.9971632995665006,0.0001781395791719357,7.933285673864252e-35,0.0005344187375158072,3.422117279965767e-20,0.0,1.02663518398973e-19,1.2821588818434648e-08,4.818098697789708e-11,1.9210904866895362e-08,0.13660398101899773,0.12772368736565112,0.1418509595328942,0.1528947477353116,0.11754920111969114,0.21858177632093428,0.2157775602986415,0.16949084527790548,0.30598826706409454,0.2877358515560627,0.2780163299292326,0.29402436017990113,0.3618355230987072,0.31058666214346886,0.45275611519813536,0.9904513744513194,0.9875193095207214,0.9931578612327576,0.057092200964689255,0.04183889180421829,0.08575654774904251,0.2683091958363851,0.1674669086933136,0.4107193350791931,2.9903173446655273,2.777924060821533,3.177229166030884,2.1655914783477783,2.0022850036621094,2.2875165939331055,0.8431659184670047,0.7711009682042479,0.9226592622244211,2.9761600494384766,2.829058885574341
EuroSAT|MNIST|RESISC45,3,0.2674057334661484,0.08685711771249771,0.6256892681121826,5.517552375793457,0.8310664892196655,14.377900123596191,5.196913560231526,4.282975196838379,6.473724842071533,0.5585421885952567,0.40331823566377106,0.6732201340984646,1.711074582999572e-05,1.6258160199233583e-35,5.1332237489987165e-05,1.7109946896588336e-21,0.0,5.1329840689765004e-21,4.378423987376941e-09,1.663955952191376e-11,6.559691012597568e-09,0.12941798087054243,0.112238151114434,0.16373263630550355,0.1309384347187976,0.08191766545176506,0.2139637750387192,0.1955241070687771,0.154193829074502,0.2759271061420441,0.2824128556748231,0.2625884451717138,0.3213991506397724,0.3345169300337633,0.2659945370256901,0.4538117241859436,0.9742152678966521,0.9540328478813171,0.9886432695388794,0.048831287771463394,0.037141211330890656,0.06742799282073975,0.23800371090571085,0.19043058156967163,0.3320666551589966,3.0538017749786377,2.955454111099243,3.1590001583099365,2.209357579549154,2.1318084001541138,2.272621989250183,0.9194311378572766,0.8808913401067857,0.955080788132532,2.9937238693237305,2.8467724323272705
EuroSAT|MNIST|SUN397,3,0.16970475763082504,0.06980869174003601,0.3524484634399414,2.4828052520751953,0.45159661769866943,5.653128623962402,5.251416524251302,3.4703574180603027,6.473724842071533,0.5953263927501151,0.40331823566377106,0.9644963272761083,0.0008377764218797287,1.5938654635784094e-33,0.002513329265639186,8.377068305063536e-20,0.0,2.5131204915190605e-19,4.565254470752696e-09,5.903146860219977e-10,6.559691012597568e-09,0.12510073143678407,0.112238151114434,0.14986111827660353,0.09324972473705807,0.07208431433886289,0.11073099620640278,0.17175534280637902,0.154193829074502,0.20288641527295112,0.28072324872016907,0.2625884451717138,0.31150515370070936,0.28490537449717523,0.24852196350693703,0.3224496310949326,0.9470111314455668,0.9064198970794678,0.9886432695388794,0.03415763936936855,0.029553378000855446,0.04192465916275978,0.1815801461537679,0.1770075261592865,0.19043058156967163,3.2683424154917398,2.955454111099243,3.456526279449463,2.3366872469584146,2.1318084001541138,2.4636164903640747,0.8358312591653835,0.758372661829909,0.955080788132532,2.97483229637146,2.84198260307312
EuroSAT|MNIST|SVHN,3,0.16363522658745447,0.08685711771249771,0.2963087558746338,2.101001779238383,0.6342649459838867,4.325049877166748,5.218717813491821,3.2442848682403564,6.473724842071533,0.5757940734014954,0.3805403055268588,0.9435236790138564,0.16039439042409262,2.106434154922103e-32,0.48118317127227783,3.0803392065752e-17,0.0,9.2410176197256e-17,1.3666177967053272e-08,6.559691012597568e-09,1.9210904866895362e-08,0.13139697955766072,0.112238151114434,0.14171549140010029,0.16938219552238784,0.09693386366590857,0.29366352178156374,0.25646949524680773,0.154193829074502,0.44572381138801576,0.2841459016750256,0.2625884451717138,0.2986823952943087,0.37374638284246126,0.28374452888965607,0.5269079574942589,0.9926064407825471,0.9886432695388794,0.996018191576004,0.09715990473826726,0.04192465916275978,0.20587389171123505,0.512029637893041,0.19043058156967163,1.1189169883728027,3.032885789871216,2.955454111099243,3.177229166030884,2.2519404093424478,2.1318084001541138,2.3364962339401245,0.8886207053517555,0.8357375249723454,0.955080788132532,2.971209764480591,2.8306350708007812
EuroSAT|RESISC45|SUN397,3,0.4514256815115611,0.3524484634399414,0.6256892681121826,7.881800015767415,3.6143712997436523,14.377900123596191,4.761195341746013,3.639378070831299,5.81016731262207,0.571751523828529,0.4181646153104659,0.6980017601515869,1.2161923071592657e-06,1.6258160199233583e-35,3.6485769214777974e-06,1.2161034276498977e-22,0.0,3.648310282949693e-22,3.9896348551227145e-10,1.663955952191376e-11,5.903146860219977e-10,0.17541160754238563,0.14986111827660353,0.2126410680450499,0.1647989104439815,0.11073099620640278,0.2139637750387192,0.24373571718732515,0.20288641527295112,0.2759271061420441,0.3332266282786926,0.31150515370070936,0.36677558049559594,0.3928697699308395,0.3224496310949326,0.4538117241859436,0.9703834656874338,0.9459702277183533,0.9852104830741882,0.047211408615112305,0.030994880944490433,0.06742799282073975,0.263325701157252,0.17730233073234558,0.3320666551589966,3.3288796742757163,3.0469510555267334,3.5466411113739014,2.3979098796844482,2.223642349243164,2.555450439453125,0.8333930361254898,0.758372661829909,0.8808913401067857,2.9761927127838135,2.856687307357788
EuroSAT|RESISC45|SVHN,3,0.4024093846480052,0.2852301299571991,0.6256892681121826,7.065719763437907,2.4942092895507812,14.377900123596191,4.852681557337443,3.785860300064087,5.938143730163574,0.538275879753726,0.3805403055268588,0.6351991377107851,3.422155471829077e-05,1.6258160199233583e-35,0.0001026646641548723,6.574149857881122e-21,0.0,1.9722449573643366e-20,1.2812472409996315e-08,1.663955952191376e-11,1.9210904866895362e-08,0.14145177946115534,0.12038540591951459,0.16373263630550355,0.1380404843079547,0.08260847676545381,0.2139637750387192,0.20262631324430305,0.16246098831295966,0.2759271061420441,0.29524804159998896,0.27317810960114003,0.3213991506397724,0.34427171831329667,0.2684167686104775,0.4538117241859436,0.979236087401708,0.9645807147026062,0.9931578612327576,0.04768147071202596,0.031935255974531174,0.06742799282073975,0.248997762799263,0.18818528950214386,0.3320666551589966,3.2020588715871177,3.0469510555267334,3.3819963932037354,2.3131630420684814,2.223642349243164,2.428330183029175,0.8884565437674635,0.8357375249723454,0.9487407662232592,2.989893674850464,2.857102870941162
EuroSAT|SUN397|SVHN,3,0.28098273773988086,0.19419099390506744,0.3524484634399414,3.7211546897888184,1.1852855682373047,5.653128623962402,4.964443524678548,3.14501953125,5.938143730163574,0.5695766813147437,0.3805403055268588,0.9100251231069062,0.0013785247380534809,1.5938654635784094e-33,0.004135574214160442,2.6479474847793183e-19,0.0,7.943842454337955e-19,1.2993276158705195e-08,5.903146860219977e-10,1.9210904866895362e-08,0.13600157768310359,0.11790631861425936,0.14986111827660353,0.10034410923098525,0.07275213036686182,0.11754920111969114,0.175802976389726,0.1550316686183214,0.20288641527295112,0.2925261354198059,0.27490638799965383,0.31150515370070936,0.29447641169031463,0.2503929418325424,0.3224496310949326,0.9533529309431712,0.9209307038784027,0.9931578612327576,0.03316311910748482,0.02481331303715706,0.04368116334080696,0.19129449129104614,0.1698397994041443,0.22674134373664856,3.411439816157023,3.177229166030884,3.664043426513672,2.4404927094777427,2.2875165939331055,2.6193246841430664,0.8338464734887537,0.758372661829909,0.9074292336640066,2.980146884918213,2.857027769088745
GTSRB|MNIST|RESISC45,3,0.1657730465133985,0.0896708145737648,0.25925928354263306,1.3268911639849346,0.8310664892196655,2.273554563522339,3.768221060434977,3.1738710403442383,4.282975196838379,0.7521446848124178,0.637006133285217,0.9462077870535718,0.00012832349921154673,3.798436409852002e-07,0.00033325841650366783,1.2831434757394103e-20,3.7984103814829505e-23,3.332333609939098e-20,4.387996422235603e-09,5.0223193659437726e-11,6.558941390011341e-09,0.12320704851454745,0.11228315519168973,0.1290969348186627,0.11827504037568966,0.08191766545176506,0.1821829304099083,0.20154997693995635,0.1564513859897852,0.27758821949362755,0.2747320415079593,0.26325097121298313,0.2811540328711271,0.3224643717706204,0.2659945370256901,0.4163283509016037,0.9736964837710063,0.9540328478813171,0.9860091483592988,0.05238505080342293,0.037141211330890656,0.08240235596895218,0.23591899871826172,0.17090266942977905,0.34534043073654175,2.981494188308716,2.7927284240722656,3.1590001583099365,2.1556617418924966,2.0512646436691284,2.272621989250183,0.872099324879467,0.8127625539628084,0.9223212853325121,2.9832324981689453,2.837071180343628
GTSRB|MNIST|SUN397,3,0.1715580721696218,0.06980869174003601,0.29647648334503174,1.0474678476651509,0.45159661769866943,1.8147544860839844,3.195890506108602,2.9434430599212646,3.4703574180603027,0.9411060165943014,0.912613935453224,0.9644963272761083,0.0009558724044230379,2.1029531126259826e-05,0.002513329265639186,9.557943579262769e-20,2.1029221265860256e-21,2.5131204915190605e-19,4.563126839348304e-09,5.887981213703597e-10,6.554824683036031e-09,0.12355058814088503,0.11320292491931468,0.1290969348186627,0.11258413594216109,0.07208431433886289,0.1821829304099083,0.20107798382639885,0.15818578407168388,0.27758821949362755,0.2769728081921736,0.26807614728808404,0.28305115684866905,0.3127394001185894,0.24852196350693703,0.4163283509016037,0.946949413617452,0.9064198970794678,0.981047455072403,0.04830264486372471,0.029553378000855446,0.08240235596895218,0.2320894052584966,0.17392025887966156,0.34534043073654175,3.1821395556131997,2.7927284240722656,3.456526279449463,2.282991409301758,2.0512646436691284,2.4636164903640747,0.7916580078439814,0.6997195606551543,0.8812141353430806,2.957350730895996,2.8298089504241943
GTSRB|MNIST|SVHN,3,0.0673191025853157,-0.05417153984308243,0.1483890414237976,0.4028546214103699,-0.30175352096557617,0.8760524392127991,3.2817131678263345,3.1738710403442383,3.426983594894409,0.9622982552113095,0.9435236790138564,0.9971632995665006,0.1606836161420991,0.00033325841650366783,0.48118317127227783,3.0848721017251453e-17,3.332333609939098e-20,9.2410176197256e-17,1.3662814435377868e-08,6.554824683036031e-09,1.9205680601430686e-08,0.13755446191721907,0.1290969348186627,0.1418509595328942,0.23147607617080213,0.1821829304099083,0.29366352178156374,0.343100099315246,0.27758821949362755,0.44572381138801576,0.2908326253046592,0.27979112043976784,0.2986823952943087,0.465330807864666,0.4163283509016037,0.5269079574942589,0.9881949853897094,0.981047455072403,0.996018191576004,0.12467759847640991,0.08240235596895218,0.20587389171123505,0.6249922513961792,0.34534043073654175,1.1189169883728027,2.9248337745666504,2.7927284240722656,3.015798807144165,2.198244571685791,2.0512646436691284,2.3364962339401245,0.8424529688325725,0.7711009682042479,0.8812141353430806,2.9574015140533447,2.815951108932495
GTSRB|RESISC45|SUN397,3,0.310625026623408,0.25925928354263306,0.3761393129825592,2.5675601164499917,1.8147544860839844,3.6143712997436523,3.476879358291626,2.9434430599212646,3.8478169441223145,0.7492072762966759,0.637006133285217,0.912613935453224,8.352650562907607e-06,3.798436409852002e-07,2.1029531126259826e-05,8.3524575289860815e-22,3.7984103814829505e-23,2.1029221265860256e-21,4.0965250867423347e-10,5.0223193659437726e-11,5.899362109929029e-10,0.15641134275433918,0.1282410555332899,0.2126410680450499,0.11463721614331007,0.08348516307771206,0.1697019600868225,0.19682130113244056,0.1674599479138851,0.2523936301469803,0.3103269234051307,0.2811540328711271,0.36677558049559594,0.32026202261447906,0.2733678859472275,0.40234795451164246,0.9748668400446574,0.9533808887004852,0.9860091483592988,0.03792504593729973,0.0329522006213665,0.043211352080106735,0.20847701529661813,0.17090266942977905,0.2806081175804138,3.2788530190785727,2.9927539825439453,3.5466411113739014,2.3442140420277915,2.1430985927581787,2.555450439453125,0.7911324070192457,0.6997195606551543,0.8609151064397745,2.960749864578247,2.8431313037872314
GTSRB|RESISC45|SVHN,3,0.16343929121891657,-0.05417153984308243,0.2852301299571991,1.4886701107025146,-0.30175352096557617,2.4942092895507812,3.68688694636027,3.426983594894409,3.8478169441223145,0.7564561901875009,0.6351991377107851,0.9971632995665006,0.00021248774843722154,3.798436409852002e-07,0.0005344187375158072,4.0807984025477066e-20,3.7984103814829505e-23,1.02663518398973e-19,1.2821925532887265e-08,5.0223193659437726e-11,1.920987280357167e-08,0.13015914032856624,0.12038540591951459,0.1418509595328942,0.13063825945059457,0.08260847676545381,0.21858177632093428,0.2130198602378368,0.16246098831295966,0.30598826706409454,0.2827855008840561,0.27317810960114003,0.29402436017990113,0.33541437039772665,0.2684167686104775,0.45275611519813536,0.9793697241942088,0.9645807147026062,0.9875193095207214,0.05176779627799988,0.031935255974531174,0.08575654774904251,0.2566024313370387,0.17090266942977905,0.4107193350791931,3.1301830609639487,2.9927539825439453,3.3819963932037354,2.2594672044118247,2.1430985927581787,2.428330183029175,0.8442014294634385,0.7711009682042479,0.9487407662232592,2.9751720428466797,2.841287851333618
GTSRB|SUN397|SVHN,3,0.14549864580233893,-0.05417153984308243,0.29647648334503174,0.8994288444519043,-0.30175352096557617,1.8147544860839844,3.1718153953552246,2.9434430599212646,3.426983594894409,0.9399341193755436,0.9100251231069062,0.9971632995665006,0.0015636741609341698,2.1029531126259826e-05,0.004135574214160442,2.9971689531978487e-19,2.1029221265860256e-21,7.943842454337955e-19,1.2991029215333091e-08,5.887981213703597e-10,1.9205680601430686e-08,0.1293697276106104,0.11790631861425936,0.1418509595328942,0.12493968992183606,0.07275213036686182,0.21858177632093428,0.20949329453210033,0.1550316686183214,0.30598826706409454,0.2839939683427413,0.27490638799965383,0.29402436017990113,0.32550564765930173,0.2503929418325424,0.45275611519813536,0.9539436340332031,0.9209307038784027,0.9875193095207214,0.047840687135855355,0.02481331303715706,0.08575654774904251,0.25149313112099964,0.1698397994041443,0.4107193350791931,3.325668732325236,3.015798807144165,3.664043426513672,2.3867968718210855,2.20697283744812,2.6193246841430664,0.7927499208411363,0.6997195606551543,0.9074292336640066,2.9594225883483887,2.839390993118286
MNIST|RESISC45|SUN397,3,0.17853960643212,0.06980869174003601,0.3761393129825592,1.6323448022206624,0.45159661769866943,3.6143712997436523,3.79757022857666,3.4703574180603027,4.282975196838379,0.77857274050872,0.6732201340984646,0.9644963272761083,0.0008561033600168836,3.6485769214777974e-06,0.002513329265639186,8.560328808305917e-20,3.648310282949693e-22,2.5131204915190605e-19,4.564878438214255e-09,5.899362109929029e-10,6.558941390011341e-09,0.14604238271868478,0.11228315519168973,0.2126410680450499,0.10790131329248348,0.07208431433886289,0.1697019600868225,0.18901026673614982,0.1564513859897852,0.2523936301469803,0.29936756633222106,0.26325097121298313,0.36677558049559594,0.30562148501475656,0.24852196350693703,0.40234795451164246,0.948554409344991,0.9064198970794678,0.9852104830741882,0.03663531380395094,0.029553378000855446,0.043211352080106735,0.21637651324272156,0.1770075261592865,0.2806081175804138,3.3873891830444336,3.1590001583099365,3.5466411113739014,2.430562973022461,2.272621989250183,2.555450439453125,0.8590922397686653,0.7940403275337093,0.9223212853325121,2.981942892074585,2.861130714416504
MNIST|RESISC45|SVHN,3,0.16088025023539862,0.0896708145737648,0.2852301299571991,1.3198469082514446,0.6342649459838867,2.4942092895507812,3.771040121714274,3.2442848682403564,4.282975196838379,0.7506476502743687,0.6351991377107851,0.9435236790138564,0.1604457227246409,5.1332237489987165e-05,0.48118317127227783,3.0811677210299536e-17,5.1329840689765004e-21,9.2410176197256e-17,1.3665584071749967e-08,6.558941390011341e-09,1.920987280357167e-08,0.12479468417043486,0.11228315519168973,0.14171549140010029,0.1527298879995942,0.08191766545176506,0.29366352178156374,0.2548787285635869,0.1564513859897852,0.44572381138801576,0.27837049203614395,0.26325097121298313,0.2986823952943087,0.35377308771014215,0.2659945370256901,0.5269079574942589,0.9715439180533091,0.9540328478813171,0.996018191576004,0.09165011967221896,0.031935255974531174,0.20587389171123505,0.49953872462113696,0.18818528950214386,1.1189169883728027,3.168990214665731,2.9659740924835205,3.3819963932037354,2.345816135406494,2.272621989250183,2.428330183029175,0.9153686181687201,0.8750438029503887,0.9487407662232592,2.975597381591797,2.8449203968048096
MNIST|SUN397|SVHN,3,0.1239131639401118,0.06980869174003601,0.19419099390506744,0.757049043973287,0.45159661769866943,1.1852855682373047,3.286553939183553,3.14501953125,3.4703574180603027,0.9393483764656235,0.9100251231069062,0.9644963272761083,0.16261069158402583,0.002513329265639186,0.48118317127227783,3.1151957497280566e-17,2.5131204915190605e-19,9.2410176197256e-17,1.3650768219501211e-08,6.5457577136385225e-09,1.9178608923198226e-08,0.1242749116445581,0.11320292491931468,0.14171549140010029,0.14616665549576283,0.07208431433886289,0.29366352178156374,0.25298042135934035,0.1550316686183214,0.44572381138801576,0.28055497686068215,0.26807614728808404,0.2986823952943087,0.34194095427791277,0.24852196350693703,0.5269079574942589,0.9411229308446248,0.9064198970794678,0.996018191576004,0.08674686091641585,0.02481331303715706,0.20587389171123505,0.4885881046454112,0.1698397994041443,1.1189169883728027,3.3621812661488852,2.9659740924835205,3.664043426513672,2.4731458028157554,2.3364962339401245,2.6193246841430664,0.8588377880493683,0.7940403275337093,0.9074292336640066,2.9690394401550293,2.8457701206207275
RESISC45|SUN397|SVHN,3,0.2851868122816086,0.19419099390506744,0.3761393129825592,2.431288719177246,1.1852855682373047,3.6143712997436523,3.5234193007151284,3.14501953125,3.785860300064087,0.7477420069897595,0.6351991377107851,0.9100251231069062,0.0014139624850789307,3.6485769214777974e-06,0.004135574214160442,2.7149050867857797e-19,3.648310282949693e-22,7.943842454337955e-19,1.2992805979254266e-08,5.899362109929029e-10,1.920987280357167e-08,0.15031093085960795,0.11790631861425936,0.2126410680450499,0.10835418907304604,0.07275213036686182,0.1697019600868225,0.1899620956927538,0.1550316686183214,0.2523936301469803,0.30495335936546325,0.27317810960114003,0.36677558049559594,0.3070525549848874,0.2503929418325424,0.40234795451164246,0.9569073005517325,0.9209307038784027,0.9852104830741882,0.03331997369726499,0.02481331303715706,0.043211352080106735,0.21287773549556732,0.1698397994041443,0.2806081175804138,3.530893643697103,3.3819963932037354,3.664043426513672,2.5343684355417886,2.428330183029175,2.6193246841430664,0.9056950354423469,0.8609151064397745,0.9487407662232592,2.9934325218200684,2.878594160079956
Cars|DTD|EuroSAT|GTSRB,4,0.21138038486242294,0.13455632328987122,0.31017717719078064,2.62832103172938,1.0575670003890991,4.686529159545898,4.770404775937398,3.2194294929504395,6.371657848358154,0.6557338776736253,0.3816228552457678,0.9608204022035132,-0.006228090683483363,-0.03735639899969101,0.00014728061796631664,-21263.860677083347,-127583.1640625,2.7878817032700454e-09,1675.8151041666745,4.818098697789708e-11,2660.596923828125,0.13674185727878163,0.12213824848178774,0.16898704293183983,0.09899809699505568,0.0805885361880064,0.12255326576530934,0.1780413604651888,0.16340567015111446,0.20610710225999354,0.29192570231854914,0.2780163299292326,0.3259086299687624,0.2948914754390716,0.26431172996759417,0.32891391068696973,0.98066331187884,0.9690770494937897,0.9963883805274963,0.036249345168471336,0.028171755373477936,0.04183889180421829,0.17579016337792078,0.15054944157600403,0.19501541554927826,3.0986274878184,2.777924060821533,3.3997128009796143,2.2214130759239197,2.0022850036621094,2.44054114818573,0.8525725470458886,0.7490022740383472,0.9226592622244211,3.9752798080444336,3.756253957748413
Cars|DTD|EuroSAT|MNIST,4,0.1267448142170906,0.03590553626418114,0.2753628194332123,1.7877898116906483,0.25651517510414124,4.686529159545898,4.984976212183635,3.6007614135742188,6.473724842071533,0.6753289317160843,0.40331823566377106,0.9608204022035132,-0.006912536919116974,-0.03735639899969101,0.010295899584889412,-21263.8606770942,-127583.1640625,1.948910437477025e-07,1675.81510416776,6.559691012597568e-09,2660.596923828125,0.13023174735096593,0.10976220468524843,0.16898704293183983,0.0930220831092447,0.07638619754463434,0.11567817397415638,0.1730808164924383,0.154193829074502,0.20610710225999354,0.284889344026645,0.26106827825307843,0.3259086299687624,0.284462450047334,0.25994367986917494,0.32891391068696973,0.9681212387482324,0.937934502363205,0.9963883805274963,0.03576270801325639,0.028171755373477936,0.04192465916275978,0.18482506026824316,0.15054944157600403,0.19501541554927826,3.183336059252421,2.955454111099243,3.3997128009796143,2.286174774169922,2.1318084001541138,2.44054114818573,0.8934505425873495,0.8117864359076528,0.955080788132532,3.9877326488494873,3.7714357376098633
Cars|DTD|EuroSAT|RESISC45,4,0.2840229347348213,0.13455632328987122,0.6256892681121826,4.711962103843689,1.0575670003890991,14.377900123596191,4.840148051579793,3.690086841583252,6.371657848358154,0.6628186277549368,0.4437107637801908,0.9608204022035132,-0.006218689908867721,-0.03735639899969101,6.450642831623554e-05,-21263.86067708319,-127583.1640625,1.2210379374266722e-09,1675.8151041666695,1.663955952191376e-11,2660.596923828125,0.1625189432532837,0.12213824848178774,0.19292636050842701,0.1312618695261578,0.0805885361880064,0.2139637750387192,0.20919571372369924,0.16340567015111446,0.2759271061420441,0.3191540958980719,0.2808624716103077,0.34578945353627205,0.34064464097221697,0.26431172996759417,0.4538117241859436,0.9851858343680701,0.9690770494937897,0.9975350964069366,0.04043032849828402,0.028171755373477936,0.06742799282073975,0.21575720608234406,0.15054944157600403,0.3320666551589966,3.238816579182943,3.0469510555267334,3.43625807762146,2.332091748714447,2.1990880966186523,2.4650954008102417,0.8992409215254197,0.8117864359076528,0.9792305263749103,3.9875705242156982,3.7864573001861572
Cars|DTD|EuroSAT|SUN397,4,0.26461997628211975,0.13455632328987122,0.39009860157966614,3.1875590483347573,1.0575670003890991,5.653128623962402,4.695337891578674,2.9506428241729736,6.371657848358154,0.6887380356777019,0.4181646153104659,0.9608204022035132,-0.006635611644014716,-0.03735639899969101,1.1226428023781728e-32,-21263.860677090957,-127583.1640625,2.0254112406511013e-37,1675.8151041667652,5.903146860219977e-10,2660.596923828125,0.16857758653738228,0.12213824848178774,0.21690386246889828,0.12031247374912103,0.0805885361880064,0.15567668557167053,0.19895585766683022,0.16340567015111446,0.23128976091742515,0.326105004971226,0.2808624716103077,0.36886436238884923,0.3279602753619353,0.26431172996759417,0.37543524652719495,0.977767234245936,0.9459702277183533,0.9963883805274963,0.03337063950796922,0.028171755373477936,0.040233127772808075,0.19501177221536636,0.15054944157600403,0.24010255932807922,3.3884082237879434,3.0532758235931396,3.702666759490967,2.427588999271393,2.1990880966186523,2.6560899019241333,0.8582302837284558,0.758372661829909,0.9342021845708445,3.9777755737304688,3.788769006729126
Cars|DTD|EuroSAT|SVHN,4,0.21414057165384293,0.13455632328987122,0.2963087558746338,2.626998484134674,1.0575670003890991,4.686529159545898,4.764270663261414,3.2546608448028564,6.371657848358154,0.6547561294232159,0.3805403055268588,0.9608204022035132,-0.0016631912052010496,-0.03735639899969101,0.024310987442731857,-21263.860676918277,-127583.1640625,8.840509053698042e-07,1675.8151041698684,1.9210904866895362e-08,2660.596923828125,0.13608832934560874,0.1069584134966135,0.16898704293183983,0.09522848622562985,0.07086245819926262,0.11754920111969114,0.17500668896983065,0.15941245667636395,0.20610710225999354,0.29190156114598115,0.26173085197806356,0.3259086299687624,0.28730633363127706,0.24886576309800149,0.32891391068696973,0.9727733194828033,0.9492643785476684,0.9963883805274963,0.03364014190932115,0.02540505677461624,0.04368116334080696,0.1851115475098292,0.15054944157600403,0.22674134373664856,3.294793407122294,3.0532758235931396,3.532566547393799,2.3640288710594177,2.1990880966186523,2.528969645500183,0.891647887019697,0.8117864359076528,0.9713413741168494,3.987992286682129,3.7851104736328125
Cars|DTD|GTSRB|MNIST,4,0.1265880304078261,0.03590553626418114,0.2134845107793808,0.8531318704287211,0.25651517510414124,1.3865854740142822,3.4676014184951782,3.1738710403442383,3.7291431427001953,0.8959655834006958,0.8263739697081955,0.9608204022035132,-0.006859018033234558,-0.03735639899969101,0.010295899584889412,-21263.860677094213,-127583.1640625,1.948910437477025e-07,1675.8151041677593,6.554824683036031e-09,2660.596923828125,0.12980904435816532,0.10976220468524843,0.16898704293183983,0.10246805235122641,0.07638619754463434,0.1821829304099083,0.18876850449790558,0.16245963543653488,0.27758821949362755,0.2828292020534476,0.26106827825307843,0.3259086299687624,0.2992192491392294,0.25994367986917494,0.4163283509016037,0.9690407568216323,0.937934502363205,0.9963883805274963,0.04351226178308328,0.03282778710126877,0.08240235596895218,0.21116231630245844,0.1694255918264389,0.34534043073654175,3.1217220226923623,2.7927284240722656,3.3997128009796143,2.245902895927429,2.0512646436691284,2.44054114818573,0.8590797739289188,0.7490022740383472,0.9418837142944523,3.972463846206665,3.7584245204925537
Cars|DTD|GTSRB|RESISC45,4,0.2125391662120819,0.13455632328987122,0.3251038193702698,1.837852915128072,1.0575670003890991,3.3148117065429688,3.708378275235494,3.2194294929504395,4.268032550811768,0.7992933437515286,0.637006133285217,0.9608204022035132,-0.006220650785129085,-0.03735639899969101,0.00014728061796631664,-21263.860677083205,-127583.1640625,2.7878817032700454e-09,1675.8151041666752,5.0223193659437726e-11,2660.596923828125,0.15337117951440934,0.12602454867679624,0.19292636050842701,0.10595978601525229,0.08343543116003276,0.14969722844660283,0.18676487319171428,0.16625771507620812,0.23710623785853385,0.30751932175209123,0.27887945041060447,0.34578945353627205,0.305180553595225,0.27399821430444715,0.36973382383584974,0.9883778985341389,0.9743295979499816,0.9975350964069366,0.03646419818202654,0.03074871376156807,0.04317259415984154,0.18941548963387808,0.1694255918264389,0.23634956777095795,3.1952906449635825,2.951887845993042,3.43625807762146,2.2918198704719543,2.118544340133667,2.4650954008102417,0.865826463974568,0.7490022740383472,0.9792305263749103,3.9750945568084717,3.7725348472595215
Cars|DTD|GTSRB|SUN397,4,0.24487920850515366,0.13455632328987122,0.39009860157966614,1.6911117633183796,1.0575670003890991,2.776308059692383,3.2501513560613,2.9434430599212646,3.690086841583252,0.9013013154878062,0.8263739697081955,0.9608204022035132,-0.006634130905695201,-0.03735639899969101,0.00014728061796631664,-21263.860677090972,-127583.1640625,2.7878817032700454e-09,1675.815104166765,5.887981213703597e-10,2660.596923828125,0.16176021732855586,0.12602454867679624,0.21690386246889828,0.11100929301232099,0.08343543116003276,0.15567668557167053,0.18817340270926555,0.16625771507620812,0.23128976091742515,0.31643541764467953,0.27887945041060447,0.36886436238884923,0.31243947992722193,0.2733678859472275,0.37543524652719495,0.9811878315607707,0.9533808887004852,0.9963883805274963,0.03470013042291006,0.030238162726163864,0.040063027292490005,0.1949670414129893,0.1694255918264389,0.24010255932807922,3.337934652964274,2.951887845993042,3.702666759490967,2.3873171210289,2.118544340133667,2.6560899019241333,0.8263951070058079,0.6997195606551543,0.9342021845708445,3.9605658054351807,3.7735769748687744
Cars|DTD|GTSRB|SVHN,4,0.14531508460640907,-0.05417153984308243,0.23305250704288483,0.9991463224093119,-0.30175352096557617,1.5709350109100342,3.3783448139826455,3.2194294929504395,3.690086841583252,0.8876816882161344,0.8240297943100917,0.9971632995665006,-0.0015761455991499436,-0.03735639899969101,0.024310987442731857,-21263.86067691829,-127583.1640625,8.840509053698042e-07,1675.8151041698675,1.9205680601430686e-08,2660.596923828125,0.13312477296451106,0.1069584134966135,0.16898704293183983,0.10730504021048547,0.07086245819926262,0.21858177632093428,0.1928782155364752,0.15941245667636395,0.30598826706409454,0.28745055589824914,0.26173085197806356,0.3259086299687624,0.30366073789695897,0.24886576309800149,0.45275611519813536,0.9740190480152765,0.9492643785476684,0.9963883805274963,0.04165597694615523,0.02540505677461624,0.08575654774904251,0.2162934939066569,0.16244852542877197,0.4107193350791931,3.233395258585612,2.951887845993042,3.532566547393799,2.323756992816925,2.118544340133667,2.528969645500183,0.8588154676981584,0.7490022740383472,0.9713413741168494,3.9705252647399902,3.767685651779175
Cars|DTD|MNIST|RESISC45,4,0.136858860651652,0.03590553626418114,0.3251038193702698,1.2896850208441417,0.25651517510414124,3.3148117065429688,3.9005977312723794,3.6007614135742188,4.282975196838379,0.8213081678598617,0.6732201340984646,0.9608204022035132,-0.006896604955121195,-0.03735639899969101,0.010295899584889412,-21263.860677094057,-127583.1640625,1.948910437477025e-07,1675.81510416776,6.558941390011341e-09,2660.596923828125,0.1467823422381965,0.10976220468524843,0.19292636050842701,0.102785862510403,0.07638619754463434,0.14969722844660283,0.1823877959077557,0.1564513859897852,0.23710623785853385,0.30007043397674954,0.26106827825307843,0.34578945353627205,0.2979754569878181,0.25994367986917494,0.36973382383584974,0.9708453891674678,0.937934502363205,0.9975350964069366,0.035884870837132134,0.03074871376156807,0.04317259415984154,0.19805831213792166,0.18653911352157593,0.23634956777095795,3.2781185706456504,3.122396945953369,3.43625807762146,2.3565815687179565,2.2480677366256714,2.4650954008102417,0.9195606604262943,0.8499662499702643,0.9792305263749103,3.9919686317443848,3.7893314361572266
Cars|DTD|MNIST|SUN397,4,0.1596856825053692,0.03590553626418114,0.39009860157966614,1.1561655700206757,0.25651517510414124,2.776308059692383,3.4576634963353476,2.9506428241729736,3.7291431427001953,0.9259275380977455,0.8733535921126472,0.9644963272761083,-0.006903193852243324,-0.03735639899969101,0.010295899584889412,-21263.86067710182,-127583.1640625,1.948910437477025e-07,1675.8151041677577,6.5457577136385225e-09,2660.596923828125,0.15530620014838253,0.10976220468524843,0.21690386246889828,0.10740303801993528,0.07208431433886289,0.15567668557167053,0.18461045467605194,0.15818578407168388,0.23128976091742515,0.30947453855226437,0.26106827825307843,0.36886436238884923,0.3042726779729128,0.24852196350693703,0.37543524652719495,0.9611578736702602,0.9064198970794678,0.9963883805274963,0.03363272827118635,0.029553378000855446,0.03787250444293022,0.20068920403718948,0.1770075261592865,0.24010255932807922,3.4196152687072754,3.122396945953369,3.702666759490967,2.4520788192749023,2.2480677366256714,2.6560899019241333,0.8775896427090094,0.7940403275337093,0.9418837142944523,3.982572555541992,3.7927193641662598
Cars|DTD|MNIST|SVHN,4,0.12488474821050961,0.03590553626418114,0.23305250704288483,0.8473961850007375,0.25651517510414124,1.5709350109100342,3.4675881067911782,3.2442848682403564,3.7291431427001953,0.8947209087634853,0.8240297943100917,0.9608204022035132,0.07784753358767678,-0.03735639899969101,0.48118317127227783,-21263.860676929144,-127583.1640625,8.840509053698042e-07,1675.8151041692047,1.5227938021666887e-08,2660.596923828125,0.12917300772309923,0.1069584134966135,0.16898704293183983,0.11811255091801286,0.07086245819926262,0.29366352178156374,0.21415021886428198,0.15941245667636395,0.44572381138801576,0.2837618509183327,0.26106827825307843,0.3259086299687624,0.3119935633987188,0.24886576309800149,0.5269079574942589,0.9632324024041493,0.937934502363205,0.9963883805274963,0.06117460255821546,0.02540505677461624,0.20587389171123505,0.33953405419985455,0.16244852542877197,1.1189169883728027,3.2802113691965737,2.9659740924835205,3.532566547393799,2.3885186910629272,2.2480677366256714,2.528969645500183,0.9116136813792911,0.8499662499702643,0.9713413741168494,3.9749507904052734,3.773163080215454
Cars|DTD|RESISC45|SUN397,4,0.27821354816357297,0.13455632328987122,0.39009860157966614,2.435098707675934,1.0575670003890991,3.6143712997436523,3.6142861445744834,2.9506428241729736,4.268032550811768,0.8363731462225505,0.6980017601515869,0.9608204022035132,-0.0066276269567803565,-0.03735639899969101,6.450642831623554e-05,-21263.860677090815,-127583.1640625,1.2210379374266722e-09,1675.815104166765,5.899362109929029e-10,2660.596923828125,0.1955840057064779,0.16898704293183983,0.21690386246889828,0.14240744683270654,0.10747514717280865,0.1697019600868225,0.21613778007527193,0.18599085412919522,0.2523936301469803,0.35038741171360016,0.3259086299687624,0.36886436238884923,0.35774800151586533,0.3047768068313599,0.40234795451164246,0.9927998308340708,0.9852104830741882,0.9975350964069366,0.0363261221597592,0.030238162726163864,0.043211352080106735,0.22528210282325745,0.18653911352157593,0.2806081175804138,3.474865436553955,3.239434242248535,3.702666759490967,2.4979957938194275,2.3399016857147217,2.6560899019241333,0.9068907261357148,0.8430343528431323,0.9792305263749103,3.9872350692749023,3.811234951019287
Cars|DTD|RESISC45|SVHN,4,0.2219392309586207,0.13455632328987122,0.3251038193702698,1.9091909329096477,1.0575670003890991,3.3148117065429688,3.68630321820577,3.2546608448028564,4.268032550811768,0.7981948545251987,0.6351991377107851,0.9608204022035132,-0.001638703836761124,-0.03735639899969101,0.024310987442731857,-21263.860676918135,-127583.1640625,8.840509053698042e-07,1675.8151041698684,1.920987280357167e-08,2660.596923828125,0.14932277518014112,0.1069584134966135,0.19292636050842701,0.10167151127010583,0.07086245819926262,0.14969722844660283,0.18276576607177655,0.15941245667636395,0.23710623785853385,0.30397410426288846,0.26173085197806356,0.34578945353627205,0.2967493569602569,0.24886576309800149,0.36973382383584974,0.9765030157566071,0.9492643785476684,0.9975350964069366,0.032601894810795784,0.02540505677461624,0.04317259415984154,0.19173823793729147,0.16244852542877197,0.23634956777095795,3.3897794485092163,3.239434242248535,3.532566547393799,2.4344356656074524,2.3399016857147217,2.528969645500183,0.9420517955337973,0.9024110270416538,0.9792305263749103,3.9949092864990234,3.805049180984497
Cars|DTD|SUN397|SVHN,4,0.2329032172759374,0.13455632328987122,0.39009860157966614,1.6207625071207683,1.0575670003890991,2.776308059692383,3.271998484929403,2.9506428241729736,3.690086841583252,0.9000725234661621,0.8240297943100917,0.9608204022035132,-0.0013834739802405238,-0.03735639899969101,0.024310987442731857,-21263.860676925902,-127583.1640625,8.840509053698042e-07,1675.8151041698632,1.9178608923198226e-08,2660.596923828125,0.15728015691818048,0.1069584134966135,0.21690386246889828,0.10628485423202316,0.07086245819926262,0.15567668557167053,0.1834611385439833,0.1550316686183214,0.23128976091742515,0.3128620592256387,0.26173085197806356,0.36886436238884923,0.3029547024021546,0.24886576309800149,0.37543524652719495,0.9674759902556738,0.9209307038784027,0.9963883805274963,0.03042740064362685,0.02481331303715706,0.03775812312960625,0.19372927645842233,0.16244852542877197,0.24010255932807922,3.528696298599243,3.3487086296081543,3.702666759490967,2.529932916164398,2.403775930404663,2.6560899019241333,0.914575682023104,0.8430343528431323,0.9713413741168494,3.989875316619873,3.811243772506714
Cars|EuroSAT|GTSRB|MNIST,4,0.1526717251787583,0.03590553626418114,0.31017717719078064,1.8525837808847427,0.25651517510414124,4.540358543395996,4.840861360232036,3.1738710403442383,6.473724842071533,0.6487800834901774,0.3816228552457678,0.9462077870535718,-0.0023734815670953444,-0.014414722099900246,0.00033325841650366783,-4.3825802468564863e-08,-2.600783943762508e-07,3.332333609939098e-20,902.1198730490688,4.818098697789708e-11,1804.23974609375,0.1211845639410118,0.10976220468524843,0.1290969348186627,0.10793120064151784,0.0805885361880064,0.1821829304099083,0.1831633920967579,0.154193829074502,0.27758821949362755,0.2735343493024508,0.26106827825307843,0.2808624716103077,0.30446947410702707,0.26431172996759417,0.4163283509016037,0.9736181378364562,0.937934502363205,0.9906769526004792,0.04370759303371111,0.028171755373477936,0.08240235596895218,0.20181931803623834,0.15054944157600403,0.34534043073654175,3.041163365046183,2.777924060821533,3.3119091987609863,2.1877732276916504,2.0022850036621094,2.3732614517211914,0.8616181909360496,0.7490022740383472,0.955080788132532,3.9725430011749268,3.7457399368286133
Cars|EuroSAT|GTSRB|RESISC45,4,0.28426744788885117,0.16705358028411865,0.6256892681121826,4.526006321112315,1.1292600631713867,14.377900123596191,4.7697198788324995,3.3923165798187256,6.371657848358154,0.6127900138401502,0.3816228552457678,0.8263739697081955,-2.9882126227676054e-05,-0.00015942571917548776,3.798436409852002e-07,-5.402886379031867e-10,-2.876420435171667e-09,3.7984103814829505e-23,902.1198730468941,1.663955952191376e-11,1804.23974609375,0.1409806161870559,0.12213824848178774,0.17789991225581617,0.11870941438401739,0.0805885361880064,0.2139637750387192,0.1890075398981571,0.16340567015111446,0.2759271061420441,0.29559039769073325,0.2780163299292326,0.33323095068335534,0.32047695378462476,0.26431172996759417,0.4538117241859436,0.9825639116764068,0.9690770494937897,0.9953210353851318,0.040026736756165825,0.028171755373477936,0.06742799282073975,0.196158396701018,0.15054944157600403,0.3320666551589966,3.110475262006124,2.777924060821533,3.43625807762146,2.2336902022361755,2.0022850036621094,2.4650954008102417,0.8497755042973313,0.7490022740383472,0.9226592622244211,3.9718525409698486,3.757319688796997
Cars|EuroSAT|GTSRB|SUN397,4,0.26023489236831665,0.16705358028411865,0.3524484634399414,3.014887193838755,1.1292600631713867,5.653128623962402,4.621171474456787,2.9434430599212646,6.371657848358154,0.651013614072593,0.3816228552457678,0.912613935453224,-0.00016840724280579403,-0.0008720472687855363,2.1029531126259826e-05,-3.1017475254909544e-09,-1.5734064717776164e-08,2.1029221265860256e-21,902.1198730470795,4.818098697789708e-11,1804.23974609375,0.14518782974298422,0.12213824848178774,0.21690386246889828,0.10621544575318694,0.0805885361880064,0.15567668557167053,0.17921203376104433,0.16340567015111446,0.20340888559818268,0.3001964874813954,0.2780163299292326,0.36886436238884923,0.3048919608195623,0.26431172996759417,0.3718743270635605,0.9709604819615683,0.9459702277183533,0.9923281753063202,0.03309289552271366,0.028171755373477936,0.04183889180421829,0.1752903958161672,0.15054944157600403,0.2130778431892395,3.2632943391799927,2.777924060821533,3.702666759490967,2.3291874527931213,2.0022850036621094,2.6560899019241333,0.8126237298710549,0.6997195606551543,0.9342021845708445,3.954176187515259,3.755283832550049
Cars|EuroSAT|GTSRB|SVHN,4,0.18667806312441826,-0.05417153984308243,0.31017717719078064,2.372245987256368,-0.30175352096557617,4.540358543395996,4.714702884356181,3.2546608448028564,6.371657848358154,0.6452557142524208,0.3805403055268588,0.9971632995665006,0.0005735428906821957,-0.00015942571917548776,0.0030662643257528543,1.723315867787113e-08,-2.876420435171667e-09,1.062753725022958e-07,902.1198730532857,4.818098697789708e-11,1804.23974609375,0.1275094603692802,0.1069584134966135,0.1418509595328942,0.11573221088387071,0.07086245819926262,0.21858177632093428,0.18940142046660183,0.15941245667636395,0.30598826706409454,0.28078005477786067,0.26173085197806356,0.29402436017990113,0.31231141020854314,0.24886576309800149,0.45275611519813536,0.9773375248908996,0.9492643785476684,0.9931578612327576,0.04320248278478781,0.02540505677461624,0.08575654774904251,0.2145585243900617,0.15054944157600403,0.4107193350791931,3.152080496152242,2.777924060821533,3.532566547393799,2.2656273245811462,2.0022850036621094,2.528969645500183,0.8436046399106439,0.7490022740383472,0.9713413741168494,3.966463804244995,3.7532224655151367
Cars|EuroSAT|MNIST|RESISC45,4,0.19692468581100306,0.03590553626418114,0.6256892681121826,3.6073561559120813,0.25651517510414124,14.377900123596191,4.993262370427449,3.7291431427001953,6.473724842071533,0.6302715144461006,0.40331823566377106,0.8733535921126472,-0.002397272790706969,-0.014414722099900246,5.1332237489987165e-05,-4.340728429474886e-08,-2.600783943762508e-07,5.1329840689765004e-21,902.1198730490642,1.663955952191376e-11,1804.23974609375,0.13300905133907995,0.10976220468524843,0.17789991225581617,0.11244046279850106,0.0805885361880064,0.2139637750387192,0.1836083659529686,0.154193829074502,0.2759271061420441,0.2870667112618685,0.26106827825307843,0.33323095068335534,0.3092110690722863,0.26431172996759417,0.4538117241859436,0.9708297318220138,0.937934502363205,0.9953210353851318,0.03982679111262163,0.028171755373477936,0.06742799282073975,0.20646710693836212,0.15054944157600403,0.3320666551589966,3.1944733460744223,2.955454111099243,3.43625807762146,2.2984519004821777,2.1318084001541138,2.4650954008102417,0.8902662098322867,0.8117864359076528,0.955080788132532,3.9859328269958496,3.7731833457946777
Cars|EuroSAT|MNIST|SUN397,4,0.16337890985111395,0.03590553626418114,0.3524484634399414,2.1094587296247482,0.25651517510414124,5.653128623962402,4.860006650288899,3.3049893379211426,6.473724842071533,0.6711065131801495,0.40331823566377106,0.9644963272761083,-0.0021289066838410995,-0.014414722099900246,0.002513329265639186,-4.596874318229594e-08,-2.600783943762508e-07,2.5131204915190605e-19,902.1198730491577,5.903146860219977e-10,1804.23974609375,0.13735108499104778,0.10976220468524843,0.21690386246889828,0.09951416268013417,0.07208431433886289,0.15567668557167053,0.1746269890666008,0.154193829074502,0.20340888559818268,0.2921608097354571,0.26106827825307843,0.36886436238884923,0.29266437076032165,0.24852196350693703,0.3718743270635605,0.9567288535833359,0.9064198970794678,0.9923281753063202,0.03240487507234017,0.028171755373477936,0.04192465916275978,0.1826784461736679,0.15054944157600403,0.2130778431892395,3.3461451133092246,2.955454111099243,3.702666759490967,2.3939491510391235,2.1318084001541138,2.6560899019241333,0.8505747746574853,0.758372661829909,0.955080788132532,3.9736366271972656,3.773740768432617
Cars|EuroSAT|MNIST|SVHN,4,0.15458527021110058,0.03590553626418114,0.2963087558746338,1.8500135789314907,0.25651517510414124,4.325049877166748,4.835269212722778,3.2442848682403564,6.473724842071533,0.6477616112973893,0.3805403055268588,0.9435236790138564,0.07830578558302174,-0.014414722099900246,0.48118317127227783,-2.5633836963590802e-08,-2.600783943762508e-07,1.062753725022958e-07,902.119873053708,6.559691012597568e-09,1804.23974609375,0.1221749675561053,0.1069584134966135,0.14171549140010029,0.12344469351073106,0.07086245819926262,0.29366352178156374,0.20965132713317872,0.154193829074502,0.44572381138801576,0.2760165511444211,0.26106827825307843,0.2986823952943087,0.3165834476053715,0.24886576309800149,0.5269079574942589,0.9723492087920507,0.937934502363205,0.996018191576004,0.06310049009819825,0.02540505677461624,0.20587389171123505,0.3394649724165599,0.15054944157600403,1.1189169883728027,3.2000667651494346,2.955454111099243,3.532566547393799,2.3303890228271484,2.1318084001541138,2.528969645500183,0.8831593626750055,0.8117864359076528,0.9713413741168494,3.968047618865967,3.7580718994140625
Cars|EuroSAT|RESISC45|SUN397,4,0.32755136241515476,0.16764789819717407,0.6256892681121826,5.0770933628082275,1.865338683128357,14.377900123596191,4.704710960388184,3.3049893379211426,6.371657848358154,0.6422342913040946,0.4181646153104659,0.9055022475607939,-0.00014810759561593537,-0.0008720472687855363,3.6485769214777974e-06,-2.6832293516705486e-09,-1.5734064717776164e-08,3.648310282949693e-22,902.1198730470745,1.663955952191376e-11,1804.23974609375,0.1738628076389432,0.12213824848178774,0.21690386246889828,0.1418050515713791,0.0805885361880064,0.2139637750387192,0.2140020935734113,0.16340567015111446,0.2759271061420441,0.33043961158643165,0.2808624716103077,0.36886436238884923,0.3561858695248763,0.26431172996759417,0.4538117241859436,0.9779794428745906,0.9459702277183533,0.9953210353851318,0.03846547628442446,0.028171755373477936,0.06742799282073975,0.22335725029309592,0.15054944157600403,0.3320666551589966,3.397138555844625,3.0469510555267334,3.702666759490967,2.4398661255836487,2.223642349243164,2.6560899019241333,0.8612864813998233,0.758372661829909,0.9342021845708445,3.975801467895508,3.7903478145599365
Cars|EuroSAT|RESISC45|SVHN,4,0.2972843398650487,0.16764789819717407,0.6256892681121826,4.600509822368622,1.5709350109100342,14.377900123596191,4.742065985997518,3.2546608448028564,6.371657848358154,0.6119177270582428,0.3805403055268588,0.8240297943100917,0.0005247803513460288,-2.0246881831553765e-05,0.0030662643257528543,1.7651676851678004e-08,-3.6531139224749154e-10,1.062753725022958e-07,902.1198730532811,1.663955952191376e-11,1804.23974609375,0.13855865210294724,0.1069584134966135,0.17789991225581617,0.11429013394129774,0.07086245819926262,0.2139637750387192,0.1861146534482638,0.15941245667636395,0.2759271061420441,0.29359473317861556,0.26173085197806356,0.33323095068335534,0.31138541638851164,0.24886576309800149,0.4538117241859436,0.9752284542719524,0.9492643785476684,0.9953210353851318,0.037894989674290024,0.02540505677461624,0.06742799282073975,0.2077550614873568,0.15054944157600403,0.3320666551589966,3.3053781191507974,3.0469510555267334,3.532566547393799,2.3763059973716736,2.223642349243164,2.528969645500183,0.8950081001451443,0.8117864359076528,0.9713413741168494,3.986131429672241,3.7874584197998047
Cars|EuroSAT|SUN397|SVHN,4,0.25187572836875916,0.16764789819717407,0.3524484634399414,2.9477034211158752,1.1852855682373047,5.653128623962402,4.637439767519633,3.14501953125,6.371657848358154,0.6500110244953712,0.3805403055268588,0.9100251231069062,0.0010549652118546267,-0.0008720472687855363,0.004135574214160442,1.5090217964219004e-08,-1.5734064717776164e-08,1.062753725022958e-07,902.1198730533716,5.903146860219977e-10,1804.23974609375,0.14233420958276838,0.1069584134966135,0.21690386246889828,0.10136000127531587,0.07086245819926262,0.15567668557167053,0.1756059902658065,0.1550316686183214,0.20340888559818268,0.2981726820394397,0.26173085197806356,0.36886436238884923,0.29474684253335,0.24886576309800149,0.3718743270635605,0.9617880660295487,0.9209307038784027,0.9931578612327576,0.030550722032785416,0.02481331303715706,0.04368116334080696,0.18332654734452566,0.15054944157600403,0.22674134373664856,3.4544700384140015,3.177229166030884,3.702666759490967,2.4718032479286194,2.2875165939331055,2.6560899019241333,0.8698115691769347,0.758372661829909,0.9713413741168494,3.978436231613159,3.791123151779175
Cars|GTSRB|MNIST|RESISC45,4,0.14600928934911886,0.03590553626418114,0.25925928354263306,1.205297902226448,0.25651517510414124,2.273554563522339,3.78235924243927,3.1738710403442383,4.282975196838379,0.7878344139798621,0.637006133285217,0.9462077870535718,-0.002368237367212108,-0.014414722099900246,0.00033325841650366783,-4.388668770060525e-08,-2.600783943762508e-07,3.332333609939098e-20,902.119873049069,5.0223193659437726e-11,1804.23974609375,0.13057190327749899,0.10976220468524843,0.17789991225581617,0.10672034754728277,0.08107058010995388,0.1821829304099083,0.18709664170940718,0.1564513859897852,0.27758821949362755,0.28289580064515274,0.26106827825307843,0.33323095068335534,0.3049969014277061,0.2650840440392494,0.4163283509016037,0.9714457645018896,0.937934502363205,0.9953210353851318,0.042635293677449226,0.03074871376156807,0.08240235596895218,0.2085707758863767,0.1694255918264389,0.34534043073654175,3.140724460283915,2.7927284240722656,3.43625807762146,2.258180022239685,2.0512646436691284,2.4650954008102417,0.8561362763651643,0.7490022740383472,0.9223212853325121,3.9716036319732666,3.760812520980835
Cars|GTSRB|MNIST|SUN397,4,0.1642065141350031,0.03590553626418114,0.29647648334503174,1.085062379638354,0.25651517510414124,1.982195496559143,3.335686763127645,2.9434430599212646,3.7291431427001953,0.9047579765274234,0.8263739697081955,0.9644963272761083,-0.0020964296457653595,-0.014414722099900246,0.002513329265639186,-4.6448146588151985e-08,-2.600783943762508e-07,2.5131204915190605e-19,902.1198730491566,5.887981213703597e-10,1804.23974609375,0.13724433145951478,0.10976220468524843,0.21690386246889828,0.10979295020302136,0.07208431433886289,0.1821829304099083,0.18976365039745965,0.15818578407168388,0.27758821949362755,0.2899550859381755,0.26106827825307843,0.36886436238884923,0.30839349505801994,0.24852196350693703,0.4163283509016037,0.9575734194119772,0.9064198970794678,0.9923281753063202,0.040508998868366085,0.029553378000855446,0.08240235596895218,0.2110791007677714,0.1694255918264389,0.34534043073654175,3.285448590914408,2.7927284240722656,3.702666759490967,2.353677272796631,2.0512646436691284,2.6560899019241333,0.8180241220185667,0.6997195606551543,0.9342021845708445,3.9535975456237793,3.759509801864624
Cars|GTSRB|MNIST|SVHN,4,0.10632815522452195,-0.05417153984308243,0.23305250704288483,0.694212352236112,-0.30175352096557617,1.5709350109100342,3.3702100118001304,3.1738710403442383,3.7291431427001953,0.9017753536274772,0.8240297943100917,0.9971632995665006,0.07842382748882908,-0.014414722099900246,0.48118317127227783,-2.6113240369430085e-08,-2.600783943762508e-07,1.062753725022958e-07,902.1198730537063,6.554824683036031e-09,1804.23974609375,0.125922026852301,0.1069584134966135,0.1418509595328942,0.1551032157552739,0.07086245819926262,0.29366352178156374,0.25344196998824675,0.15941245667636395,0.44572381138801576,0.279029409425954,0.26106827825307843,0.2986823952943087,0.3641877716034651,0.24886576309800149,0.5269079574942589,0.9710189058383305,0.937934502363205,0.996018191576004,0.07789095801611741,0.02540505677461624,0.20587389171123505,0.39909230420986813,0.16244852542877197,1.1189169883728027,3.1284456650416055,2.7927284240722656,3.532566547393799,2.2901171445846558,2.0512646436691284,2.528969645500183,0.8496114674371964,0.7490022740383472,0.9713413741168494,3.949063777923584,3.741659641265869
Cars|GTSRB|RESISC45|SUN397,4,0.257051981985569,0.16705358028411865,0.3761393129825592,2.1132457653681436,1.1292600631713867,3.6143712997436523,3.5659960905710855,2.9434430599212646,4.268032550811768,0.7917238189633489,0.637006133285217,0.912613935453224,-0.00017111031968397583,-0.0008720472687855363,2.1029531126259826e-05,-3.162632757532136e-09,-1.5734064717776164e-08,2.1029221265860256e-21,902.1198730470797,5.0223193659437726e-11,1804.23974609375,0.1650309933613365,0.12614815718028694,0.21690386246889828,0.11733578634137909,0.08348516307771206,0.1697019600868225,0.19102022636681795,0.16625771507620812,0.2523936301469803,0.3186592556163668,0.27887945041060447,0.36886436238884923,0.32169410735368725,0.2733678859472275,0.40234795451164246,0.9810965547959011,0.9533808887004852,0.9953210353851318,0.03485391599436601,0.030238162726163864,0.043211352080106735,0.19907893240451813,0.1694255918264389,0.2806081175804138,3.354530135790507,2.9927539825439453,3.702666759490967,2.399594247341156,2.1430985927581787,2.6560899019241333,0.8296921398684837,0.6997195606551543,0.9342021845708445,3.9592931270599365,3.7759084701538086
Cars|GTSRB|RESISC45|SVHN,4,0.1777002401649952,-0.05417153984308243,0.2852301299571991,1.5052573482195537,-0.30175352096557617,2.4942092895507812,3.662611802419027,3.2546608448028564,4.268032550811768,0.7817695337003109,0.6351991377107851,0.9971632995665006,0.0005873424950095796,-0.00015942571917548776,0.0030662643257528543,1.7172273445833175e-08,-2.876420435171667e-09,1.062753725022958e-07,902.119873053286,5.0223193659437726e-11,1804.23974609375,0.1335806506530692,0.1069584134966135,0.17789991225581617,0.11120060343295335,0.07086245819926262,0.21858177632093428,0.19178676776587963,0.15941245667636395,0.30598826706409454,0.2870329592873653,0.26173085197806356,0.33323095068335534,0.30876885391771797,0.24886576309800149,0.45275611519813536,0.9761706974109013,0.9492643785476684,0.9953210353851318,0.04096977350612482,0.02540505677461624,0.08575654774904251,0.2147034207979838,0.16244852542877197,0.4107193350791931,3.251845121383667,2.9927539825439453,3.532566547393799,2.336034119129181,2.1430985927581787,2.528969645500183,0.8624165160149143,0.7490022740383472,0.9713413741168494,3.968949794769287,3.770782232284546
Cars|GTSRB|SUN397|SVHN,4,0.18403462941447893,-0.05417153984308243,0.29647648334503174,1.2301128506660461,-0.30175352096557617,1.982195496559143,3.2445688247680664,2.9434430599212646,3.426983594894409,0.895951394950952,0.8240297943100917,0.9971632995665006,0.0011209689700990566,-0.0008720472687855363,0.004135574214160442,1.461081455837452e-08,-1.5734064717776164e-08,1.062753725022958e-07,902.1198730533705,5.887981213703597e-10,1804.23974609375,0.13968660266293834,0.1069584134966135,0.21690386246889828,0.11426937354107697,0.07086245819926262,0.21858177632093428,0.1929264901578426,0.1550316686183214,0.30598826706409454,0.29357609496762355,0.26173085197806356,0.36886436238884923,0.3120735720048348,0.24886576309800149,0.45275611519813536,0.9629588423172634,0.9209307038784027,0.9923281753063202,0.03892112709581852,0.02481331303715706,0.08575654774904251,0.21657189230124155,0.16244852542877197,0.4107193350791931,3.393989404042562,3.015798807144165,3.702666759490967,2.4315313696861267,2.20697283744812,2.6560899019241333,0.8387992658749083,0.6997195606551543,0.9713413741168494,3.956529140472412,3.7729153633117676
Cars|MNIST|RESISC45|SUN397,4,0.16915126455326876,0.03590553626418114,0.3761393129825592,1.5001806269089382,0.25651517510414124,3.6143712997436523,3.7824792861938477,3.3049893379211426,4.282975196838379,0.8142364881367795,0.6732201340984646,0.9644963272761083,-0.002123117695077781,-0.014414722099900246,0.002513329265639186,-4.6029628414336274e-08,-2.600783943762508e-07,2.5131204915190605e-19,902.1198730491574,5.899362109929029e-10,1804.23974609375,0.15711552126100287,0.10976220468524843,0.21690386246889828,0.11343659364928803,0.07208431433886289,0.1697019600868225,0.18701864836116633,0.1564513859897852,0.2523936301469803,0.31021104838699104,0.26106827825307843,0.36886436238884923,0.31269044607877733,0.24852196350693703,0.40234795451164246,0.961874490181605,0.9064198970794678,0.9953210353851318,0.03407320535431305,0.029553378000855446,0.043211352080106735,0.20607490837574005,0.1770075261592865,0.2806081175804138,3.4355002641677856,3.1590001583099365,3.702666759490967,2.464355945587158,2.272621989250183,2.6560899019241333,0.8804993855651797,0.7940403275337093,0.9342021845708445,3.981912612915039,3.7956302165985107
Cars|MNIST|RESISC45|SVHN,4,0.15456271233657995,0.03590553626418114,0.2852301299571991,1.2753882656494777,0.25651517510414124,2.4942092895507812,3.7608261505762735,3.2442848682403564,4.282975196838379,0.7866952008111534,0.6351991377107851,0.9435236790138564,0.07832807725299062,-0.014414722099900246,0.48118317127227783,-2.569472219562791e-08,-2.600783943762508e-07,1.062753725022958e-07,902.1198730537077,6.558941390011341e-09,1804.23974609375,0.12816743049149712,0.1069584134966135,0.17789991225581617,0.1217151764407754,0.07086245819926262,0.29366352178156374,0.2126201411212484,0.1564513859897852,0.44572381138801576,0.2818569261704882,0.26106827825307843,0.33323095068335534,0.31626482009887696,0.24886576309800149,0.5269079574942589,0.9661919450759888,0.937934502363205,0.996018191576004,0.06077509062985579,0.02540505677461624,0.20587389171123505,0.33921779443820316,0.16244852542877197,1.1189169883728027,3.2979507446289062,2.9659740924835205,3.532566547393799,2.400795817375183,2.272621989250183,2.528969645500183,0.9148274396895412,0.8499662499702643,0.9713413741168494,3.9741175174713135,3.7769062519073486
Cars|MNIST|SUN397|SVHN,4,0.15138388114670911,0.03590553626418114,0.2676057517528534,1.0134654690821965,0.25651517510414124,1.982195496559143,3.3580758571624756,3.14501953125,3.7291431427001953,0.9034884605634006,0.8240297943100917,0.9644963272761083,0.0792685949515241,-0.014414722099900246,0.48118317127227783,-2.8256181083045883e-08,-2.600783943762508e-07,1.062753725022958e-07,902.1198730537004,6.5457577136385225e-09,1804.23974609375,0.13440820259740574,0.1069584134966135,0.21690386246889828,0.12435161506136257,0.07086245819926262,0.29366352178156374,0.2145739927639564,0.1550316686183214,0.44572381138801576,0.288888070533673,0.26106827825307843,0.36886436238884923,0.3186078328390916,0.24852196350693703,0.5269079574942589,0.9504826414585114,0.9064198970794678,0.996018191576004,0.0582383694127202,0.02481331303715706,0.20587389171123505,0.33816560606161755,0.16244852542877197,1.1189169883728027,3.4389477173487344,2.9659740924835205,3.702666759490967,2.496293067932129,2.3364962339401245,2.6560899019241333,0.8886705288010105,0.7940403275337093,0.9713413741168494,3.968597412109375,3.7808985710144043
Cars|RESISC45|SUN397|SVHN,4,0.25533269594113034,0.17577748000621796,0.3761393129825592,2.1187225580215454,1.1852855682373047,3.6143712997436523,3.566323439280192,3.14501953125,4.268032550811768,0.7906004884102066,0.6351991377107851,0.9100251231069062,0.0010693096050620927,-0.0008720472687855363,0.004135574214160442,1.50293327321811e-08,-1.5734064717776164e-08,1.062753725022958e-07,902.1198730533714,5.899362109929029e-10,1804.23974609375,0.1587824968000253,0.1069584134966135,0.21690386246889828,0.11196167788778742,0.07086245819926262,0.1697019600868225,0.18644974724700056,0.1550316686183214,0.2523936301469803,0.31311437385777635,0.26173085197806356,0.36886436238884923,0.31070293424030143,0.24886576309800149,0.40234795451164246,0.9679392484823862,0.9209307038784027,0.9953210353851318,0.03105864239235719,0.02481331303715706,0.043211352080106735,0.20011644810438156,0.16244852542877197,0.2806081175804138,3.544028719266256,3.3819963932037354,3.702666759490967,2.542210042476654,2.428330183029175,2.6560899019241333,0.9240299707597845,0.8609151064397745,0.9713413741168494,3.9907901287078857,3.8147387504577637
DTD|EuroSAT|GTSRB|MNIST,4,0.1824016428242127,0.060139190405607224,0.31017717719078064,2.207671200235685,0.4128110706806183,4.686529159545898,4.736120780309041,3.1738710403442383,6.473724842071533,0.6573162318449248,0.3816228552457678,0.9462077870535718,0.001796073103226566,-2.094664517734495e-32,0.010295899584889412,3.294648757516765e-08,-3.965081400321376e-37,1.948910437477025e-07,946.4535522482876,4.818098697789708e-11,1892.9071044921875,0.1272246931446716,0.112238151114434,0.1494294590363279,0.11286164375332496,0.07638619754463434,0.1821829304099083,0.19103152496119338,0.154193829074502,0.27758821949362755,0.279909591289858,0.2625884451717138,0.30773391894996166,0.31418207943439486,0.25994367986917494,0.4163283509016037,0.9762893400589624,0.9438604724407196,0.9906769526004792,0.04738909440735976,0.03787250444293022,0.08240235596895218,0.211125078300635,0.1674669086933136,0.34534043073654175,2.9422778685887656,2.777924060821533,3.122396945953369,2.1251763701438904,2.0022850036621094,2.2480677366256714,0.9050690305096238,0.830001242885715,0.955080788132532,3.983109951019287,3.748666524887085
DTD|EuroSAT|GTSRB|RESISC45,4,0.3348461464047432,0.2134845107793808,0.6256892681121826,5.096623261769612,1.3865854740142822,14.377900123596191,4.613802035649617,3.2194294929504395,6.044483184814453,0.6103571063376467,0.3816228552457678,0.8600712139469742,3.5361148320589564e-05,-2.094664517734495e-32,0.00014728061796631664,6.681532734494593e-10,-3.965081400321376e-37,2.7878817032700454e-09,946.4535522461128,1.663955952191376e-11,1892.9071044921875,0.14801295790433264,0.12602454867679624,0.19292636050842701,0.12934206660836936,0.08343543116003276,0.2139637750387192,0.20593185584992169,0.1706103253364563,0.2759271061420441,0.3023743831614653,0.2780163299292326,0.34578945353627205,0.3389486153920491,0.27399821430444715,0.4538117241859436,0.9846164623896282,0.9728237581253052,0.9975350964069366,0.04505786982675394,0.03761158511042595,0.06742799282073975,0.2131782372792562,0.1674669086933136,0.3320666551589966,3.0103711684544883,2.777924060821533,3.239434242248535,2.1710933446884155,2.0022850036621094,2.3399016857147217,0.8875199942886972,0.8127625539628084,0.9792305263749103,3.979719638824463,3.759638547897339
DTD|EuroSAT|GTSRB|SUN397,4,0.30634134262800217,0.2134845107793808,0.39009860157966614,3.4762773911158242,1.3865854740142822,5.653128623962402,4.478770097096761,2.9434430599212646,6.044483184814453,0.65976825129846,0.3816228552457678,0.942426124054137,-0.0002361522410865291,-0.001585223595611751,0.00014728061796631664,-4.536531779859965e-09,-3.000707238243194e-08,2.7878817032700454e-09,946.4535522462983,4.818098697789708e-11,1892.9071044921875,0.1475894176781488,0.12602454867679624,0.20414578802883626,0.11126805559421578,0.08343543116003276,0.15172530338168144,0.19226393164445957,0.1674599479138851,0.23128976091742515,0.30370257761329417,0.2780163299292326,0.361755493208766,0.31605478008588156,0.2733678859472275,0.37543524652719495,0.9722586290041605,0.9459702277183533,0.9906769526004792,0.03730670859416326,0.030994880944490433,0.04183889180421829,0.18851261337598166,0.1674669086933136,0.24010255932807922,3.166296362876892,2.777924060821533,3.524479627609253,2.2665905952453613,2.0022850036621094,2.5308961868286133,0.825560353435979,0.6997195606551543,0.9226592622244211,3.958527088165283,3.754460334777832
DTD|EuroSAT|GTSRB|SVHN,4,0.2031794749200344,-0.05417153984308243,0.31017717719078064,2.6315089066823325,-0.30175352096557617,4.686529159545898,4.636681040128072,3.2194294929504395,6.044483184814453,0.6534566479379704,0.3805403055268588,0.9971632995665006,0.0041654477997023305,-2.094664517734495e-32,0.024310987442731857,1.4780646451219617e-07,-3.965081400321376e-37,8.840509053698042e-07,946.4535522525044,4.818098697789708e-11,1892.9071044921875,0.13567424445645884,0.12602454867679624,0.1494294590363279,0.12283587483999629,0.07921740069985389,0.21858177632093428,0.19873555429279807,0.16498674765229226,0.30598826706409454,0.2891835860783855,0.2780163299292326,0.30773391894996166,0.32580030389130116,0.2663831290602684,0.45275611519813536,0.9801317505041758,0.9559284889698029,0.9931578612327576,0.047182453175385795,0.031521961092948914,0.08575654774904251,0.226517120997111,0.1674669086933136,0.4107193350791931,3.054137388865153,2.777924060821533,3.3487086296081543,2.2030304670333862,2.0022850036621094,2.403775930404663,0.8646849930610682,0.7711009682042479,0.9290359199021377,3.97322940826416,3.7537920475006104
DTD|EuroSAT|MNIST|RESISC45,4,0.2438038382679224,0.060139190405607224,0.6256892681121826,4.161134844024976,0.4128110706806183,14.377900123596191,4.844762086868286,3.6007614135742188,6.473724842071533,0.6281578901149051,0.40331823566377106,0.9089665353792732,0.0017352897084492724,-2.094664517734495e-32,0.010295899584889412,3.2685346947522384e-08,-3.965081400321376e-37,1.948910437477025e-07,946.4535522482829,1.663955952191376e-11,1892.9071044921875,0.14157419000208998,0.112238151114434,0.19292636050842701,0.12242948402029773,0.07638619754463434,0.2139637750387192,0.19870754946023225,0.154193829074502,0.2759271061420441,0.29532270995279153,0.2625884451717138,0.34578945353627205,0.3270237007488807,0.25994367986917494,0.4538117241859436,0.9728108551104864,0.9438604724407196,0.9975350964069366,0.044628681614995,0.037141211330890656,0.06742799282073975,0.2226021115978559,0.19043058156967163,0.3320666551589966,3.0960853894551597,2.955454111099243,3.239434242248535,2.2358550429344177,2.1318084001541138,2.3399016857147217,0.9298304490697892,0.8808913401067857,0.9792305263749103,3.9909708499908447,3.7729008197784424
DTD|EuroSAT|MNIST|SUN397,4,0.2057858140518268,0.060139190405607224,0.39009860157966614,2.5540106743574142,0.4128110706806183,5.653128623962402,4.725022832552592,2.9506428241729736,6.473724842071533,0.6801804335773244,0.40331823566377106,0.9644963272761083,0.0018706675424861412,-0.001585223595611751,0.010295899584889412,2.7480661894253642e-08,-3.000707238243194e-08,1.948910437477025e-07,946.4535522483765,5.903146860219977e-10,1892.9071044921875,0.14128546987194568,0.112238151114434,0.20414578802883626,0.10392314151860772,0.07208431433886289,0.15172530338168144,0.18585375450551508,0.154193829074502,0.23128976091742515,0.2971389130875468,0.2625884451717138,0.361755493208766,0.3031681600958109,0.24852196350693703,0.37543524652719495,0.9579555732011795,0.9064198970794678,0.9900158143043518,0.03638944557557503,0.029553378000855446,0.04192465916275978,0.19501582781473795,0.1770075261592865,0.24010255932807922,3.250863273938497,2.955454111099243,3.524479627609253,2.3313522934913635,2.1318084001541138,2.5308961868286133,0.8653311474685462,0.758372661829909,0.955080788132532,3.9752423763275146,3.7706336975097656
DTD|EuroSAT|MNIST|SVHN,4,0.16738713594774404,0.060139190405607224,0.2963087558746338,2.0924382458130517,0.4128110706806183,4.686529159545898,4.764664928118388,3.2442848682403564,6.473724842071533,0.6562818281542467,0.3805403055268588,0.9435236790138564,0.08596500971664985,-2.094664517734495e-32,0.48118317127227783,1.7982365820165283e-07,-3.965081400321376e-37,8.840509053698042e-07,946.4535522529268,6.559691012597568e-09,1892.9071044921875,0.13187254858901723,0.112238151114434,0.1494294590363279,0.12990472646430135,0.07638619754463434,0.29366352178156374,0.217160328514874,0.154193829074502,0.44572381138801576,0.28589209566513696,0.2625884451717138,0.30773391894996166,0.3294133113572995,0.25994367986917494,0.5269079574942589,0.9750720069805782,0.9438604724407196,0.996018191576004,0.0668512179205815,0.031521961092948914,0.20587389171123505,0.3505387331048648,0.1818915158510208,1.1189169883728027,3.1038397947947183,2.955454111099243,3.3487086296081543,2.2677921652793884,2.1318084001541138,2.403775930404663,0.9060594650715664,0.8357375249723454,0.955080788132532,3.971834659576416,3.756552219390869
DTD|EuroSAT|RESISC45|SUN397,4,0.39080704748630524,0.2753628194332123,0.6256892681121826,5.737174828847249,2.776308059692383,14.377900123596191,4.518549879391988,2.9506428241729736,6.044483184814453,0.6403391558440185,0.4181646153104659,0.942426124054137,-0.0002528447650623396,-0.001585223595611751,6.450642831623554e-05,-4.7976724075008175e-09,-3.000707238243194e-08,1.2210379374266722e-09,946.4535522462933,1.663955952191376e-11,1892.9071044921875,0.17878940503345805,0.1494294590363279,0.2126410680450499,0.15191623952239752,0.11073099620640278,0.2139637750387192,0.23428504209965464,0.20288641527295112,0.2759271061420441,0.3358264584218462,0.30773391894996166,0.36677558049559594,0.37544871514042216,0.3224496310949326,0.4538117241859436,0.9785875109831492,0.9459702277183533,0.9975350964069366,0.04379967848459879,0.030994880944490433,0.06742799282073975,0.24340871224800745,0.17730233073234558,0.3320666551589966,3.300638119379679,3.0469510555267334,3.5466411113739014,2.3772692680358887,2.1990880966186523,2.555450439453125,0.8703365046286757,0.758372661829909,0.9792305263749103,3.976391553878784,3.7871010303497314
DTD|EuroSAT|RESISC45|SVHN,4,0.3309349864721298,0.17791512608528137,0.6256892681121826,5.058464010556539,1.1522839069366455,14.377900123596191,4.62028443813324,3.2865915298461914,6.044483184814453,0.6094688880578493,0.3805403055268588,0.8576314495615304,0.004079693089200494,-2.094664517734495e-32,0.024310987442731857,1.4754532388454176e-07,-3.965081400321376e-37,8.840509053698042e-07,946.4535522524999,1.663955952191376e-11,1892.9071044921875,0.1492484456494761,0.12038540591951459,0.19292636050842701,0.12645237600741288,0.07921740069985389,0.2139637750387192,0.20267983791728814,0.16246098831295966,0.2759271061420441,0.3038790211826563,0.27317810960114003,0.34578945353627205,0.3329743364204963,0.2663831290602684,0.4538117241859436,0.9773326009511948,0.9559284889698029,0.9975350964069366,0.04299534919361273,0.031521961092948914,0.06742799282073975,0.22654290248950323,0.1818915158510208,0.3320666551589966,3.2079325517018638,3.0469510555267334,3.3819963932037354,2.3137091398239136,2.1990880966186523,2.428330183029175,0.9122018529594967,0.8357375249723454,0.9792305263749103,3.98917818069458,3.785191297531128
DTD|EuroSAT|SUN397|SVHN,4,0.28105412671963376,0.17791512608528137,0.39009860157966614,3.2964308659235635,1.1522839069366455,5.653128623962402,4.5291746854782104,2.9506428241729736,6.044483184814453,0.6587497302233482,0.3805403055268588,0.942426124054137,0.004476889676880091,-0.001585223595611751,0.024310987442731857,1.4234063883136112e-07,-3.000707238243194e-08,8.840509053698042e-07,946.4535522525904,5.903146860219977e-10,1892.9071044921875,0.1483932493471851,0.11790631861425936,0.20414578802883626,0.10794220095810791,0.07275213036686182,0.15172530338168144,0.18829875666648146,0.1550316686183214,0.23128976091742515,0.30517907470464706,0.27490638799965383,0.361755493208766,0.3090269202242295,0.2503929418325424,0.37543524652719495,0.9631378090381623,0.9209307038784027,0.9931578612327576,0.03483376155296961,0.02481331303715706,0.04368116334080696,0.19831676532824835,0.1698397994041443,0.24010255932807922,3.3601305882136026,3.0532758235931396,3.664043426513672,2.4092063903808594,2.1990880966186523,2.6193246841430664,0.8621974555648455,0.758372661829909,0.9290359199021377,3.977372646331787,3.786311149597168
DTD|GTSRB|MNIST|RESISC45,4,0.1826744433492422,0.060139190405607224,0.3251038193702698,1.5158136238654454,0.4128110706806183,3.3148117065429688,3.659573554992676,3.1738710403442383,4.282975196838379,0.7943525465846162,0.637006133285217,0.9462077870535718,0.0018154428548011008,3.798436409852002e-07,0.010295899584889412,3.314999389807295e-08,3.7984103814829505e-23,1.948910437477025e-07,946.4535522482878,5.0223193659437726e-11,1892.9071044921875,0.13456790543083721,0.11228315519168973,0.19292636050842701,0.11072399637972315,0.07638619754463434,0.1821829304099083,0.19636709984391928,0.1564513859897852,0.27758821949362755,0.2868855518847704,0.26325097121298313,0.34578945353627205,0.3118448055535555,0.25994367986917494,0.4163283509016037,0.9738615254561106,0.9438604724407196,0.9975350964069366,0.04637721305092176,0.037141211330890656,0.08240235596895218,0.21893267830212912,0.17090266942977905,0.34534043073654175,3.0430335998535156,2.7927284240722656,3.239434242248535,2.195583164691925,2.0512646436691284,2.3399016857147217,0.8945689096989131,0.8127625539628084,0.9792305263749103,3.979093551635742,3.7605581283569336
DTD|GTSRB|MNIST|SUN397,4,0.19639941987891993,0.060139190405607224,0.39009860157966614,1.2863513578971226,0.4128110706806183,2.776308059692383,3.2264175415039062,2.9434430599212646,3.6007614135742188,0.9224636538605481,0.8600712139469742,0.9644963272761083,0.0019542623034188487,-0.001585223595611751,0.010295899584889412,2.7945308844804558e-08,-3.000707238243194e-08,1.948910437477025e-07,946.4535522483753,5.887981213703597e-10,1892.9071044921875,0.13660957983074087,0.11320292491931468,0.20414578802883626,0.10821655665213863,0.07208431433886289,0.1821829304099083,0.19516169046362242,0.15818578407168388,0.27758821949362755,0.29066694183895986,0.26807614728808404,0.361755493208766,0.3079325568427642,0.24852196350693703,0.4163283509016037,0.9592347766955694,0.9064198970794678,0.9900158143043518,0.0434335982427001,0.029553378000855446,0.08240235596895218,0.2176433801651001,0.17392025887966156,0.34534043073654175,3.190863847732544,2.7927284240722656,3.524479627609253,2.291080415248871,2.0512646436691284,2.5308961868286133,0.8316488889258741,0.6997195606551543,0.9418837142944523,3.957122564315796,3.7566709518432617
DTD|GTSRB|MNIST|SVHN,4,0.10891602250436942,-0.05417153984308243,0.2134845107793808,0.6933740526437759,-0.30175352096557617,1.3865854740142822,3.325320323308309,3.1738710403442383,3.6007614135742188,0.9189273274202844,0.8576314495615304,0.9971632995665006,0.08613416934531415,0.00014728061796631664,0.48118317127227783,1.802883051522205e-07,3.332333609939098e-20,8.840509053698042e-07,946.4535522529251,6.554824683036031e-09,1892.9071044921875,0.13105047137554113,0.11883537785615772,0.1418509595328942,0.15557787631948788,0.07638619754463434,0.29366352178156374,0.25512224599719047,0.16245963543653488,0.44572381138801576,0.28463870649536455,0.2711743202060461,0.2986823952943087,0.3660529078046481,0.25994367986917494,0.5269079574942589,0.9741763416926066,0.9438604724407196,0.996018191576004,0.08058171470959981,0.031521961092948914,0.20587389171123505,0.40439296265443164,0.17826057970523834,1.1189169883728027,3.032915790875753,2.7927284240722656,3.3487086296081543,2.2275202870368958,2.0512646436691284,2.403775930404663,0.8713799639300036,0.7711009682042479,0.9418837142944523,3.9552106857299805,3.7404541969299316
DTD|GTSRB|RESISC45|SUN397,4,0.31009366859992343,0.2134845107793808,0.39009860157966614,2.530064264933268,1.3865854740142822,3.6143712997436523,3.4055496056874595,2.9434430599212646,3.8478169441223145,0.7984604404392225,0.637006133285217,0.942426124054137,-0.00022472976627341268,-0.001585223595611751,0.00014728061796631664,-4.333025456955454e-09,-3.000707238243194e-08,2.7878817032700454e-09,946.4535522462985,5.0223193659437726e-11,1892.9071044921875,0.1653884542461795,0.12602454867679624,0.2126410680450499,0.12146160190304121,0.08343543116003276,0.1697019600868225,0.20547444952030977,0.1674599479138851,0.2523936301469803,0.31977985500047607,0.28015341304242614,0.36677558049559594,0.32999222541848816,0.2733678859472275,0.40234795451164246,0.9821392605702082,0.9533808887004852,0.9975350964069366,0.039128147065639496,0.0329522006213665,0.043211352080106735,0.21335729211568832,0.17090266942977905,0.2806081175804138,3.258726795514425,2.951887845993042,3.5466411113739014,2.336997389793396,2.118544340133667,2.555450439453125,0.8376105571935825,0.6997195606551543,0.9792305263749103,3.961251735687256,3.772517681121826
DTD|GTSRB|RESISC45|SVHN,4,0.2011368883152803,-0.05417153984308243,0.3251038193702698,1.7199485699335735,-0.30175352096557617,3.3148117065429688,3.566544850667318,3.2194294929504395,3.8478169441223145,0.7879524516358672,0.6351991377107851,0.9971632995665006,0.004193372955721013,3.798436409852002e-07,0.024310987442731857,1.480099708351039e-07,3.7984103814829505e-23,8.840509053698042e-07,946.4535522525048,5.0223193659437726e-11,1892.9071044921875,0.13970130768992628,0.12038540591951459,0.19292636050842701,0.1173774731097122,0.07921740069985389,0.21858177632093428,0.2025232268621524,0.16246098831295966,0.30598826706409454,0.2930509998401006,0.27317810960114003,0.34578945353627205,0.31939304639895755,0.2663831290602684,0.45275611519813536,0.9787094817558925,0.9559284889698029,0.9975350964069366,0.045010161896546684,0.031521961092948914,0.08575654774904251,0.22771815955638885,0.17090266942977905,0.4107193350791931,3.155096650123596,2.951887845993042,3.3819963932037354,2.273437261581421,2.118544340133667,2.428330183029175,0.878478662925513,0.7711009682042479,0.9792305263749103,3.973501205444336,3.768407106399536
DTD|GTSRB|SUN397|SVHN,4,0.2029990293085575,-0.05417153984308243,0.39009860157966614,1.3355773289998372,-0.30175352096557617,2.776308059692383,3.162018338839213,2.9434430599212646,3.426983594894409,0.9133218576148788,0.8576314495615304,0.9971632995665006,0.004594011157981488,-0.001585223595611751,0.024310987442731857,1.4280528578192358e-07,-3.000707238243194e-08,8.840509053698042e-07,946.4535522525892,5.887981213703597e-10,1892.9071044921875,0.14117650591768324,0.11790631861425936,0.20414578802883626,0.11486620083451271,0.07275213036686182,0.21858177632093428,0.19979053118576606,0.1550316686183214,0.30598826706409454,0.2963162401815256,0.27490638799965383,0.361755493208766,0.3153889221449693,0.2503929418325424,0.45275611519813536,0.9647432229916255,0.9209307038784027,0.9900158143043518,0.042144195487101875,0.02481331303715706,0.08575654774904251,0.2257890080412229,0.1698397994041443,0.4107193350791931,3.3003470500310264,2.951887845993042,3.664043426513672,2.3689345121383667,2.118544340133667,2.6193246841430664,0.8300535463590656,0.6997195606551543,0.9290359199021377,3.9568705558776855,3.76822829246521
DTD|MNIST|RESISC45|SUN397,4,0.21849340510865053,0.060139190405607224,0.39009860157966614,1.9001608739296596,0.4128110706806183,3.6143712997436523,3.6294503609339395,2.9506428241729736,4.282975196838379,0.821292392783961,0.6732201340984646,0.9644963272761083,0.0018905820829407578,-0.001585223595611751,0.010295899584889412,2.7684168217159007e-08,-3.000707238243194e-08,1.948910437477025e-07,946.4535522483761,5.899362109929029e-10,1892.9071044921875,0.15900577909157923,0.11228315519168973,0.2126410680450499,0.11691877820839484,0.07208431433886289,0.1697019600868225,0.1996477390701572,0.1564513859897852,0.2523936301469803,0.3128036609912912,0.26325097121298313,0.36677558049559594,0.3203295342127482,0.24852196350693703,0.40234795451164246,0.9628457685311634,0.9064198970794678,0.9975350964069366,0.03811819385737181,0.029553378000855446,0.043211352080106735,0.21946843216816583,0.1770075261592865,0.2806081175804138,3.341413060824076,3.122396945953369,3.5466411113739014,2.401759088039398,2.2480677366256714,2.555450439453125,0.8902375521364152,0.7940403275337093,0.9792305263749103,3.981670618057251,3.790151596069336
DTD|MNIST|RESISC45|SVHN,4,0.17429981442789236,0.060139190405607224,0.3251038193702698,1.4732412348190944,0.4128110706806183,3.3148117065429688,3.6721767584482827,3.2442848682403564,4.282975196838379,0.7931974019180176,0.6351991377107851,0.9435236790138564,0.08600142693831003,5.1332237489987165e-05,0.48118317127227783,1.800271645245614e-07,5.1329840689765004e-21,8.840509053698042e-07,946.4535522529264,6.558941390011341e-09,1892.9071044921875,0.1358208844740875,0.11228315519168973,0.19292636050842701,0.12724841511497895,0.07638619754463434,0.29366352178156374,0.22153146777302027,0.1564513859897852,0.44572381138801576,0.2893469799434145,0.26325097121298313,0.34578945353627205,0.3262299826492866,0.25994367986917494,0.5269079574942589,0.968659301996231,0.9438604724407196,0.9975350964069366,0.06458623645206292,0.031521961092948914,0.20587389171123505,0.3513476972778638,0.1818915158510208,1.1189169883728027,3.2029184103012085,2.9659740924835205,3.3819963932037354,2.338198959827423,2.2480677366256714,2.428330183029175,0.9327093358462767,0.8750438029503887,0.9792305263749103,3.9756622314453125,3.772606611251831
DTD|MNIST|SUN397|SVHN,4,0.166648734981815,0.060139190405607224,0.39009860157966614,1.1020916948715846,0.4128110706806183,2.776308059692383,3.2829429308573403,2.9506428241729736,3.6007614135742188,0.9211782063986352,0.8576314495615304,0.9644963272761083,0.08680895636401449,-0.001585223595611751,0.48118317127227783,1.748224794714218e-07,-3.000707238243194e-08,8.840509053698042e-07,946.4535522529192,6.5457577136385225e-09,1892.9071044921875,0.137430902797884,0.11320292491931468,0.20414578802883626,0.12430481135224303,0.07208431433886289,0.29366352178156374,0.21961290134737887,0.1550316686183214,0.44572381138801576,0.293100228967766,0.26807614728808404,0.361755493208766,0.3212641530483961,0.24852196350693703,0.5269079574942589,0.9521955947081248,0.9064198970794678,0.996018191576004,0.06123219523578882,0.02481331303715706,0.20587389171123505,0.34649788588285446,0.1698397994041443,1.1189169883728027,3.347021500269572,2.9659740924835205,3.664043426513672,2.433696210384369,2.2480677366256714,2.6193246841430664,0.8817445585313045,0.7940403275337093,0.9418837142944523,3.9662411212921143,3.7744486331939697
DTD|RESISC45|SUN397|SVHN,4,0.29144633064667386,0.17791512608528137,0.39009860157966614,2.422878305117289,1.1522839069366455,3.6143712997436523,3.4400132497151694,2.9506428241729736,3.832587242126465,0.7973211783881903,0.6351991377107851,0.942426124054137,0.004505359621778855,-0.001585223595611751,0.024310987442731857,1.425441451542689e-07,-3.000707238243194e-08,8.840509053698042e-07,946.4535522525902,5.899362109929029e-10,1892.9071044921875,0.16279740951412047,0.11790631861425936,0.2126410680450499,0.11761708329121272,0.07275213036686182,0.1697019600868225,0.2005448389177521,0.1550316686183214,0.2523936301469803,0.31773527577519417,0.27317810960114003,0.36677558049559594,0.32211831072966257,0.2503929418325424,0.40234795451164246,0.9690335502227146,0.9209307038784027,0.9975350964069366,0.03540209991236528,0.02481331303715706,0.043211352080106735,0.21616280823946,0.1698397994041443,0.2806081175804138,3.450883905092875,3.239434242248535,3.664043426513672,2.479613184928894,2.3399016857147217,2.6193246841430664,0.9113976509078702,0.8430343528431323,0.9792305263749103,3.98738431930542,3.8076720237731934
EuroSAT|GTSRB|MNIST|RESISC45,4,0.2533404504259427,0.08685711771249771,0.6256892681121826,4.040437112251918,0.8310664892196655,14.377900123596191,4.752813895543416,3.1738710403442383,6.473724842071533,0.6067438902283878,0.3816228552457678,0.9462077870535718,6.416174960577337e-05,1.6258160199233583e-35,0.00033325841650366783,6.4157173786970516e-21,0.0,3.332333609939098e-20,3.2980834709673648e-09,1.663955952191376e-11,6.559691012597568e-09,0.1288859367215385,0.112238151114434,0.16373263630550355,0.13137933759950102,0.08191766545176506,0.2139637750387192,0.20110407243172326,0.154193829074502,0.27758821949362755,0.28103334171076616,0.2625884451717138,0.3213991506397724,0.33785219339032974,0.2659945370256901,0.4538117241859436,0.9800632266203563,0.9540328478813171,0.9906769526004792,0.051391116032997765,0.037141211330890656,0.08240235596895218,0.23295352359612784,0.1674669086933136,0.34534043073654175,2.954135298728943,2.777924060821533,3.1590001583099365,2.1374534964561462,2.0022850036621094,2.272621989250183,0.8958215608503567,0.8127625539628084,0.955080788132532,3.979891538619995,3.7484500408172607
EuroSAT|GTSRB|MNIST|SUN397,4,0.21069282914201418,0.06980869174003601,0.3524484634399414,2.4465968708197274,0.45159661769866943,5.653128623962402,4.629336396853129,2.9434430599212646,6.473724842071533,0.6710706260004847,0.3816228552457678,0.9644963272761083,0.00047793620221151895,7.933285673864252e-35,0.002513329265639186,4.7789717896313843e-20,0.0,2.5131204915190605e-19,3.481261200607063e-09,4.818098697789708e-11,6.559691012597568e-09,0.12674578686322396,0.112238151114434,0.14986111827660353,0.11132842224401733,0.07208431433886289,0.1821829304099083,0.18869462739676238,0.154193829074502,0.27758821949362755,0.28050472556302947,0.2625884451717138,0.31150515370070936,0.31109602538247905,0.24852196350693703,0.4163283509016037,0.9610231151183446,0.9064198970794678,0.9906769526004792,0.04327772775044044,0.029553378000855446,0.08240235596895218,0.20524467279513678,0.1674669086933136,0.34534043073654175,3.1121406157811484,2.777924060821533,3.456526279449463,2.232950747013092,2.0022850036621094,2.4636164903640747,0.835181122619801,0.6997195606551543,0.955080788132532,3.9537196159362793,3.7410123348236084
EuroSAT|GTSRB|MNIST|SVHN,4,0.14921672642230988,-0.05417153984308243,0.31017717719078064,1.9029437998930614,-0.30175352096557617,4.540358543395996,4.693577130635579,3.1738710403442383,6.473724842071533,0.6753960270117211,0.3805403055268588,0.9971632995665006,0.08034180807104956,7.933285673864252e-35,0.48118317127227783,1.5424360508625727e-17,0.0,9.2410176197256e-17,1.1134536695434072e-08,4.818098697789708e-11,1.9210904866895362e-08,0.132143753398365,0.112238151114434,0.1418509595328942,0.1719107598438859,0.09693386366590857,0.29366352178156374,0.25413975680867834,0.154193829074502,0.44572381138801576,0.2840449192623297,0.2625884451717138,0.2986823952943087,0.3854145677636067,0.28374452888965607,0.5269079574942589,0.9895105065902073,0.981047455072403,0.996018191576004,0.08357958495616913,0.04183889180421829,0.20587389171123505,0.40993593136469525,0.1674669086933136,1.1189169883728027,2.9475181102752686,2.777924060821533,3.177229166030884,2.169390618801117,2.0022850036621094,2.3364962339401245,0.8734727469711693,0.7711009682042479,0.955080788132532,3.954932451248169,3.729391098022461
EuroSAT|GTSRB|RESISC45|SUN397,4,0.3700316647688548,0.25925928354263306,0.6256892681121826,5.379011273384094,1.8147544860839844,14.377900123596191,4.4965501228968305,2.9434430599212646,5.904454708099365,0.6077495825782994,0.3816228552457678,0.912613935453224,4.176325281453804e-06,1.6258160199233583e-35,2.1029531126259826e-05,4.1762287644930408e-22,0.0,2.1029221265860256e-21,3.1401545975741813e-10,1.663955952191376e-11,5.903146860219977e-10,0.15175857836846263,0.12772368736565112,0.2126410680450499,0.1318599475733936,0.08348516307771206,0.2139637750387192,0.20685516556104022,0.1674599479138851,0.2759271061420441,0.3069835674141844,0.2780163299292326,0.36677558049559594,0.3432018691798051,0.2733678859472275,0.4538117241859436,0.9735362311204274,0.9459702277183533,0.9906769526004792,0.042339483896891274,0.030994880944490433,0.06742799282073975,0.21704449007908502,0.1674669086933136,0.3320666551589966,3.1757468382517495,2.777924060821533,3.5466411113739014,2.278867721557617,2.0022850036621094,2.555450439453125,0.8225534142031421,0.6997195606551543,0.9226592622244211,3.9554407596588135,3.754448175430298
EuroSAT|GTSRB|RESISC45|SVHN,4,0.2870821791390578,-0.05417153984308243,0.6256892681121826,4.61821981271108,-0.30175352096557617,14.377900123596191,4.622883319854736,3.426983594894409,5.938143730163574,0.605103321226444,0.3805403055268588,0.9971632995665006,0.00010624387421861077,1.6258160199233583e-35,0.0005344187375158072,2.0403992012738533e-20,0.0,1.02663518398973e-19,9.623583668676161e-09,1.663955952191376e-11,1.9210904866895362e-08,0.13702850680255022,0.12038540591951459,0.16373263630550355,0.1409968367125839,0.08260847676545381,0.21858177632093428,0.20938851678123074,0.16246098831295966,0.30598826706409454,0.2898231412967046,0.27317810960114003,0.3213991506397724,0.34880088157951833,0.2684167686104775,0.4538117241859436,0.9836522787809372,0.9645807147026062,0.9931578612327576,0.05137523946662744,0.031935255974531174,0.08575654774904251,0.24934703360001245,0.1674669086933136,0.4107193350791931,3.0654422442118325,2.777924060821533,3.3819963932037354,2.215307593345642,2.0022850036621094,2.428330183029175,0.8619820692823112,0.7711009682042479,0.9487407662232592,3.970317840576172,3.7543673515319824
EuroSAT|GTSRB|SUN397|SVHN,4,0.23257172231872877,-0.05417153984308243,0.3524484634399414,2.8694705963134766,-0.30175352096557617,5.653128623962402,4.528035322825114,2.9434430599212646,5.938143730163574,0.6666883557016204,0.3805403055268588,0.9971632995665006,0.0007818370804670849,7.933285673864252e-35,0.004135574214160442,1.4985844765989243e-19,0.0,7.943842454337955e-19,9.80374803098242e-09,4.818098697789708e-11,1.9210904866895362e-08,0.13432188077208898,0.11790631861425936,0.14986111827660353,0.12094208880948525,0.07275213036686182,0.21858177632093428,0.19545178545018038,0.1550316686183214,0.30598826706409454,0.2887783755362034,0.27490638799965383,0.31150515370070936,0.3219528380284707,0.2503929418325424,0.45275611519813536,0.9652726572751998,0.9209307038784027,0.9931578612327576,0.04333949958284696,0.02481331303715706,0.08575654774904251,0.22099832942088446,0.1674669086933136,0.4107193350791931,3.22086771329244,2.777924060821533,3.664043426513672,2.310804843902588,2.0022850036621094,2.6193246841430664,0.8158365352583474,0.6997195606551543,0.9226592622244211,3.949683427810669,3.751035213470459
EuroSAT|MNIST|RESISC45|SUN397,4,0.2667689447601636,0.06980869174003601,0.6256892681121826,4.378625611464183,0.45159661769866943,14.377900123596191,4.751773913701375,3.4703574180603027,6.473724842071533,0.6260482114206553,0.40331823566377106,0.9644963272761083,0.0004280516800084418,1.6258160199233583e-35,0.002513329265639186,4.280164404152959e-20,0.0,2.5131204915190605e-19,3.476880095464041e-09,1.663955952191376e-11,6.559691012597568e-09,0.14399317564209924,0.112238151114434,0.2126410680450499,0.12422209579808018,0.07208431433886289,0.2139637750387192,0.20000635844965775,0.154193829074502,0.2759271061420441,0.29893257475147644,0.2625884451717138,0.36677558049559594,0.32947838986913364,0.24852196350693703,0.4538117241859436,0.960041068593661,0.9064198970794678,0.9886432695388794,0.0417089123899738,0.029553378000855446,0.06742799282073975,0.22482151786486307,0.1770075261592865,0.3320666551589966,3.259603261947632,2.955454111099243,3.5466411113739014,2.3436294198036194,2.1318084001541138,2.555450439453125,0.8619369182292038,0.758372661829909,0.955080788132532,3.972702741622925,3.7712953090667725
EuroSAT|MNIST|RESISC45|SVHN,4,0.24858264873425165,0.08685711771249771,0.6256892681121826,4.001030206680298,0.6342649459838867,14.377900123596191,4.759838263193767,3.2442848682403564,6.473724842071533,0.6058149480062117,0.3805403055268588,0.9435236790138564,0.08022286136232044,1.6258160199233583e-35,0.48118317127227783,1.5405838605149768e-17,0.0,9.2410176197256e-17,1.1130664609044124e-08,1.663955952191376e-11,1.9210904866895362e-08,0.13176535601494835,0.112238151114434,0.16373263630550355,0.1477727506371836,0.08191766545176506,0.29366352178156374,0.22737466103086867,0.154193829074502,0.44572381138801576,0.28504432274649544,0.2625884451717138,0.3213991506397724,0.35157702972491583,0.2659945370256901,0.5269079574942589,0.979400428533554,0.9540328478813171,0.996018191576004,0.07133069572349389,0.031935255974531174,0.20587389171123505,0.37464245905478794,0.18818528950214386,1.1189169883728027,3.1144341627756753,2.955454111099243,3.3819963932037354,2.2800692915916443,2.1318084001541138,2.428330183029175,0.9029692512863039,0.8357375249723454,0.955080788132532,3.9695279598236084,3.7578248977661133
EuroSAT|MNIST|SUN397|SVHN,4,0.18455897147456804,0.06980869174003601,0.3524484634399414,2.265502691268921,0.45159661769866943,5.653128623962402,4.680282950401306,3.14501953125,6.473724842071533,0.6700113809829945,0.3805403055268588,0.9644963272761083,0.08130534579201291,1.5938654635784094e-33,0.48118317127227783,1.5575978748640283e-17,0.0,9.2410176197256e-17,1.1218869204003093e-08,5.903146860219977e-10,1.9210904866895362e-08,0.1291935500805266,0.112238151114434,0.14986111827660353,0.1272856712465485,0.07208431433886289,0.29366352178156374,0.2142520589505633,0.154193829074502,0.44572381138801576,0.2844875656689207,0.2625884451717138,0.31150515370070936,0.323767280826966,0.24852196350693703,0.5269079574942589,0.9585233585039775,0.9064198970794678,0.996018191576004,0.06280688103288412,0.02481331303715706,0.20587389171123505,0.34337309499581653,0.1698397994041443,1.1189169883728027,3.268712321917216,2.955454111099243,3.664043426513672,2.37556654214859,2.1318084001541138,2.6193246841430664,0.8542840565138152,0.758372661829909,0.955080788132532,3.95619797706604,3.7567942142486572
EuroSAT|RESISC45|SUN397|SVHN,4,0.35500115404526394,0.19419099390506744,0.6256892681121826,5.274990797042847,1.1852855682373047,14.377900123596191,4.525434931119283,3.14501953125,5.938143730163574,0.6068365229716896,0.3805403055268588,0.9100251231069062,0.0007069812425394654,1.6258160199233583e-35,0.004135574214160442,1.3574525433928898e-19,0.0,7.943842454337955e-19,9.799379508367012e-09,1.663955952191376e-11,1.9210904866895362e-08,0.15079397388656313,0.11790631861425936,0.2126410680450499,0.12788442326399188,0.07275213036686182,0.2139637750387192,0.203031775628527,0.1550316686183214,0.2759271061420441,0.30648854116598767,0.27317810960114003,0.36677558049559594,0.33466761372983456,0.2503929418325424,0.4538117241859436,0.9649699461460113,0.9209307038784027,0.9931578612327576,0.040343993032972016,0.02481331303715706,0.06742799282073975,0.2291239226857821,0.1698397994041443,0.3320666551589966,3.3683180014292398,3.0469510555267334,3.664043426513672,2.4214835166931152,2.223642349243164,2.6193246841430664,0.8653477722060133,0.758372661829909,0.9487407662232592,3.9747462272644043,3.787572145462036
GTSRB|MNIST|RESISC45|SUN397,4,0.20662393793463707,0.06980869174003601,0.3761393129825592,1.643565982580185,0.45159661769866943,3.6143712997436523,3.5596402883529663,2.9434430599212646,4.282975196838379,0.8052576795530287,0.637006133285217,0.9644963272761083,0.00048716297855359397,3.798436409852002e-07,0.002513329265639186,4.8712351096494893e-20,3.7984103814829505e-23,2.5131204915190605e-19,3.481413552118099e-09,5.0223193659437726e-11,6.558941390011341e-09,0.13730284053211408,0.11228315519168973,0.2126410680450499,0.11334942643841107,0.07208431433886289,0.1821829304099083,0.19711488215873638,0.1564513859897852,0.27758821949362755,0.2903498348593712,0.26325097121298313,0.36677558049559594,0.31527181987961134,0.24852196350693703,0.4163283509016037,0.9610167866945267,0.9064198970794678,0.9860091483592988,0.043812013852099575,0.029553378000855446,0.08240235596895218,0.2232154831290245,0.17090266942977905,0.34534043073654175,3.2074689865112305,2.7927284240722656,3.5466411113739014,2.3033575415611267,2.0512646436691284,2.555450439453125,0.8284954948778399,0.6997195606551543,0.9223212853325121,3.9572672843933105,3.7579641342163086
GTSRB|MNIST|RESISC45|SVHN,4,0.13935292263825735,-0.05417153984308243,0.2852301299571991,1.1345657010873158,-0.30175352096557617,2.4942092895507812,3.626965324083964,3.1738710403442383,4.282975196838379,0.8053866951213992,0.6351991377107851,0.9971632995665006,0.0803675375285972,3.798436409852002e-07,0.48118317127227783,1.5428509411583467e-17,3.7984103814829505e-23,9.2410176197256e-17,1.1134580115562676e-08,5.0223193659437726e-11,1.920987280357167e-08,0.1289288337326919,0.11228315519168973,0.1418509595328942,0.15827981599917015,0.08191766545176506,0.29366352178156374,0.2531371662641565,0.1564513859897852,0.44572381138801576,0.28168016493320464,0.26325097121298313,0.2986823952943087,0.36924565943578874,0.2659945370256901,0.5269079574942589,0.9782012778520585,0.9540328478813171,0.996018191576004,0.08012014130751292,0.031935255974531174,0.20587389171123505,0.40426310151815414,0.17090266942977905,1.1189169883728027,3.0513753096262612,2.7927284240722656,3.3819963932037354,2.2397974133491516,2.0512646436691284,2.428330183029175,0.8685305853360495,0.7711009682042479,0.9487407662232592,3.955444097518921,3.742490530014038
GTSRB|MNIST|SUN397|SVHN,4,0.12707224612434706,-0.05417153984308243,0.29647648334503174,0.776700089375178,-0.30175352096557617,1.8147544860839844,3.2339932521184287,2.9434430599212646,3.4703574180603027,0.9456716919116945,0.9100251231069062,0.9971632995665006,0.08145346357287053,2.1029531126259826e-05,0.48118317127227783,1.559899371141111e-17,2.1029221265860256e-21,9.2410176197256e-17,1.121693467739012e-08,5.887981213703597e-10,1.9205680601430686e-08,0.12868742232831817,0.11320292491931468,0.1418509595328942,0.1537916393826405,0.07208431433886289,0.29366352178156374,0.25166294975827136,0.1550316686183214,0.44572381138801576,0.2830885946750641,0.26807614728808404,0.2986823952943087,0.36137920248011746,0.24852196350693703,0.5269079574942589,0.9575527409712473,0.9064198970794678,0.996018191576004,0.07689194784810145,0.02481331303715706,0.20587389171123505,0.39929072310527164,0.1698397994041443,1.1189169883728027,3.1987058321634927,2.7927284240722656,3.664043426513672,2.3352946639060974,2.0512646436691284,2.6193246841430664,0.8214246713917647,0.6997195606551543,0.9074292336640066,3.936215400695801,3.739562749862671
GTSRB|RESISC45|SUN397|SVHN,4,0.226187443981568,-0.05417153984308243,0.3761393129825592,1.8467369476954143,-0.30175352096557617,3.6143712997436523,3.4647502501805625,2.9434430599212646,3.8478169441223145,0.7983348982123699,0.6351991377107851,0.9971632995665006,0.0007996192612533074,3.798436409852002e-07,0.004135574214160442,1.5321265844418463e-19,3.7984103814829505e-23,7.943842454337955e-19,9.803853309037214e-09,5.0223193659437726e-11,1.920987280357167e-08,0.14156278538828096,0.11790631861425936,0.2126410680450499,0.11964233864719669,0.07275213036686182,0.21858177632093428,0.2023241378987829,0.1550316686183214,0.30598826706409454,0.29551493799934786,0.27317810960114003,0.36677558049559594,0.32205864891409874,0.2503929418325424,0.45275611519813536,0.9662718747059503,0.9209307038784027,0.9875193095207214,0.04271337576210499,0.02481331303715706,0.08575654774904251,0.23236257831255594,0.1698397994041443,0.4107193350791931,3.316399614016215,2.9927539825439453,3.664043426513672,2.3812116384506226,2.1430985927581787,2.6193246841430664,0.8334446981915419,0.6997195606551543,0.9487407662232592,3.9562196731567383,3.770249366760254
MNIST|RESISC45|SUN397|SVHN,4,0.18712995822230974,0.06980869174003601,0.3761393129825592,1.53513236840566,0.45159661769866943,3.6143712997436523,3.594645897547404,3.14501953125,4.282975196838379,0.804077693559618,0.6351991377107851,0.9644963272761083,0.08133162003844063,3.6485769214777974e-06,0.48118317127227783,1.5580182126085434e-17,3.648310282949693e-22,9.2410176197256e-17,1.1218509177179925e-08,5.899362109929029e-10,1.920987280357167e-08,0.13635572734832144,0.11228315519168973,0.2126410680450499,0.12878801146522165,0.07208431433886289,0.29366352178156374,0.2217078780879577,0.1550316686183214,0.44572381138801576,0.2908115986486276,0.26325097121298313,0.36677558049559594,0.32709702049692474,0.24852196350693703,0.5269079574942589,0.9545321396986642,0.9064198970794678,0.996018191576004,0.06208806702246269,0.02481331303715706,0.20587389171123505,0.35434526950120926,0.1698397994041443,1.1189169883728027,3.362363576889038,2.9659740924835205,3.664043426513672,2.4459733366966248,2.272621989250183,2.6193246841430664,0.8847484203572752,0.7940403275337093,0.9487407662232592,3.9645605087280273,3.7771008014678955
