tasks,k,act_cosine,agg_min_act_cosine,agg_max_act_cosine,act_dot,agg_min_act_dot,agg_max_act_dot,act_l2,agg_min_act_l2,agg_max_act_l2,act_magnitude_ratio,agg_min_act_magnitude_ratio,agg_max_act_magnitude_ratio,grad_cosine,agg_min_grad_cosine,agg_max_grad_cosine,grad_dot,agg_min_grad_dot,agg_max_grad_dot,grad_l2,agg_min_grad_l2,agg_max_grad_l2,sub_interact_bot,agg_min_sub_interact_bot,agg_max_sub_interact_bot,sub_interact_top,agg_min_sub_interact_top,agg_max_sub_interact_top,sub_left_top,agg_min_sub_left_top,agg_max_sub_left_top,sub_right_bot,agg_min_sub_right_bot,agg_max_sub_right_bot,sub_right_top,agg_min_sub_right_top,agg_max_sub_right_top,sub_sv_overlap,agg_min_sub_sv_overlap,agg_max_sub_sv_overlap,tv_cosine,agg_min_tv_cosine,agg_max_tv_cosine,tv_dot,agg_min_tv_dot,agg_max_tv_dot,tv_l2,agg_min_tv_l2,agg_max_tv_l2,tv_norm_mean,agg_min_tv_norm_mean,agg_max_tv_norm_mean,tv_norm_ratio,agg_min_tv_norm_ratio,agg_max_tv_norm_ratio,eff_rank_global,eff_rank_layerwise
Cars|DTD,2,0.4401797652244568,0.4401797652244568,0.4401797652244568,1.7882204055786133,1.7882204055786133,1.7882204055786133,2.146897315979004,2.146897315979004,2.146897315979004,0.8850457360602333,0.8850457360602333,0.8850457360602333,-0.013506595976650715,-0.013506595976650715,-0.013506595976650715,-3474.403564453125,-3474.403564453125,-3474.403564453125,740.1087036132812,740.1087036132812,740.1087036132812,0.16898704293183983,0.16898704293183983,0.16898704293183983,0.10747514717280865,0.10747514717280865,0.10747514717280865,0.18663731180131435,0.18663731180131435,0.18663731180131435,0.3259086299687624,0.3259086299687624,0.3259086299687624,0.3047768068313599,0.3047768068313599,0.3047768068313599,0.9963883805274963,0.9963883805274963,0.9963883805274963,0.03282778710126877,0.03282778710126877,0.03282778710126877,0.19501541554927826,0.19501541554927826,0.19501541554927826,3.3997128009796143,3.3997128009796143,3.3997128009796143,2.44054114818573,2.44054114818573,2.44054114818573,0.9024110270416538,0.9024110270416538,0.9024110270416538,1.9977645874023438,1.9387860298156738
Cars|EuroSAT,2,0.3228403925895691,0.3228403925895691,0.3228403925895691,3.474607467651367,3.474607467651367,3.474607467651367,4.782921314239502,4.782921314239502,4.782921314239502,0.4264884837384205,0.4264884837384205,0.4264884837384205,1.5623604632253318e-09,1.5623604632253318e-09,1.5623604632253318e-09,6.765468990154594e-15,6.765468990154594e-15,6.765468990154594e-15,433.0490417480469,433.0490417480469,433.0490417480469,0.12213824848178774,0.12213824848178774,0.12213824848178774,0.0805885361880064,0.0805885361880064,0.0805885361880064,0.16340567015111446,0.16340567015111446,0.16340567015111446,0.2808624716103077,0.2808624716103077,0.2808624716103077,0.26431172996759417,0.26431172996759417,0.26431172996759417,0.9690770494937897,0.9690770494937897,0.9690770494937897,0.028171755373477936,0.028171755373477936,0.028171755373477936,0.15054944157600403,0.15054944157600403,0.15054944157600403,3.257267475128174,3.257267475128174,3.257267475128174,2.3242818117141724,2.3242818117141724,2.3242818117141724,0.8117864359076528,0.8117864359076528,0.8117864359076528,1.9907958507537842,1.925270915031433
Cars|GTSRB,2,0.33864811062812805,0.33864811062812805,0.33864811062812805,1.3353708982467651,1.3353708982467651,1.3353708982467651,2.3036723136901855,2.3036723136901855,2.3036723136901855,0.8590690248500855,0.8590690248500855,0.8590690248500855,-0.02387833595275879,-0.02387833595275879,-0.02387833595275879,-2181.398193359375,-2181.398193359375,-2181.398193359375,486.2933349609375,486.2933349609375,486.2933349609375,0.12614815718028694,0.12614815718028694,0.12614815718028694,0.08425802771002054,0.08425802771002054,0.08425802771002054,0.16625771507620812,0.16625771507620812,0.16625771507620812,0.27887945041060447,0.27887945041060447,0.27887945041060447,0.2751843988895416,0.2751843988895416,0.2751843988895416,0.9743295979499816,0.9743295979499816,0.9743295979499816,0.03436148166656494,0.03436148166656494,0.03436148166656494,0.1694255918264389,0.1694255918264389,0.1694255918264389,3.1516969203948975,3.1516969203948975,3.1516969203948975,2.243738055229187,2.243738055229187,2.243738055229187,0.7490022740383472,0.7490022740383472,0.7490022740383472,1.9774025678634644,1.9147498607635498
Cars|MNIST,2,0.17312249541282654,0.17312249541282654,0.17312249541282654,0.535938560962677,0.535938560962677,0.535938560962677,2.367720127105713,2.367720127105713,2.367720127105713,0.674429281316554,0.674429281316554,0.674429281316554,-0.016186676919460297,-0.016186676919460297,-0.016186676919460297,-0.24290117621421814,-0.24290117621421814,-0.24290117621421814,433.0496520996094,433.0496520996094,433.0496520996094,0.10976220468524843,0.10976220468524843,0.10976220468524843,0.08107058010995388,0.08107058010995388,0.08107058010995388,0.16568135023117064,0.16568135023117064,0.16568135023117064,0.26106827825307843,0.26106827825307843,0.26106827825307843,0.2650840440392494,0.2650840440392494,0.2650840440392494,0.937934502363205,0.937934502363205,0.937934502363205,0.033546414226293564,0.033546414226293564,0.033546414226293564,0.1877029538154602,0.1877029538154602,0.1877029538154602,3.3119091987609863,3.3119091987609863,3.3119091987609863,2.3732614517211914,2.3732614517211914,2.3732614517211914,0.8499662499702643,0.8499662499702643,0.8499662499702643,1.9940177202224731,1.9299826622009277
Cars|RESISC45,2,0.41154617071151733,0.41154617071151733,0.41154617071151733,2.5338833332061768,2.5338833332061768,2.5338833332061768,2.78945255279541,2.78945255279541,2.78945255279541,0.7455164690790885,0.7455164690790885,0.7455164690790885,-0.013149152509868145,-0.013149152509868145,-0.013149152509868145,-2086.5517578125,-2086.5517578125,-2086.5517578125,570.4490356445312,570.4490356445312,570.4490356445312,0.17789991225581617,0.17789991225581617,0.17789991225581617,0.12016835633665324,0.12016835633665324,0.12016835633665324,0.18599085412919522,0.18599085412919522,0.18599085412919522,0.33323095068335534,0.33323095068335534,0.33323095068335534,0.3223198503255844,0.3223198503255844,0.3223198503255844,0.9953210353851318,0.9953210353851318,0.9953210353851318,0.03074871376156807,0.03074871376156807,0.03074871376156807,0.18653911352157593,0.18653911352157593,0.18653911352157593,3.43625807762146,3.43625807762146,3.43625807762146,2.4650954008102417,2.4650954008102417,2.4650954008102417,0.9215511595439732,0.9215511595439732,0.9215511595439732,1.99846613407135,1.9419525861740112
Cars|SUN397,2,0.47828248143196106,0.47828248143196106,0.47828248143196106,2.100857734680176,2.100857734680176,2.100857734680176,2.1428487300872803,2.1428487300872803,2.1428487300872803,0.9569449615996927,0.9569449615996927,0.9569449615996927,0.04888354614377022,0.04888354614377022,0.04888354614377022,14705.7080078125,14705.7080078125,14705.7080078125,800.3876342773438,800.3876342773438,800.3876342773438,0.21690386246889828,0.21690386246889828,0.21690386246889828,0.15567668557167053,0.15567668557167053,0.15567668557167053,0.20340888559818268,0.20340888559818268,0.20340888559818268,0.36886436238884923,0.36886436238884923,0.36886436238884923,0.3718743270635605,0.3718743270635605,0.3718743270635605,0.9923281753063202,0.9923281753063202,0.9923281753063202,0.030238162726163864,0.030238162726163864,0.030238162726163864,0.2130778431892395,0.2130778431892395,0.2130778431892395,3.702666759490967,3.702666759490967,3.702666759490967,2.6560899019241333,2.6560899019241333,2.6560899019241333,0.9342021845708445,0.9342021845708445,0.9342021845708445,1.9981024265289307,1.9476664066314697
Cars|SVHN,2,0.24100174009799957,0.24100174009799957,0.24100174009799957,1.3701467514038086,1.3701467514038086,1.3701467514038086,2.981843948364258,2.981843948364258,2.981843948364258,0.8073805370290107,0.8073805370290107,0.8073805370290107,0.026219045743346214,0.026219045743346214,0.026219045743346214,1382.39208984375,1382.39208984375,1382.39208984375,446.7848205566406,446.7848205566406,446.7848205566406,0.1069584134966135,0.1069584134966135,0.1069584134966135,0.07086245819926262,0.07086245819926262,0.07086245819926262,0.15941245667636395,0.15941245667636395,0.15941245667636395,0.26173085197806356,0.26173085197806356,0.26173085197806356,0.24886576309800149,0.24886576309800149,0.24886576309800149,0.9492643785476684,0.9492643785476684,0.9492643785476684,0.02540505677461624,0.02540505677461624,0.02540505677461624,0.16244852542877197,0.16244852542877197,0.16244852542877197,3.532566547393799,3.532566547393799,3.532566547393799,2.528969645500183,2.528969645500183,2.528969645500183,0.9713413741168494,0.9713413741168494,0.9713413741168494,1.99973464012146,1.9424235820770264
DTD|EuroSAT,2,0.44530826807022095,0.44530826807022095,0.44530826807022095,4.241743564605713,4.241743564605713,4.241743564605713,4.510810375213623,4.510810375213623,4.510810375213623,0.3774618140114832,0.3774618140114832,0.3774618140114832,2.514885188986682e-09,2.514885188986682e-09,2.514885188986682e-09,1.4938283222172208e-14,1.4938283222172208e-14,1.4938283222172208e-14,594.0084228515625,594.0084228515625,594.0084228515625,0.1494294590363279,0.1494294590363279,0.1494294590363279,0.11567817397415638,0.11567817397415638,0.11567817397415638,0.20610710225999354,0.20610710225999354,0.20610710225999354,0.30773391894996166,0.30773391894996166,0.30773391894996166,0.32891391068696973,0.32891391068696973,0.32891391068696973,0.9728237581253052,0.9728237581253052,0.9728237581253052,0.040233127772808075,0.040233127772808075,0.040233127772808075,0.1940230429172516,0.1940230429172516,0.1940230429172516,3.0532758235931396,3.0532758235931396,3.0532758235931396,2.1990880966186523,2.1990880966186523,2.1990880966186523,0.8995750401775422,0.8995750401775422,0.8995750401775422,1.9964407682418823,1.9293714761734009
DTD|GTSRB,2,0.35980767011642456,0.35980767011642456,0.35980767011642456,1.2557101249694824,1.2557101249694824,1.2557101249694824,2.114609718322754,2.114609718322754,2.114609718322754,0.9706493007629384,0.9706493007629384,0.9706493007629384,-0.004221810959279537,-0.004221810959279537,-0.004221810959279537,-529.10205078125,-529.10205078125,-529.10205078125,630.7442626953125,630.7442626953125,630.7442626953125,0.12602454867679624,0.12602454867679624,0.12602454867679624,0.08343543116003276,0.08343543116003276,0.08343543116003276,0.17398679494857788,0.17398679494857788,0.17398679494857788,0.28015341304242614,0.28015341304242614,0.28015341304242614,0.27399821430444715,0.27399821430444715,0.27399821430444715,0.9806841325759887,0.9806841325759887,0.9806841325759887,0.040063027292490005,0.040063027292490005,0.040063027292490005,0.17826057970523834,0.17826057970523834,0.17826057970523834,2.951887845993042,2.951887845993042,2.951887845993042,2.118544340133667,2.118544340133667,2.118544340133667,0.830001242885715,0.830001242885715,0.830001242885715,1.9873297214508057,1.919098138809204
DTD|MNIST,2,0.24247559905052185,0.24247559905052185,0.24247559905052185,0.6643475294113159,0.6643475294113159,0.6643475294113159,2.0867741107940674,2.0867741107940674,2.0867741107940674,0.7620276035889003,0.7620276035889003,0.7620276035889003,-0.09361457824707031,-0.09361457824707031,-0.09361457824707031,-1.9269087314605713,-1.9269087314605713,-1.9269087314605713,594.0116577148438,594.0116577148438,594.0116577148438,0.11883537785615772,0.11883537785615772,0.11883537785615772,0.07638619754463434,0.07638619754463434,0.07638619754463434,0.16245963543653488,0.16245963543653488,0.16245963543653488,0.2711743202060461,0.2711743202060461,0.2711743202060461,0.25994367986917494,0.25994367986917494,0.25994367986917494,0.9438604724407196,0.9438604724407196,0.9438604724407196,0.03787250444293022,0.03787250444293022,0.03787250444293022,0.1912289261817932,0.1912289261817932,0.1912289261817932,3.122396945953369,3.122396945953369,3.122396945953369,2.2480677366256714,2.2480677366256714,2.2480677366256714,0.9418837142944523,0.9418837142944523,0.9418837142944523,1.9982374906539917,1.9291541576385498
DTD|RESISC45,2,0.6163449883460999,0.6163449883460999,0.6163449883460999,3.3585941791534424,3.3585941791534424,3.3585941791534424,2.266488552093506,2.266488552093506,2.266488552093506,0.6598161721211281,0.6598161721211281,0.6598161721211281,0.04073449969291687,0.04073449969291687,0.04073449969291687,8866.283203125,8866.283203125,8866.283203125,685.7049560546875,685.7049560546875,685.7049560546875,0.19292636050842701,0.19292636050842701,0.19292636050842701,0.14969722844660283,0.14969722844660283,0.14969722844660283,0.23710623785853385,0.23710623785853385,0.23710623785853385,0.34578945353627205,0.34578945353627205,0.34578945353627205,0.36973382383584974,0.36973382383584974,0.36973382383584974,0.9975350964069366,0.9975350964069366,0.9975350964069366,0.04317259415984154,0.04317259415984154,0.04317259415984154,0.23634956777095795,0.23634956777095795,0.23634956777095795,3.239434242248535,3.239434242248535,3.239434242248535,2.3399016857147217,2.3399016857147217,2.3399016857147217,0.9792305263749103,0.9792305263749103,0.9792305263749103,1.9992581605911255,1.940104365348816
DTD|SUN397,2,0.6515501737594604,0.6515501737594604,0.6515501737594604,2.532944679260254,2.532944679260254,2.532944679260254,1.6531705856323242,1.6531705856323242,1.6531705856323242,0.9248658716805741,0.9248658716805741,0.9248658716805741,0.015553670935332775,0.015553670935332775,0.015553670935332775,6418.080078125,6418.080078125,6418.080078125,906.9490356445312,906.9490356445312,906.9490356445312,0.20414578802883626,0.20414578802883626,0.20414578802883626,0.15172530338168144,0.15172530338168144,0.15172530338168144,0.23128976091742515,0.23128976091742515,0.23128976091742515,0.361755493208766,0.361755493208766,0.361755493208766,0.37543524652719495,0.37543524652719495,0.37543524652719495,0.9900158143043518,0.9900158143043518,0.9900158143043518,0.03775812312960625,0.03775812312960625,0.03775812312960625,0.24010255932807922,0.24010255932807922,0.24010255932807922,3.524479627609253,3.524479627609253,3.524479627609253,2.5308961868286133,2.5308961868286133,2.5308961868286133,0.8430343528431323,0.8430343528431323,0.8430343528431323,1.9932246208190918,1.9414197206497192
DTD|SVHN,2,0.3618159294128418,0.3618159294128418,0.3618159294128418,1.820540189743042,1.820540189743042,1.820540189743042,2.644986391067505,2.644986391067505,2.644986391067505,0.7145687016755472,0.7145687016755472,0.7145687016755472,0.027288692072033882,0.027288692072033882,0.027288692072033882,1973.5589599609375,1973.5589599609375,1973.5589599609375,603.083740234375,603.083740234375,603.083740234375,0.12877951596863568,0.12877951596863568,0.12877951596863568,0.07921740069985389,0.07921740069985389,0.07921740069985389,0.16498674765229226,0.16498674765229226,0.16498674765229226,0.28400662980973723,0.28400662980973723,0.28400662980973723,0.2663831290602684,0.2663831290602684,0.2663831290602684,0.9559284889698029,0.9559284889698029,0.9559284889698029,0.031521961092948914,0.031521961092948914,0.031521961092948914,0.1818915158510208,0.1818915158510208,0.1818915158510208,3.3487086296081543,3.3487086296081543,3.3487086296081543,2.403775930404663,2.403775930404663,2.403775930404663,0.9290359199021377,0.9290359199021377,0.9290359199021377,1.9983799457550049,1.9378066062927246
EuroSAT|GTSRB,2,0.35259509086608887,0.35259509086608887,0.35259509086608887,3.2600347995758057,3.2600347995758057,3.2600347995758057,4.70136833190918,4.70136833190918,4.70136833190918,0.3663830458349565,0.3663830458349565,0.3663830458349565,9.376869281041422e-10,9.376869281041422e-10,9.376869281041422e-10,1.978135969303986e-15,1.978135969303986e-15,1.978135969303986e-15,210.9568634033203,210.9568634033203,210.9568634033203,0.12772368736565112,0.12772368736565112,0.12772368736565112,0.12255326576530934,0.12255326576530934,0.12255326576530934,0.17185356855392456,0.17185356855392456,0.17185356855392456,0.2780163299292326,0.2780163299292326,0.2780163299292326,0.3221637919545174,0.3221637919545174,0.3221637919545174,0.9906769526004792,0.9906769526004792,0.9906769526004792,0.04183889180421829,0.04183889180421829,0.04183889180421829,0.1674669086933136,0.1674669086933136,0.1674669086933136,2.777924060821533,2.777924060821533,2.777924060821533,2.0022850036621094,2.0022850036621094,2.0022850036621094,0.9226592622244211,0.9226592622244211,0.9226592622244211,1.9966390132904053,1.9149161577224731
EuroSAT|MNIST,2,0.23382391035556793,0.23382391035556793,0.23382391035556793,1.6972399950027466,1.6972399950027466,1.6972399950027466,4.891705513000488,4.891705513000488,4.891705513000488,0.28763632157748975,0.28763632157748975,0.28763632157748975,-5.730514729407332e-09,-5.730514729407332e-09,-5.730514729407332e-09,-1.9857359823493924e-18,-1.9857359823493924e-18,-1.9857359823493924e-18,0.03465200960636139,0.03465200960636139,0.03465200960636139,0.112238151114434,0.112238151114434,0.112238151114434,0.09693386366590857,0.09693386366590857,0.09693386366590857,0.154193829074502,0.154193829074502,0.154193829074502,0.2625884451717138,0.2625884451717138,0.2625884451717138,0.28374452888965607,0.28374452888965607,0.28374452888965607,0.9886432695388794,0.9886432695388794,0.9886432695388794,0.04192465916275978,0.04192465916275978,0.04192465916275978,0.19043058156967163,0.19043058156967163,0.19043058156967163,2.955454111099243,2.955454111099243,2.955454111099243,2.1318084001541138,2.1318084001541138,2.1318084001541138,0.955080788132532,0.955080788132532,0.955080788132532,1.9987069368362427,1.9219061136245728
EuroSAT|RESISC45,2,0.7188688516616821,0.7188688516616821,0.7188688516616821,10.377920150756836,10.377920150756836,10.377920150756836,3.5690696239471436,3.5690696239471436,3.5690696239471436,0.5720711767310083,0.5720711767310083,0.5720711767310083,-4.796036012777449e-09,-4.796036012777449e-09,-4.796036012777449e-09,-1.7574037995790777e-14,-1.7574037995790777e-14,-1.7574037995790777e-14,366.4283447265625,366.4283447265625,366.4283447265625,0.16373263630550355,0.16373263630550355,0.16373263630550355,0.2139637750387192,0.2139637750387192,0.2139637750387192,0.2759271061420441,0.2759271061420441,0.2759271061420441,0.3213991506397724,0.3213991506397724,0.3213991506397724,0.4538117241859436,0.4538117241859436,0.4538117241859436,0.9799696862697601,0.9799696862697601,0.9799696862697601,0.06742799282073975,0.06742799282073975,0.06742799282073975,0.3320666551589966,0.3320666551589966,0.3320666551589966,3.0469510555267334,3.0469510555267334,3.0469510555267334,2.223642349243164,2.223642349243164,2.223642349243164,0.8808913401067857,0.8808913401067857,0.8808913401067857,1.994881272315979,1.9286739826202393
EuroSAT|SUN397,2,0.45105504989624023,0.45105504989624023,0.45105504989624023,4.64552116394043,4.64552116394043,4.64552116394043,4.488625526428223,4.488625526428223,4.488625526428223,0.408126005693774,0.408126005693774,0.408126005693774,4.4765959827941515e-09,4.4765959827941515e-09,4.4765959827941515e-09,3.109784226461819e-14,3.109784226461819e-14,3.109784226461819e-14,694.6807250976562,694.6807250976562,694.6807250976562,0.14986111827660353,0.14986111827660353,0.14986111827660353,0.11073099620640278,0.11073099620640278,0.11073099620640278,0.20288641527295112,0.20288641527295112,0.20288641527295112,0.31150515370070936,0.31150515370070936,0.31150515370070936,0.3224496310949326,0.3224496310949326,0.3224496310949326,0.9459702277183533,0.9459702277183533,0.9459702277183533,0.030994880944490433,0.030994880944490433,0.030994880944490433,0.17730233073234558,0.17730233073234558,0.17730233073234558,3.3930468559265137,3.3930468559265137,3.3930468559265137,2.4146368503570557,2.4146368503570557,2.4146368503570557,0.758372661829909,0.758372661829909,0.758372661829909,1.9812132120132446,1.922912836074829
EuroSAT|SVHN,2,0.32396551966667175,0.32396551966667175,0.32396551966667175,4.318554878234863,4.318554878234863,4.318554878234863,4.862083911895752,4.862083911895752,4.862083911895752,0.5282372613387583,0.5282372613387583,0.5282372613387583,5.201169717139464e-09,5.201169717139464e-09,5.201169717139464e-09,6.332507252132611e-15,6.332507252132611e-15,6.332507252132611e-15,121.75211334228516,121.75211334228516,121.75211334228516,0.14023729615844785,0.14023729615844785,0.14023729615844785,0.11754920111969114,0.11754920111969114,0.11754920111969114,0.16949084527790548,0.16949084527790548,0.16949084527790548,0.2911668645590544,0.2911668645590544,0.2911668645590544,0.31058666214346886,0.31058666214346886,0.31058666214346886,0.9931578612327576,0.9931578612327576,0.9931578612327576,0.04368116334080696,0.04368116334080696,0.04368116334080696,0.22674134373664856,0.22674134373664856,0.22674134373664856,3.177229166030884,3.177229166030884,3.177229166030884,2.2875165939331055,2.2875165939331055,2.2875165939331055,0.8357375249723454,0.8357375249723454,0.8357375249723454,1.9914766550064087,1.9267897605895996
GTSRB|MNIST,2,0.08165492862462997,0.08165492862462997,0.08165492862462997,0.21715611219406128,0.21715611219406128,0.21715611219406128,2.245227813720703,2.245227813720703,2.245227813720703,0.7850699557398747,0.7850699557398747,0.7850699557398747,-0.02484152652323246,-0.02484152652323246,-0.02484152652323246,-0.18158882856369019,-0.18158882856369019,-0.18158882856369019,210.95765686035156,210.95765686035156,210.95765686035156,0.1290969348186627,0.1290969348186627,0.1290969348186627,0.1821829304099083,0.1821829304099083,0.1821829304099083,0.27758821949362755,0.27758821949362755,0.27758821949362755,0.27979112043976784,0.27979112043976784,0.27979112043976784,0.4163283509016037,0.4163283509016037,0.4163283509016037,0.981047455072403,0.981047455072403,0.981047455072403,0.08240235596895218,0.08240235596895218,0.08240235596895218,0.34534043073654175,0.34534043073654175,0.34534043073654175,2.7927284240722656,2.7927284240722656,2.7927284240722656,2.0512646436691284,2.0512646436691284,2.0512646436691284,0.8812141353430806,0.8812141353430806,0.8812141353430806,1.990122675895691,1.9174654483795166
GTSRB|RESISC45,2,0.3831973671913147,0.3831973671913147,0.3831973671913147,2.0268354415893555,2.0268354415893555,2.0268354415893555,2.7554538249969482,2.7554538249969482,2.7554538249969482,0.6404501061014516,0.6404501061014516,0.6404501061014516,-0.01791221834719181,-0.01791221834719181,-0.01791221834719181,-1384.6168212890625,-1384.6168212890625,-1384.6168212890625,425.3658447265625,425.3658447265625,425.3658447265625,0.1282410555332899,0.1282410555332899,0.1282410555332899,0.09072452526539564,0.09072452526539564,0.09072452526539564,0.1706103253364563,0.1706103253364563,0.1706103253364563,0.2811540328711271,0.2811540328711271,0.2811540328711271,0.2850702273845673,0.2850702273845673,0.2850702273845673,0.9860091483592988,0.9860091483592988,0.9860091483592988,0.03761158511042595,0.03761158511042595,0.03761158511042595,0.17090266942977905,0.17090266942977905,0.17090266942977905,2.9927539825439453,2.9927539825439453,2.9927539825439453,2.1430985927581787,2.1430985927581787,2.1430985927581787,0.8127625539628084,0.8127625539628084,0.8127625539628084,1.9863471984863281,1.9185532331466675
GTSRB|SUN397,2,0.4222641587257385,0.4222641587257385,0.4222641587257385,1.5933984518051147,1.5933984518051147,1.5933984518051147,2.09859561920166,2.09859561920166,2.09859561920166,0.8977204116462547,0.8977204116462547,0.8977204116462547,0.017926551401615143,0.017926551401615143,0.017926551401615143,2627.115234375,2627.115234375,2627.115234375,722.2451782226562,722.2451782226562,722.2451782226562,0.12835190468467772,0.12835190468467772,0.12835190468467772,0.08348516307771206,0.08348516307771206,0.08348516307771206,0.1674599479138851,0.1674599479138851,0.1674599479138851,0.28305115684866905,0.28305115684866905,0.28305115684866905,0.2733678859472275,0.2733678859472275,0.2733678859472275,0.9533808887004852,0.9533808887004852,0.9533808887004852,0.0329522006213665,0.0329522006213665,0.0329522006213665,0.17392025887966156,0.17392025887966156,0.17392025887966156,3.297163963317871,3.297163963317871,3.297163963317871,2.3340930938720703,2.3340930938720703,2.3340930938720703,0.6997195606551543,0.6997195606551543,0.6997195606551543,1.9634708166122437,1.9105329513549805
GTSRB|SVHN,2,0.1372099220752716,0.1372099220752716,0.1372099220752716,0.6701322793960571,0.6701322793960571,0.6701322793960571,3.0147647857666016,3.0147647857666016,3.0147647857666016,0.6935956106284505,0.6935956106284505,0.6935956106284505,0.016236495226621628,0.016236495226621628,0.016236495226621628,417.01904296875,417.01904296875,417.01904296875,241.906005859375,241.906005859375,241.906005859375,0.1418509595328942,0.1418509595328942,0.1418509595328942,0.21858177632093428,0.21858177632093428,0.21858177632093428,0.30598826706409454,0.30598826706409454,0.30598826706409454,0.29402436017990113,0.29402436017990113,0.29402436017990113,0.45275611519813536,0.45275611519813536,0.45275611519813536,0.9875193095207214,0.9875193095207214,0.9875193095207214,0.08575654774904251,0.08575654774904251,0.08575654774904251,0.4107193350791931,0.4107193350791931,0.4107193350791931,3.015798807144165,3.015798807144165,3.015798807144165,2.20697283744812,2.20697283744812,2.20697283744812,0.7711009682042479,0.7711009682042479,0.7711009682042479,1.9785516262054443,1.9119212627410889
MNIST|RESISC45,2,0.2464403361082077,0.2464403361082077,0.2464403361082077,1.0233310461044312,1.0233310461044312,1.0233310461044312,2.880948305130005,2.880948305130005,2.880948305130005,0.5027981364506646,0.5027981364506646,0.5027981364506646,0.009807041846215725,0.009807041846215725,0.009807041846215725,0.12451979517936707,0.12451979517936707,0.12451979517936707,366.4281921386719,366.4281921386719,366.4281921386719,0.11228315519168973,0.11228315519168973,0.11228315519168973,0.08191766545176506,0.08191766545176506,0.08191766545176506,0.1564513859897852,0.1564513859897852,0.1564513859897852,0.26325097121298313,0.26325097121298313,0.26325097121298313,0.2659945370256901,0.2659945370256901,0.2659945370256901,0.9540328478813171,0.9540328478813171,0.9540328478813171,0.037141211330890656,0.037141211330890656,0.037141211330890656,0.19151389598846436,0.19151389598846436,0.19151389598846436,3.1590001583099365,3.1590001583099365,3.1590001583099365,2.272621989250183,2.272621989250183,2.272621989250183,0.9223212853325121,0.9223212853325121,0.9223212853325121,1.9976065158843994,1.9303076267242432
MNIST|SUN397,2,0.2555386424064636,0.2555386424064636,0.2555386424064636,0.7570161819458008,0.7570161819458008,0.7570161819458008,2.1856796741485596,2.1856796741485596,2.1856796741485596,0.7047733238379074,0.7047733238379074,0.7047733238379074,-0.01145547442138195,-0.01145547442138195,-0.01145547442138195,-0.27575603127479553,-0.27575603127479553,-0.27575603127479553,694.68115234375,694.68115234375,694.68115234375,0.11320292491931468,0.11320292491931468,0.11320292491931468,0.07208431433886289,0.07208431433886289,0.07208431433886289,0.15818578407168388,0.15818578407168388,0.15818578407168388,0.26807614728808404,0.26807614728808404,0.26807614728808404,0.24852196350693703,0.24852196350693703,0.24852196350693703,0.9064198970794678,0.9064198970794678,0.9064198970794678,0.029553378000855446,0.029553378000855446,0.029553378000855446,0.1770075261592865,0.1770075261592865,0.1770075261592865,3.456526279449463,3.456526279449463,3.456526279449463,2.4636164903640747,2.4636164903640747,2.4636164903640747,0.7940403275337093,0.7940403275337093,0.7940403275337093,1.9857761859893799,1.927876591682434
MNIST|SVHN,2,0.22993354499340057,0.22993354499340057,0.22993354499340057,0.8816286325454712,0.8816286325454712,0.8816286325454712,2.714063882827759,2.714063882827759,2.714063882827759,0.5445210753374491,0.5445210753374491,0.5445210753374491,-0.07440153509378433,-0.07440153509378433,-0.07440153509378433,-0.31382858753204346,-0.31382858753204346,-0.31382858753204346,121.75467681884766,121.75467681884766,121.75467681884766,0.14171549140010029,0.14171549140010029,0.14171549140010029,0.29366352178156374,0.29366352178156374,0.29366352178156374,0.44572381138801576,0.44572381138801576,0.44572381138801576,0.2986823952943087,0.2986823952943087,0.2986823952943087,0.5269079574942589,0.5269079574942589,0.5269079574942589,0.996018191576004,0.996018191576004,0.996018191576004,0.20587389171123505,0.20587389171123505,0.20587389171123505,1.1189169883728027,1.1189169883728027,1.1189169883728027,2.9659740924835205,2.9659740924835205,2.9659740924835205,2.3364962339401245,2.3364962339401245,2.3364962339401245,0.8750438029503887,0.8750438029503887,0.8750438029503887,1.9767063856124878,1.9126193523406982
RESISC45|SUN397,2,0.6279879212379456,0.6279879212379456,0.6279879212379456,3.700038194656372,3.700038194656372,3.700038194656372,2.2498862743377686,2.2498862743377686,2.2498862743377686,0.7134182288748269,0.7134182288748269,0.7134182288748269,0.009044311940670013,0.009044311940670013,0.009044311940670013,2302.234619140625,2302.234619140625,2302.234619140625,781.7553100585938,781.7553100585938,781.7553100585938,0.2126410680450499,0.2126410680450499,0.2126410680450499,0.1697019600868225,0.1697019600868225,0.1697019600868225,0.2523936301469803,0.2523936301469803,0.2523936301469803,0.36677558049559594,0.36677558049559594,0.36677558049559594,0.40234795451164246,0.40234795451164246,0.40234795451164246,0.9852104830741882,0.9852104830741882,0.9852104830741882,0.043211352080106735,0.043211352080106735,0.043211352080106735,0.2806081175804138,0.2806081175804138,0.2806081175804138,3.5466411113739014,3.5466411113739014,3.5466411113739014,2.555450439453125,2.555450439453125,2.555450439453125,0.8609151064397745,0.8609151064397745,0.8609151064397745,1.9944387674331665,1.9428573846817017
RESISC45|SVHN,2,0.38058990240097046,0.38058990240097046,0.38058990240097046,2.9023311138153076,2.9023311138153076,2.9023311138153076,3.081489086151123,3.081489086151123,3.081489086151123,0.9233768153768372,0.9233768153768372,0.9233768153768372,0.009501073509454727,0.009501073509454727,0.009501073509454727,423.87799072265625,423.87799072265625,423.87799072265625,384.7428283691406,384.7428283691406,384.7428283691406,0.12038540591951459,0.12038540591951459,0.12038540591951459,0.08260847676545381,0.08260847676545381,0.08260847676545381,0.16246098831295966,0.16246098831295966,0.16246098831295966,0.27317810960114003,0.27317810960114003,0.27317810960114003,0.2684167686104775,0.2684167686104775,0.2684167686104775,0.9645807147026062,0.9645807147026062,0.9645807147026062,0.031935255974531174,0.031935255974531174,0.031935255974531174,0.18818528950214386,0.18818528950214386,0.18818528950214386,3.3819963932037354,3.3819963932037354,3.3819963932037354,2.428330183029175,2.428330183029175,2.428330183029175,0.9487407662232592,0.9487407662232592,0.9487407662232592,1.9989852905273438,1.9403828382492065
SUN397|SVHN,2,0.2985857129096985,0.2985857129096985,0.2985857129096985,1.6244373321533203,1.6244373321533203,1.6244373321533203,2.8277316093444824,2.8277316093444824,2.8277316093444824,0.7726187370035659,0.7726187370035659,0.7726187370035659,-0.01763187348842621,-0.01763187348842621,-0.01763187348842621,-1491.27734375,-1491.27734375,-1491.27734375,707.3023681640625,707.3023681640625,707.3023681640625,0.11790631861425936,0.11790631861425936,0.11790631861425936,0.07275213036686182,0.07275213036686182,0.07275213036686182,0.1550316686183214,0.1550316686183214,0.1550316686183214,0.27490638799965383,0.27490638799965383,0.27490638799965383,0.2503929418325424,0.2503929418325424,0.2503929418325424,0.9209307038784027,0.9209307038784027,0.9209307038784027,0.02481331303715706,0.02481331303715706,0.02481331303715706,0.1698397994041443,0.1698397994041443,0.1698397994041443,3.664043426513672,3.664043426513672,3.664043426513672,2.6193246841430664,2.6193246841430664,2.6193246841430664,0.9074292336640066,0.9074292336640066,0.9074292336640066,1.9984196424484253,1.944150686264038
Cars|DTD|EuroSAT,3,0.4027761419614156,0.3228403925895691,0.44530826807022095,3.1681904792785645,1.7882204055786133,4.241743564605713,3.8135430018107095,2.146897315979004,4.782921314239502,0.5629986779367123,0.3774618140114832,0.8850457360602333,-0.004502197299801687,-0.013506595976650715,2.514885188986682e-09,-1158.134521484375,-3474.403564453125,1.4938283222172208e-14,589.0553894042969,433.0490417480469,740.1087036132812,0.14685158348331848,0.12213824848178774,0.16898704293183983,0.10124728577832381,0.0805885361880064,0.11567817397415638,0.18538336140414077,0.16340567015111446,0.20610710225999354,0.30483500684301057,0.2808624716103077,0.3259086299687624,0.2993341491619746,0.26431172996759417,0.32891391068696973,0.9794297293821971,0.9690770494937897,0.9963883805274963,0.03374422341585159,0.028171755373477936,0.040233127772808075,0.1798626333475113,0.15054944157600403,0.19501541554927826,3.2367520332336426,3.0532758235931396,3.3997128009796143,2.321303685506185,2.1990880966186523,2.44054114818573,0.8712575010422828,0.8117864359076528,0.9024110270416538,2.9903945922851562,2.8560988903045654
Cars|DTD|GTSRB,3,0.3795451819896698,0.33864811062812805,0.4401797652244568,1.4597671429316204,1.2557101249694824,1.7882204055786133,2.1883931159973145,2.114609718322754,2.3036723136901855,0.9049213538910857,0.8590690248500855,0.9706493007629384,-0.013868914296229681,-0.02387833595275879,-0.004221810959279537,-2061.6346028645835,-3474.403564453125,-529.10205078125,619.0487670898438,486.2933349609375,740.1087036132812,0.140386582929641,0.12602454867679624,0.16898704293183983,0.09172286868095399,0.08343543116003276,0.10747514717280865,0.17562727394203345,0.16625771507620812,0.18663731180131435,0.2949804978072643,0.27887945041060447,0.3259086299687624,0.28465314000844955,0.27399821430444715,0.3047768068313599,0.9838007036844889,0.9743295979499816,0.9963883805274963,0.03575076535344124,0.03282778710126877,0.040063027292490005,0.18090052902698517,0.1694255918264389,0.19501541554927826,3.1677658557891846,2.951887845993042,3.3997128009796143,2.267607847849528,2.118544340133667,2.44054114818573,0.8271381813219053,0.7490022740383472,0.9024110270416538,2.9770736694335938,2.842937469482422
Cars|DTD|MNIST,3,0.28525928656260174,0.17312249541282654,0.4401797652244568,0.996168831984202,0.535938560962677,1.7882204055786133,2.200463851292928,2.0867741107940674,2.367720127105713,0.7738342069885625,0.674429281316554,0.8850457360602333,-0.04110261704772711,-0.09361457824707031,-0.013506595976650715,-1158.8577914536,-3474.403564453125,-0.24290117621421814,589.0566711425781,433.0496520996094,740.1087036132812,0.132528208491082,0.10976220468524843,0.16898704293183983,0.08831064160913228,0.07638619754463434,0.10747514717280865,0.17159276582300662,0.16245963543653488,0.18663731180131435,0.28605040947596233,0.26106827825307843,0.3259086299687624,0.27660151024659474,0.25994367986917494,0.3047768068313599,0.9593944517771403,0.937934502363205,0.9963883805274963,0.03474890192349752,0.03282778710126877,0.03787250444293022,0.19131576518217722,0.1877029538154602,0.19501541554927826,3.2780063152313232,3.122396945953369,3.3997128009796143,2.3539567788441977,2.2480677366256714,2.44054114818573,0.8980869971021234,0.8499662499702643,0.9418837142944523,2.9936435222625732,2.8588480949401855
Cars|DTD|RESISC45,3,0.48935697476069134,0.41154617071151733,0.6163449883460999,2.560232639312744,1.7882204055786133,3.3585941791534424,2.4009461402893066,2.146897315979004,2.78945255279541,0.7634594590868167,0.6598161721211281,0.8850457360602333,0.0046929170687993365,-0.013506595976650715,0.04073449969291687,1101.7759602864583,-3474.403564453125,8866.283203125,665.4208984375,570.4490356445312,740.1087036132812,0.17993777189869434,0.16898704293183983,0.19292636050842701,0.1257802439853549,0.10747514717280865,0.14969722844660283,0.20324480126301447,0.18599085412919522,0.23710623785853385,0.3349763447294633,0.3259086299687624,0.34578945353627205,0.33227682699759803,0.3047768068313599,0.36973382383584974,0.9964148374398549,0.9953210353851318,0.9975350964069366,0.03558303167422613,0.03074871376156807,0.04317259415984154,0.20596803228060404,0.18653911352157593,0.23634956777095795,3.3584683736165366,3.239434242248535,3.43625807762146,2.415179411570231,2.3399016857147217,2.4650954008102417,0.9343975709868456,0.9024110270416538,0.9792305263749103,2.996166706085205,2.8740622997283936
Cars|DTD|SUN397,3,0.5233374734719595,0.4401797652244568,0.6515501737594604,2.140674273173014,1.7882204055786133,2.532944679260254,1.9809722105662029,1.6531705856323242,2.146897315979004,0.9222855231135,0.8850457360602333,0.9569449615996927,0.016976873700817425,-0.013506595976650715,0.04888354614377022,5883.128173828125,-3474.403564453125,14705.7080078125,815.8151245117188,740.1087036132812,906.9490356445312,0.19667889780985814,0.16898704293183983,0.21690386246889828,0.13829237870872021,0.10747514717280865,0.15567668557167053,0.20711198610564074,0.18663731180131435,0.23128976091742515,0.35217616185545925,0.3259086299687624,0.36886436238884923,0.3506954601407051,0.3047768068313599,0.37543524652719495,0.9929107900460562,0.9900158143043518,0.9963883805274963,0.03360802431901296,0.030238162726163864,0.03775812312960625,0.21606527268886566,0.19501541554927826,0.24010255932807922,3.5422863960266113,3.3997128009796143,3.702666759490967,2.542509078979492,2.44054114818573,2.6560899019241333,0.8932158548185436,0.8430343528431323,0.9342021845708445,2.991119384765625,2.8793320655822754
Cars|DTD|SVHN,3,0.34766581157843274,0.24100174009799957,0.4401797652244568,1.6596357822418213,1.3701467514038086,1.820540189743042,2.591242551803589,2.146897315979004,2.981843948364258,0.8023316582549304,0.7145687016755472,0.8850457360602333,0.013333713946243128,-0.013506595976650715,0.027288692072033882,-39.484171549479164,-3474.403564453125,1973.5589599609375,596.6590881347656,446.7848205566406,740.1087036132812,0.134908324132363,0.1069584134966135,0.16898704293183983,0.08585166869064172,0.07086245819926262,0.10747514717280865,0.17034550537665685,0.15941245667636395,0.18663731180131435,0.2905487039188544,0.26173085197806356,0.3259086299687624,0.27334189966320993,0.24886576309800149,0.3047768068313599,0.9671937493483226,0.9492643785476684,0.9963883805274963,0.02991826832294464,0.02540505677461624,0.03282778710126877,0.17978515227635702,0.16244852542877197,0.19501541554927826,3.4269959926605225,3.3487086296081543,3.532566547393799,2.4577622413635254,2.403775930404663,2.528969645500183,0.9342627736868803,0.9024110270416538,0.9713413741168494,2.9969611167907715,2.873016595840454
Cars|EuroSAT|GTSRB,3,0.33802786469459534,0.3228403925895691,0.35259509086608887,2.6900043884913125,1.3353708982467651,3.474607467651367,3.9293206532796225,2.3036723136901855,4.782921314239502,0.5506468514744874,0.3663830458349565,0.8590690248500855,-0.007959444484237133,-0.02387833595275879,1.5623604632253318e-09,-727.1327311197916,-2181.398193359375,6.765468990154594e-15,376.76641337076825,210.9568634033203,486.2933349609375,0.1253366976759086,0.12213824848178774,0.12772368736565112,0.09579994322111209,0.0805885361880064,0.12255326576530934,0.1671723179270824,0.16340567015111446,0.17185356855392456,0.27925275065004823,0.2780163299292326,0.2808624716103077,0.28721997360388435,0.26431172996759417,0.3221637919545174,0.9780278666814168,0.9690770494937897,0.9906769526004792,0.03479070961475372,0.028171755373477936,0.04183889180421829,0.16248064736525217,0.15054944157600403,0.1694255918264389,3.062296152114868,2.777924060821533,3.257267475128174,2.1901016235351562,2.0022850036621094,2.3242818117141724,0.8278159907234737,0.7490022740383472,0.9226592622244211,2.9765090942382812,2.830552339553833
Cars|EuroSAT|MNIST,3,0.2432622661193212,0.17312249541282654,0.3228403925895691,1.902595341205597,0.535938560962677,3.474607467651367,4.014115651448567,2.367720127105713,4.891705513000488,0.46285136221082146,0.28763632157748975,0.674429281316554,-0.005395560362538188,-0.016186676919460297,1.5623604632253318e-09,-0.08096705873807046,-0.24290117621421814,6.765468990154594e-15,288.7111152857542,0.03465200960636139,433.0496520996094,0.11471286809382338,0.10976220468524843,0.12213824848178774,0.0861976599879563,0.0805885361880064,0.09693386366590857,0.1610936164855957,0.154193829074502,0.16568135023117064,0.26817306501169996,0.26106827825307843,0.2808624716103077,0.27104676763216656,0.26431172996759417,0.28374452888965607,0.9652182737986247,0.937934502363205,0.9886432695388794,0.03454760958751043,0.028171755373477936,0.04192465916275978,0.1762276589870453,0.15054944157600403,0.19043058156967163,3.1748769283294678,2.955454111099243,3.3119091987609863,2.2764505545298257,2.1318084001541138,2.3732614517211914,0.8722778246701498,0.8117864359076528,0.955080788132532,2.988851308822632,2.845115900039673
Cars|EuroSAT|RESISC45,3,0.48441847165425617,0.3228403925895691,0.7188688516616821,5.46213698387146,2.5338833332061768,10.377920150756836,3.7138144969940186,2.78945255279541,4.782921314239502,0.5813587098495058,0.4264884837384205,0.7455164690790885,-0.0043830519145145646,-0.013149152509868145,1.5623604632253318e-09,-695.5172526041666,-2086.5517578125,6.765468990154594e-15,456.6421407063802,366.4283447265625,570.4490356445312,0.15459026568103582,0.12213824848178774,0.17789991225581617,0.13824022252112628,0.0805885361880064,0.2139637750387192,0.20844121014078457,0.16340567015111446,0.2759271061420441,0.3118308576444785,0.2808624716103077,0.33323095068335534,0.34681443482637403,0.26431172996759417,0.4538117241859436,0.9814559237162271,0.9690770494937897,0.9953210353851318,0.04211615398526192,0.028171755373477936,0.06742799282073975,0.22305173675219217,0.15054944157600403,0.3320666551589966,3.2468255360921225,3.0469510555267334,3.43625807762146,2.3376731872558594,2.223642349243164,2.4650954008102417,0.8714096451861373,0.8117864359076528,0.9215511595439732,2.9885900020599365,2.857706308364868
Cars|EuroSAT|SUN397,3,0.41739264130592346,0.3228403925895691,0.47828248143196106,3.4069954554239907,2.100857734680176,4.64552116394043,3.8047985235850015,2.1428487300872803,4.782921314239502,0.5971864836772958,0.408126005693774,0.9569449615996927,0.01629451739424222,1.5623604632253318e-09,0.04888354614377022,4901.902669270833,6.765468990154594e-15,14705.7080078125,642.705800374349,433.0490417480469,800.3876342773438,0.1629677430757632,0.12213824848178774,0.21690386246889828,0.11566540598869324,0.0805885361880064,0.15567668557167053,0.18990032367408274,0.16340567015111446,0.20340888559818268,0.3204106625666221,0.2808624716103077,0.36886436238884923,0.3195452293753624,0.26431172996759417,0.3718743270635605,0.9691251508394877,0.9459702277183533,0.9923281753063202,0.02980159968137741,0.028171755373477936,0.030994880944490433,0.1803098718325297,0.15054944157600403,0.2130778431892395,3.4509936968485513,3.257267475128174,3.702666759490967,2.4650028546651206,2.3242818117141724,2.6560899019241333,0.834787094102802,0.758372661829909,0.9342021845708445,2.979703903198242,2.8592424392700195
Cars|EuroSAT|SVHN,3,0.29593588411808014,0.24100174009799957,0.32396551966667175,3.054436365763346,1.3701467514038086,4.318554878234863,4.208949724833171,2.981843948364258,4.862083911895752,0.5873687607020631,0.4264884837384205,0.8073805370290107,0.008739684168958798,1.5623604632253318e-09,0.026219045743346214,460.79736328125,6.332507252132611e-15,1382.39208984375,333.8619918823242,121.75211334228516,446.7848205566406,0.1231113193789497,0.1069584134966135,0.14023729615844785,0.0896667318356534,0.07086245819926262,0.11754920111969114,0.16410299070179463,0.15941245667636395,0.16949084527790548,0.27792006271580855,0.26173085197806356,0.2911668645590544,0.27458805173635487,0.24886576309800149,0.31058666214346886,0.9704997630914053,0.9492643785476684,0.9931578612327576,0.03241932516296705,0.02540505677461624,0.04368116334080696,0.17991310358047485,0.15054944157600403,0.22674134373664856,3.3223543961842856,3.177229166030884,3.532566547393799,2.380256017049154,2.2875165939331055,2.528969645500183,0.8729551116656159,0.8117864359076528,0.9713413741168494,2.988563060760498,2.857323408126831
Cars|GTSRB|MNIST,3,0.19780851155519485,0.08165492862462997,0.33864811062812805,0.6961551904678345,0.21715611219406128,1.3353708982467651,2.305540084838867,2.245227813720703,2.367720127105713,0.7728560873021714,0.674429281316554,0.8590690248500855,-0.02163551313181718,-0.02484152652323246,-0.016186676919460297,-727.274227788051,-2181.398193359375,-0.18158882856369019,376.7668813069661,210.95765686035156,486.2933349609375,0.1216690988947327,0.10976220468524843,0.1290969348186627,0.11583717940996091,0.08107058010995388,0.1821829304099083,0.20317576160033543,0.16568135023117064,0.27758821949362755,0.27324628303448356,0.26106827825307843,0.27979112043976784,0.3188655979434649,0.2650840440392494,0.4163283509016037,0.9644371851285299,0.937934502363205,0.981047455072403,0.050103417287270226,0.033546414226293564,0.08240235596895218,0.23415632545948029,0.1694255918264389,0.34534043073654175,3.0854448477427163,2.7927284240722656,3.3119091987609863,2.222754716873169,2.0512646436691284,2.3732614517211914,0.8267275531172307,0.7490022740383472,0.8812141353430806,2.9740548133850098,2.8343987464904785
Cars|GTSRB|RESISC45,3,0.3777972161769867,0.33864811062812805,0.41154617071151733,1.9653632243474324,1.3353708982467651,2.5338833332061768,2.616192897160848,2.3036723136901855,2.78945255279541,0.7483452000102085,0.6404501061014516,0.8590690248500855,-0.018313235603272915,-0.02387833595275879,-0.013149152509868145,-1884.1889241536458,-2181.398193359375,-1384.6168212890625,494.03607177734375,425.3658447265625,570.4490356445312,0.14409637498979766,0.12614815718028694,0.17789991225581617,0.09838363643735648,0.08425802771002054,0.12016835633665324,0.1742862981806199,0.16625771507620812,0.18599085412919522,0.2977548113216956,0.27887945041060447,0.33323095068335534,0.29419149219989776,0.2751843988895416,0.3223198503255844,0.9852199272314707,0.9743295979499816,0.9953210353851318,0.03424059351285299,0.03074871376156807,0.03761158511042595,0.17562245825926462,0.1694255918264389,0.18653911352157593,3.1935696601867676,2.9927539825439453,3.43625807762146,2.2839773495992026,2.1430985927581787,2.4650954008102417,0.8277719958483761,0.7490022740383472,0.9215511595439732,2.9756789207458496,2.8451521396636963
Cars|GTSRB|SUN397,3,0.4130649169286092,0.33864811062812805,0.47828248143196106,1.6765423615773518,1.3353708982467651,2.100857734680176,2.1817055543263755,2.09859561920166,2.3036723136901855,0.9045781326986777,0.8590690248500855,0.9569449615996927,0.01431058719754219,-0.02387833595275879,0.04888354614377022,5050.475016276042,-2181.398193359375,14705.7080078125,669.6420491536459,486.2933349609375,800.3876342773438,0.15713464144462097,0.12614815718028694,0.21690386246889828,0.10780662545313437,0.08348516307771206,0.15567668557167053,0.17904218286275864,0.16625771507620812,0.20340888559818268,0.3102649898827076,0.27887945041060447,0.36886436238884923,0.3068088706334432,0.2733678859472275,0.3718743270635605,0.9733462206522624,0.9533808887004852,0.9923281753063202,0.032517281671365104,0.030238162726163864,0.03436148166656494,0.18547456463178,0.1694255918264389,0.2130778431892395,3.3838425477345786,3.1516969203948975,3.702666759490967,2.4113070170084634,2.243738055229187,2.6560899019241333,0.7943080064214486,0.6997195606551543,0.9342021845708445,2.9601781368255615,2.844937324523926
Cars|GTSRB|SVHN,3,0.2389532576004664,0.1372099220752716,0.33864811062812805,1.1252166430155437,0.6701322793960571,1.3701467514038086,2.7667603492736816,2.3036723136901855,3.0147647857666016,0.7866817241691823,0.6935956106284505,0.8590690248500855,0.006192401672403018,-0.02387833595275879,0.026219045743346214,-127.32902018229167,-2181.398193359375,1382.39208984375,391.66138712565106,241.906005859375,486.2933349609375,0.12498584340326487,0.1069584134966135,0.1418509595328942,0.12456742074340582,0.07086245819926262,0.21858177632093428,0.21055281293888886,0.15941245667636395,0.30598826706409454,0.2782115541895231,0.26173085197806356,0.29402436017990113,0.32560209239522614,0.24886576309800149,0.45275611519813536,0.9703710953394572,0.9492643785476684,0.9875193095207214,0.048507695396741234,0.02540505677461624,0.08575654774904251,0.24753115077813467,0.16244852542877197,0.4107193350791931,3.233354091644287,3.015798807144165,3.532566547393799,2.3265601793924966,2.20697283744812,2.528969645500183,0.8304815387864815,0.7490022740383472,0.9713413741168494,2.970717668533325,2.8406248092651367
Cars|MNIST|RESISC45,3,0.2770363340775172,0.17312249541282654,0.41154617071151733,1.3643843134244282,0.535938560962677,2.5338833332061768,2.6793736616770425,2.367720127105713,2.880948305130005,0.640914628948769,0.5027981364506646,0.7455164690790885,-0.006509595861037572,-0.016186676919460297,0.009807041846215725,-695.5567130645117,-2086.5517578125,0.12451979517936707,456.6422932942708,366.4281921386719,570.4490356445312,0.1333150907109181,0.10976220468524843,0.17789991225581617,0.09438553396612405,0.08107058010995388,0.12016835633665324,0.16937453011671702,0.1564513859897852,0.18599085412919522,0.2858500667164723,0.26106827825307843,0.33323095068335534,0.28446614379684126,0.2650840440392494,0.3223198503255844,0.9624294618765513,0.937934502363205,0.9953210353851318,0.03381211310625076,0.03074871376156807,0.037141211330890656,0.18858532110850015,0.18653911352157593,0.19151389598846436,3.302389144897461,3.1590001583099365,3.43625807762146,2.370326280593872,2.272621989250183,2.4650954008102417,0.8979462316155832,0.8499662499702643,0.9223212853325121,2.993053674697876,2.8619372844696045
Cars|MNIST|SUN397,3,0.30231453975041706,0.17312249541282654,0.47828248143196106,1.1312708258628845,0.535938560962677,2.100857734680176,2.2320828437805176,2.1428487300872803,2.367720127105713,0.7787158555847181,0.674429281316554,0.9569449615996927,0.007080464934309323,-0.016186676919460297,0.04888354614377022,4901.729783535004,-0.27575603127479553,14705.7080078125,642.7061462402344,433.0496520996094,800.3876342773438,0.14662299735782047,0.10976220468524843,0.21690386246889828,0.10294386000682909,0.07208431433886289,0.15567668557167053,0.17575867330034575,0.15818578407168388,0.20340888559818268,0.29933626264333724,0.26106827825307843,0.36886436238884923,0.29516011153658234,0.24852196350693703,0.3718743270635605,0.9455608582496643,0.9064198970794678,0.9923281753063202,0.03111265165110429,0.029553378000855446,0.033546414226293564,0.19259610772132874,0.1770075261592865,0.2130778431892395,3.4903674125671387,3.3119091987609863,3.702666759490967,2.4976559480031333,2.3732614517211914,2.6560899019241333,0.859402920691606,0.7940403275337093,0.9342021845708445,2.984929084777832,2.8648221492767334
Cars|MNIST|SVHN,3,0.21468592683474222,0.17312249541282654,0.24100174009799957,0.929237981637319,0.535938560962677,1.3701467514038086,2.687875986099243,2.367720127105713,2.981843948364258,0.6754436312276711,0.5445210753374491,0.8073805370290107,-0.021456388756632805,-0.07440153509378433,0.026219045743346214,460.6117866933346,-0.31382858753204346,1382.39208984375,333.86304982503253,121.75467681884766,446.7848205566406,0.1194787031939874,0.1069584134966135,0.14171549140010029,0.14853218669692675,0.07086245819926262,0.29366352178156374,0.2569392060985168,0.15941245667636395,0.44572381138801576,0.2738271751751502,0.26106827825307843,0.2986823952943087,0.3469525882105033,0.24886576309800149,0.5269079574942589,0.9610723574956258,0.937934502363205,0.996018191576004,0.08827512090404828,0.02540505677461624,0.20587389171123505,0.4896894892056783,0.16244852542877197,1.1189169883728027,3.2701499462127686,2.9659740924835205,3.532566547393799,2.4129091103871665,2.3364962339401245,2.528969645500183,0.8987838090125008,0.8499662499702643,0.9713413741168494,2.9756875038146973,2.845907211303711
Cars|RESISC45|SUN397,3,0.505938857793808,0.41154617071151733,0.6279879212379456,2.778259754180908,2.100857734680176,3.700038194656372,2.3940625190734863,2.1428487300872803,2.78945255279541,0.8052932198512027,0.7134182288748269,0.9569449615996927,0.014926235191524029,-0.013149152509868145,0.04888354614377022,4973.796956380208,-2086.5517578125,14705.7080078125,717.5306599934896,570.4490356445312,800.3876342773438,0.2024816142565881,0.17789991225581617,0.21690386246889828,0.14851566733171542,0.12016835633665324,0.1697019600868225,0.21393112329145272,0.18599085412919522,0.2523936301469803,0.3562902978559335,0.33323095068335534,0.36886436238884923,0.3655140439669291,0.3223198503255844,0.40234795451164246,0.9909532312552134,0.9852104830741882,0.9953210353851318,0.03473274285594622,0.030238162726163864,0.043211352080106735,0.22674169143040976,0.18653911352157593,0.2806081175804138,3.5618553161621094,3.43625807762146,3.702666759490967,2.5588785807291665,2.4650954008102417,2.6560899019241333,0.905556150184864,0.8609151064397745,0.9342021845708445,2.992184638977051,2.8822689056396484
Cars|RESISC45|SVHN,3,0.3443792710701625,0.24100174009799957,0.41154617071151733,2.268787066141764,1.3701467514038086,2.9023311138153076,2.950928529103597,2.78945255279541,3.081489086151123,0.8254246071616455,0.7455164690790885,0.9233768153768372,0.007523655580977599,-0.013149152509868145,0.026219045743346214,-93.42722574869792,-2086.5517578125,1382.39208984375,467.3255615234375,384.7428283691406,570.4490356445312,0.1350812438906481,0.1069584134966135,0.17789991225581617,0.09121309710045655,0.07086245819926262,0.12016835633665324,0.16928809970617295,0.15941245667636395,0.18599085412919522,0.2893799707541863,0.26173085197806356,0.33323095068335534,0.2798674606780211,0.24886576309800149,0.3223198503255844,0.9697220428784687,0.9492643785476684,0.9953210353851318,0.029363008836905163,0.02540505677461624,0.031935255974531174,0.17905764281749725,0.16244852542877197,0.18818528950214386,3.4502736727396646,3.3819963932037354,3.532566547393799,2.4741317431131997,2.428330183029175,2.528969645500183,0.9472110999613607,0.9215511595439732,0.9713413741168494,2.997744560241699,2.876924753189087
Cars|SUN397|SVHN,3,0.33928997814655304,0.24100174009799957,0.47828248143196106,1.6984806060791016,1.3701467514038086,2.100857734680176,2.650808095932007,2.1428487300872803,2.981843948364258,0.8456480785440897,0.7726187370035659,0.9569449615996927,0.01915690613289674,-0.01763187348842621,0.04888354614377022,4865.607584635417,-1491.27734375,14705.7080078125,651.4916076660156,446.7848205566406,800.3876342773438,0.14725619819325705,0.1069584134966135,0.21690386246889828,0.09976375804593167,0.07086245819926262,0.15567668557167053,0.17261767029762268,0.1550316686183214,0.20340888559818268,0.3018338674555222,0.26173085197806356,0.36886436238884923,0.29037767733136816,0.24886576309800149,0.3718743270635605,0.9541744192441305,0.9209307038784027,0.9923281753063202,0.02681884417931239,0.02481331303715706,0.030238162726163864,0.1817887226740519,0.16244852542877197,0.2130778431892395,3.633092244466146,3.532566547393799,3.702666759490967,2.601461410522461,2.528969645500183,2.6560899019241333,0.9376575974505669,0.9074292336640066,0.9713413741168494,2.996593713760376,2.883491277694702
DTD|EuroSAT|GTSRB,3,0.38590367635091144,0.35259509086608887,0.44530826807022095,2.9191628297170005,1.2557101249694824,4.241743564605713,3.7755961418151855,2.114609718322754,4.70136833190918,0.5714980535364594,0.3663830458349565,0.9706493007629384,-0.0014072691689024734,-0.004221810959279537,2.514885188986682e-09,-176.36735026041666,-529.10205078125,1.4938283222172208e-14,478.5698496500651,210.9568634033203,630.7442626953125,0.13439256502625843,0.12602454867679624,0.1494294590363279,0.10722229029983282,0.08343543116003276,0.12255326576530934,0.18398248858749866,0.17185356855392456,0.20610710225999354,0.28863455397387344,0.2780163299292326,0.30773391894996166,0.3083586389819781,0.27399821430444715,0.32891391068696973,0.9813949477672578,0.9728237581253052,0.9906769526004792,0.04071168228983879,0.040063027292490005,0.04183889180421829,0.1799168437719345,0.1674669086933136,0.1940230429172516,2.927695910135905,2.777924060821533,3.0532758235931396,2.1066391468048096,2.0022850036621094,2.1990880966186523,0.8840785150958927,0.830001242885715,0.9226592622244211,2.9871017932891846,2.835747480392456
DTD|EuroSAT|MNIST,3,0.3072025924921036,0.23382391035556793,0.44530826807022095,2.201110363006592,0.6643475294113159,4.241743564605713,3.829763333002726,2.0867741107940674,4.891705513000488,0.47570857972595776,0.28763632157748975,0.7620276035889003,-0.031204860487566616,-0.09361457824707031,2.514885188986682e-09,-0.6423029104868522,-1.9269087314605713,1.4938283222172208e-14,396.0182441920042,0.03465200960636139,594.0116577148438,0.12683432933563987,0.112238151114434,0.1494294590363279,0.09633274506156643,0.07638619754463434,0.11567817397415638,0.17425352225701016,0.154193829074502,0.20610710225999354,0.2804988947759072,0.2625884451717138,0.30773391894996166,0.29086737314860023,0.25994367986917494,0.32891391068696973,0.968442500034968,0.9438604724407196,0.9886432695388794,0.040010097126166023,0.03787250444293022,0.04192465916275978,0.1918941835562388,0.19043058156967163,0.1940230429172516,3.0437089602152505,2.955454111099243,3.122396945953369,2.192988077799479,2.1318084001541138,2.2480677366256714,0.9321798475348423,0.8995750401775422,0.955080788132532,2.9952566623687744,2.8466200828552246
DTD|EuroSAT|RESISC45,3,0.5935073693593343,0.44530826807022095,0.7188688516616821,5.99275263150533,3.3585941791534424,10.377920150756836,3.4487895170847573,2.266488552093506,4.510810375213623,0.5364497209545399,0.3774618140114832,0.6598161721211281,0.013578165803922015,-4.796036012777449e-09,0.04073449969291687,2955.427734375,-1.7574037995790777e-14,8866.283203125,548.7139078776041,366.4283447265625,685.7049560546875,0.16869615195008617,0.1494294590363279,0.19292636050842701,0.15977972581982613,0.11567817397415638,0.2139637750387192,0.23971348208685717,0.20610710225999354,0.2759271061420441,0.3249741743753354,0.30773391894996166,0.34578945353627205,0.384153152902921,0.32891391068696973,0.4538117241859436,0.9834428469340007,0.9728237581253052,0.9975350964069366,0.050277904917796455,0.040233127772808075,0.06742799282073975,0.2541464219490687,0.1940230429172516,0.3320666551589966,3.1132203737894693,3.0469510555267334,3.239434242248535,2.2542107105255127,2.1990880966186523,2.3399016857147217,0.9198989688864128,0.8808913401067857,0.9792305263749103,2.99314284324646,2.8587937355041504
DTD|EuroSAT|SUN397,3,0.5159711639086405,0.44530826807022095,0.6515501737594604,3.806736469268799,2.532944679260254,4.64552116394043,3.55086882909139,1.6531705856323242,4.510810375213623,0.5701512304619437,0.3774618140114832,0.9248658716805741,0.005184559308937982,2.514885188986682e-09,0.015553670935332775,2139.3600260416665,1.4938283222172208e-14,6418.080078125,731.87939453125,594.0084228515625,906.9490356445312,0.16781212178058924,0.1494294590363279,0.20414578802883626,0.12604482452074686,0.11073099620640278,0.15172530338168144,0.2134277594834566,0.20288641527295112,0.23128976091742515,0.32699818861981234,0.30773391894996166,0.361755493208766,0.34226626276969907,0.3224496310949326,0.37543524652719495,0.9696032667160034,0.9459702277183533,0.9900158143043518,0.03632871061563492,0.030994880944490433,0.040233127772808075,0.2038093109925588,0.17730233073234558,0.24010255932807922,3.3236007690429688,3.0532758235931396,3.524479627609253,2.381540377934774,2.1990880966186523,2.5308961868286133,0.8336606849501945,0.758372661829909,0.8995750401775422,2.978790044784546,2.8564350605010986
DTD|EuroSAT|SVHN,3,0.3770299057165782,0.32396551966667175,0.44530826807022095,3.4602795441945395,1.820540189743042,4.318554878234863,4.00596022605896,2.644986391067505,4.862083911895752,0.5400892590085963,0.3774618140114832,0.7145687016755472,0.009096233262696263,2.514885188986682e-09,0.027288692072033882,657.8529866536459,6.332507252132611e-15,1973.5589599609375,439.61475880940753,121.75211334228516,603.083740234375,0.13948209038780382,0.12877951596863568,0.1494294590363279,0.10414825859790046,0.07921740069985389,0.11754920111969114,0.18019489839673042,0.16498674765229226,0.20610710225999354,0.29430247110625113,0.28400662980973723,0.30773391894996166,0.301961233963569,0.2663831290602684,0.32891391068696973,0.9739700361092886,0.9559284889698029,0.9931578612327576,0.038478750735521317,0.031521961092948914,0.04368116334080696,0.20088530083497366,0.1818915158510208,0.22674134373664856,3.193071206410726,3.0532758235931396,3.3487086296081543,2.296793540318807,2.1990880966186523,2.403775930404663,0.8881161616840085,0.8357375249723454,0.9290359199021377,2.991751194000244,2.8560550212860107
DTD|GTSRB|MNIST,3,0.2279793992638588,0.08165492862462997,0.35980767011642456,0.7124045888582865,0.21715611219406128,1.2557101249694824,2.1488705476125083,2.0867741107940674,2.245227813720703,0.8392489533639044,0.7620276035889003,0.9706493007629384,-0.04089263857652744,-0.09361457824707031,-0.004221810959279537,-177.07018278042474,-529.10205078125,-0.18158882856369019,478.5711924235026,210.95765686035156,630.7442626953125,0.12465228711720555,0.11883537785615772,0.1290969348186627,0.11400151970485846,0.07638619754463434,0.1821829304099083,0.20467821662624677,0.16245963543653488,0.27758821949362755,0.27703961789608006,0.2711743202060461,0.28015341304242614,0.3167567483584086,0.25994367986917494,0.4163283509016037,0.9685306866963704,0.9438604724407196,0.981047455072403,0.05344596256812414,0.03787250444293022,0.08240235596895218,0.2382766455411911,0.17826057970523834,0.34534043073654175,2.9556710720062256,2.7927284240722656,3.122396945953369,2.1392922401428223,2.0512646436691284,2.2480677366256714,0.8843663641744159,0.830001242885715,0.9418837142944523,2.9837794303894043,2.8364834785461426
DTD|GTSRB|RESISC45,3,0.45311667521794635,0.35980767011642456,0.6163449883460999,2.2137132485707602,1.2557101249694824,3.3585941791534424,2.3788506984710693,2.114609718322754,2.7554538249969482,0.7569718596618394,0.6404501061014516,0.9706493007629384,0.006200156795481841,-0.01791221834719181,0.04073449969291687,2317.521443684896,-1384.6168212890625,8866.283203125,580.6050211588541,425.3658447265625,685.7049560546875,0.1490639882395044,0.12602454867679624,0.19292636050842701,0.10795239495734373,0.08343543116003276,0.14969722844660283,0.19390111938118934,0.1706103253364563,0.23710623785853385,0.30236563314994175,0.28015341304242614,0.34578945353627205,0.3096007551749547,0.27399821430444715,0.36973382383584974,0.9880761257807413,0.9806841325759887,0.9975350964069366,0.04028240218758583,0.03761158511042595,0.04317259415984154,0.19517093896865845,0.17090266942977905,0.23634956777095795,3.061358690261841,2.951887845993042,3.239434242248535,2.200514872868856,2.118544340133667,2.3399016857147217,0.8739981077411446,0.8127625539628084,0.9792305263749103,2.983006000518799,2.8459861278533936
DTD|GTSRB|SUN397,3,0.4778740008672078,0.35980767011642456,0.6515501737594604,1.794017752011617,1.2557101249694824,2.532944679260254,1.955458641052246,1.6531705856323242,2.114609718322754,0.9310785280299224,0.8977204116462547,0.9706493007629384,0.009752803792556127,-0.004221810959279537,0.017926551401615143,2838.69775390625,-529.10205078125,6418.080078125,753.3128255208334,630.7442626953125,906.9490356445312,0.1528407471301034,0.12602454867679624,0.20414578802883626,0.10621529920647542,0.08343543116003276,0.15172530338168144,0.19091216792662938,0.1674599479138851,0.23128976091742515,0.30832002103328704,0.28015341304242614,0.361755493208766,0.30760044892628985,0.2733678859472275,0.37543524652719495,0.9746936118602753,0.9533808887004852,0.9900158143043518,0.036924450347820915,0.0329522006213665,0.040063027292490005,0.19742779930432638,0.17392025887966156,0.24010255932807922,3.257843812306722,2.951887845993042,3.524479627609253,2.3278445402781167,2.118544340133667,2.5308961868286133,0.7909183854613339,0.6997195606551543,0.8430343528431323,2.961271047592163,2.842236042022705
DTD|GTSRB|SVHN,3,0.286277840534846,0.1372099220752716,0.3618159294128418,1.2487941980361938,0.6701322793960571,1.820540189743042,2.5914536317189536,2.114609718322754,3.0147647857666016,0.792937871022312,0.6935956106284505,0.9706493007629384,0.013101125446458658,-0.004221810959279537,0.027288692072033882,620.4919840494791,-529.10205078125,1973.5589599609375,491.9113362630208,241.906005859375,630.7442626953125,0.13221834139277536,0.12602454867679624,0.1418509595328942,0.12707820272694031,0.07921740069985389,0.21858177632093428,0.2149872698883216,0.16498674765229226,0.30598826706409454,0.2860614676773548,0.28015341304242614,0.29402436017990113,0.3310458195209503,0.2663831290602684,0.45275611519813536,0.9747106436888376,0.9559284889698029,0.9875193095207214,0.05244717871149381,0.031521961092948914,0.08575654774904251,0.25695714354515076,0.17826057970523834,0.4107193350791931,3.1054650942484536,2.951887845993042,3.3487086296081543,2.24309770266215,2.118544340133667,2.403775930404663,0.8433793769973669,0.7711009682042479,0.9290359199021377,2.9762697219848633,2.8395745754241943
DTD|MNIST|RESISC45,3,0.3684203078349431,0.24247559905052185,0.6163449883460999,1.6820909182230632,0.6643475294113159,3.3585941791534424,2.4114036560058594,2.0867741107940674,2.880948305130005,0.6415473040535643,0.5027981364506646,0.7620276035889003,-0.014357678902645906,-0.09361457824707031,0.04073449969291687,2954.8269380629063,-1.9269087314605713,8866.283203125,548.7149353027344,366.4281921386719,685.7049560546875,0.1413482978520915,0.11228315519168973,0.19292636050842701,0.10266703048100075,0.07638619754463434,0.14969722844660283,0.18533908642828464,0.1564513859897852,0.23710623785853385,0.2934049149851004,0.26325097121298313,0.34578945353627205,0.2985573469102383,0.25994367986917494,0.36973382383584974,0.9651428055763245,0.9438604724407196,0.9975350964069366,0.03939543664455414,0.037141211330890656,0.04317259415984154,0.20636412998040518,0.1912289261817932,0.23634956777095795,3.1736104488372803,3.122396945953369,3.239434242248535,2.2868638038635254,2.2480677366256714,2.3399016857147217,0.9478118420006248,0.9223212853325121,0.9792305263749103,2.99666166305542,2.8595423698425293
DTD|MNIST|SUN397,3,0.383188138405482,0.24247559905052185,0.6515501737594604,1.3181027968724568,0.6643475294113159,2.532944679260254,1.9752081235249836,1.6531705856323242,2.1856796741485596,0.7972222663691273,0.7047733238379074,0.9248658716805741,-0.02983879391103983,-0.09361457824707031,0.015553670935332775,2138.625804454088,-1.9269087314605713,6418.080078125,731.880615234375,594.0116577148438,906.9490356445312,0.14539469693476956,0.11320292491931468,0.20414578802883626,0.10006527175505957,0.07208431433886289,0.15172530338168144,0.18397839347521464,0.15818578407168388,0.23128976091742515,0.3003353202342987,0.26807614728808404,0.361755493208766,0.294633629967769,0.24852196350693703,0.37543524652719495,0.9467653946081797,0.9064198970794678,0.9900158143043518,0.03506133519113064,0.029553378000855446,0.03787250444293022,0.20277967055638632,0.1770075261592865,0.24010255932807922,3.3678009510040283,3.122396945953369,3.524479627609253,2.4141934712727866,2.2480677366256714,2.5308961868286133,0.8596527982237646,0.7940403275337093,0.9418837142944523,2.9832918643951416,2.8593616485595703
DTD|MNIST|SVHN,3,0.2780750244855881,0.22993354499340057,0.3618159294128418,1.1221721172332764,0.6643475294113159,1.820540189743042,2.4819414615631104,2.0867741107940674,2.714063882827759,0.6737057935339655,0.5445210753374491,0.7620276035889003,-0.046909140422940254,-0.09361457824707031,0.027288692072033882,657.1060742139816,-1.9269087314605713,1973.5589599609375,439.61669158935547,121.75467681884766,603.083740234375,0.12977679507496456,0.11883537785615772,0.14171549140010029,0.14975570667535065,0.07638619754463434,0.29366352178156374,0.2577233981589476,0.16245963543653488,0.44572381138801576,0.284621115103364,0.2711743202060461,0.2986823952943087,0.35107825547456745,0.25994367986917494,0.5269079574942589,0.9652690509955089,0.9438604724407196,0.996018191576004,0.0917561190823714,0.031521961092948914,0.20587389171123505,0.49734581013520557,0.1818915158510208,1.1189169883728027,3.145693222681681,2.9659740924835205,3.3487086296081543,2.32944663365682,2.2480677366256714,2.403775930404663,0.9153211457156596,0.8750438029503887,0.9418837142944523,2.9767603874206543,2.8422348499298096
DTD|RESISC45|SUN397,3,0.6319610277811686,0.6163449883460999,0.6515501737594604,3.197192351023356,2.532944679260254,3.700038194656372,2.0565151373545327,1.6531705856323242,2.266488552093506,0.7660334242255097,0.6598161721211281,0.9248658716805741,0.021777494189639885,0.009044311940670013,0.04073449969291687,5862.199300130208,2302.234619140625,8866.283203125,791.4697672526041,685.7049560546875,906.9490356445312,0.20323773886077104,0.19292636050842701,0.2126410680450499,0.15704149730503558,0.14969722844660283,0.1697019600868225,0.24026320964097977,0.23128976091742515,0.2523936301469803,0.3581068424135447,0.34578945353627205,0.36677558049559594,0.382505674958229,0.36973382383584974,0.40234795451164246,0.9909204645951588,0.9852104830741882,0.9975350964069366,0.04138068978985151,0.03775812312960625,0.043211352080106735,0.25235341489315033,0.23634956777095795,0.2806081175804138,3.436851660410563,3.239434242248535,3.5466411113739014,2.47541610399882,2.3399016857147217,2.555450439453125,0.8943933285526057,0.8430343528431323,0.9792305263749103,2.9884467124938965,2.876465082168579
DTD|RESISC45|SVHN,3,0.452916940053304,0.3618159294128418,0.6163449883460999,2.693821827570597,1.820540189743042,3.3585941791534424,2.6643213431040444,2.266488552093506,3.081489086151123,0.7659205630578375,0.6598161721211281,0.9233768153768372,0.02584142175813516,0.009501073509454727,0.04073449969291687,3754.5733846028647,423.87799072265625,8866.283203125,557.8438415527344,384.7428283691406,685.7049560546875,0.1473637607988591,0.12038540591951459,0.19292636050842701,0.10384103530397017,0.07921740069985389,0.14969722844660283,0.18818465794126193,0.16246098831295966,0.23710623785853385,0.30099139764904975,0.27317810960114003,0.34578945353627205,0.3015112405021985,0.2663831290602684,0.36973382383584974,0.9726814333597819,0.9559284889698029,0.9975350964069366,0.03554327040910721,0.031521961092948914,0.04317259415984154,0.20214212437470755,0.1818915158510208,0.23634956777095795,3.3233797550201416,3.239434242248535,3.3819963932037354,2.390669266382853,2.3399016857147217,2.428330183029175,0.9523357375001025,0.9290359199021377,0.9792305263749103,2.9975051879882812,2.872089385986328
DTD|SUN397|SVHN,3,0.43731727202733356,0.2985857129096985,0.6515501737594604,1.992640733718872,1.6244373321533203,2.532944679260254,2.375296195348104,1.6531705856323242,2.8277316093444824,0.8040177701198957,0.7145687016755472,0.9248658716805741,0.008403496506313482,-0.01763187348842621,0.027288692072033882,2300.120564778646,-1491.27734375,6418.080078125,739.1117146809896,603.083740234375,906.9490356445312,0.15027720753724377,0.11790631861425936,0.20414578802883626,0.10123161148279906,0.07275213036686182,0.15172530338168144,0.18376939239601295,0.1550316686183214,0.23128976091742515,0.306889503672719,0.27490638799965383,0.361755493208766,0.2974037724733352,0.2503929418325424,0.37543524652719495,0.9556250023841858,0.9209307038784027,0.9900158143043518,0.031364465753237404,0.02481331303715706,0.03775812312960625,0.19727795819441477,0.1698397994041443,0.24010255932807922,3.512410561243693,3.3487086296081543,3.664043426513672,2.5179989337921143,2.403775930404663,2.6193246841430664,0.8931665021364256,0.8430343528431323,0.9290359199021377,2.9924116134643555,2.8759872913360596
EuroSAT|GTSRB|MNIST,3,0.22269130994876227,0.08165492862462997,0.35259509086608887,1.7248103022575378,0.21715611219406128,3.2600347995758057,3.9461005528767905,2.245227813720703,4.891705513000488,0.47969644105077364,0.28763632157748975,0.7850699557398747,-0.008280510438686753,-0.02484152652323246,9.376869281041422e-10,-0.060529609521229405,-0.18158882856369019,1.978135969303986e-15,140.64972409109274,0.03465200960636139,210.95765686035156,0.1230195910995826,0.112238151114434,0.1290969348186627,0.13389001994704205,0.09693386366590857,0.1821829304099083,0.20121187237401802,0.154193829074502,0.27758821949362755,0.27346529851357143,0.2625884451717138,0.27979112043976784,0.3407455572485924,0.28374452888965607,0.4163283509016037,0.9867892257372538,0.981047455072403,0.9906769526004792,0.05538863564531008,0.04183889180421829,0.08240235596895218,0.23441264033317566,0.1674669086933136,0.34534043073654175,2.8420355319976807,2.777924060821533,2.955454111099243,2.0617860158284507,2.0022850036621094,2.1318084001541138,0.9196513952333446,0.8812141353430806,0.955080788132532,2.9904327392578125,2.828935146331787
EuroSAT|GTSRB|RESISC45,3,0.48488710323969525,0.35259509086608887,0.7188688516616821,5.221596797307332,2.0268354415893555,10.377920150756836,3.675297260284424,2.7554538249969482,4.70136833190918,0.5263014428891388,0.3663830458349565,0.6404501061014516,-0.005970740735180298,-0.01791221834719181,9.376869281041422e-10,-461.5389404296875,-1384.6168212890625,1.978135969303986e-15,334.25035095214844,210.9568634033203,425.3658447265625,0.13989912640148153,0.12772368736565112,0.16373263630550355,0.14241385535647472,0.09072452526539564,0.2139637750387192,0.20613033334414163,0.1706103253364563,0.2759271061420441,0.2935231711467107,0.2780163299292326,0.3213991506397724,0.35368191450834274,0.2850702273845673,0.4538117241859436,0.9855519290765127,0.9799696862697601,0.9906769526004792,0.04895948991179466,0.03761158511042595,0.06742799282073975,0.22347874442736307,0.1674669086933136,0.3320666551589966,2.9392096996307373,2.777924060821533,3.0469510555267334,2.123008648554484,2.0022850036621094,2.223642349243164,0.8721043854313383,0.8127625539628084,0.9226592622244211,2.985036849975586,2.8348443508148193
EuroSAT|GTSRB|SUN397,3,0.4086380998293559,0.35259509086608887,0.45105504989624023,3.16631813844045,1.5933984518051147,4.64552116394043,3.7628631591796875,2.09859561920166,4.70136833190918,0.5574098210583284,0.3663830458349565,0.8977204116462547,0.005975518938632685,9.376869281041422e-10,0.017926551401615143,875.705078125,1.978135969303986e-15,2627.115234375,542.6275889078776,210.9568634033203,722.2451782226562,0.1353122367756441,0.12772368736565112,0.14986111827660353,0.10558980834980806,0.08348516307771206,0.12255326576530934,0.18073331058025358,0.1674599479138851,0.20288641527295112,0.29085754682620363,0.2780163299292326,0.31150515370070936,0.3059937696655592,0.2733678859472275,0.3224496310949326,0.9633426896731058,0.9459702277183533,0.9906769526004792,0.035261991123358406,0.030994880944490433,0.04183889180421829,0.1728964994351069,0.1674669086933136,0.17730233073234558,3.1560449600219727,2.777924060821533,3.3930468559265137,2.250338315963745,2.0022850036621094,2.4146368503570557,0.7935838282364948,0.6997195606551543,0.9226592622244211,2.956401824951172,2.8259165287017822
EuroSAT|GTSRB|SVHN,3,0.2712568442026774,0.1372099220752716,0.35259509086608887,2.749573985735575,0.6701322793960571,4.318554878234863,4.192739009857178,3.0147647857666016,4.862083911895752,0.5294053059340551,0.3663830458349565,0.6935956106284505,0.005412167121826091,9.376869281041422e-10,0.016236495226621628,139.00634765625,1.978135969303986e-15,417.01904296875,191.5383275349935,121.75211334228516,241.906005859375,0.13660398101899773,0.12772368736565112,0.1418509595328942,0.1528947477353116,0.11754920111969114,0.21858177632093428,0.2157775602986415,0.16949084527790548,0.30598826706409454,0.2877358515560627,0.2780163299292326,0.29402436017990113,0.3618355230987072,0.31058666214346886,0.45275611519813536,0.9904513744513194,0.9875193095207214,0.9931578612327576,0.057092200964689255,0.04183889180421829,0.08575654774904251,0.2683091958363851,0.1674669086933136,0.4107193350791931,2.9903173446655273,2.777924060821533,3.177229166030884,2.1655914783477783,2.0022850036621094,2.2875165939331055,0.8431659184670047,0.7711009682042479,0.9226592622244211,2.9761600494384766,2.829058885574341
EuroSAT|MNIST|RESISC45,3,0.3997110327084859,0.23382391035556793,0.7188688516616821,4.366163730621338,1.0233310461044312,10.377920150756836,3.7805744806925454,2.880948305130005,4.891705513000488,0.45416854491972086,0.28763632157748975,0.5720711767310083,0.0032690104398883277,-5.730514729407332e-09,0.009807041846215725,0.041506598393116496,-1.7574037995790777e-14,0.12451979517936707,244.29706295828024,0.03465200960636139,366.4283447265625,0.12941798087054243,0.112238151114434,0.16373263630550355,0.1309384347187976,0.08191766545176506,0.2139637750387192,0.1955241070687771,0.154193829074502,0.2759271061420441,0.2824128556748231,0.2625884451717138,0.3213991506397724,0.3345169300337633,0.2659945370256901,0.4538117241859436,0.9742152678966521,0.9540328478813171,0.9886432695388794,0.048831287771463394,0.037141211330890656,0.06742799282073975,0.23800371090571085,0.19043058156967163,0.3320666551589966,3.0538017749786377,2.955454111099243,3.1590001583099365,2.209357579549154,2.1318084001541138,2.272621989250183,0.9194311378572766,0.8808913401067857,0.955080788132532,2.9937238693237305,2.8467724323272705
EuroSAT|MNIST|SUN397,3,0.31347253421942395,0.23382391035556793,0.45105504989624023,2.366592446962992,0.7570161819458008,4.64552116394043,3.855336904525757,2.1856796741485596,4.891705513000488,0.46684521703639037,0.28763632157748975,0.7047733238379074,-0.003818491891766899,-0.01145547442138195,4.4765959827941515e-09,-0.09191867709158814,-0.27575603127479553,3.109784226461819e-14,463.1321764836709,0.03465200960636139,694.68115234375,0.12510073143678407,0.112238151114434,0.14986111827660353,0.09324972473705807,0.07208431433886289,0.11073099620640278,0.17175534280637902,0.154193829074502,0.20288641527295112,0.28072324872016907,0.2625884451717138,0.31150515370070936,0.28490537449717523,0.24852196350693703,0.3224496310949326,0.9470111314455668,0.9064198970794678,0.9886432695388794,0.03415763936936855,0.029553378000855446,0.04192465916275978,0.1815801461537679,0.1770075261592865,0.19043058156967163,3.2683424154917398,2.955454111099243,3.456526279449463,2.3366872469584146,2.1318084001541138,2.4636164903640747,0.8358312591653835,0.758372661829909,0.955080788132532,2.97483229637146,2.84198260307312
EuroSAT|MNIST|SVHN,3,0.26257432500521344,0.22993354499340057,0.32396551966667175,2.2991411685943604,0.8816286325454712,4.318554878234863,4.155951102574666,2.714063882827759,4.891705513000488,0.45346488608456575,0.28763632157748975,0.5445210753374491,-0.024800511874376447,-0.07440153509378433,5.201169717139464e-09,-0.10460952917734571,-0.31382858753204346,6.332507252132611e-15,81.18048072357972,0.03465200960636139,121.75467681884766,0.13139697955766072,0.112238151114434,0.14171549140010029,0.16938219552238784,0.09693386366590857,0.29366352178156374,0.25646949524680773,0.154193829074502,0.44572381138801576,0.2841459016750256,0.2625884451717138,0.2986823952943087,0.37374638284246126,0.28374452888965607,0.5269079574942589,0.9926064407825471,0.9886432695388794,0.996018191576004,0.09715990473826726,0.04192465916275978,0.20587389171123505,0.512029637893041,0.19043058156967163,1.1189169883728027,3.032885789871216,2.955454111099243,3.177229166030884,2.2519404093424478,2.1318084001541138,2.3364962339401245,0.8886207053517555,0.8357375249723454,0.955080788132532,2.971209764480591,2.8306350708007812
EuroSAT|RESISC45|SUN397,3,0.5993039409319559,0.45105504989624023,0.7188688516616821,6.241159836451213,3.700038194656372,10.377920150756836,3.4358604749043784,2.2498862743377686,4.488625526428223,0.564538470433203,0.408126005693774,0.7134182288748269,0.0030147705404099945,-4.796036012777449e-09,0.009044311940670013,767.4115397135416,-1.7574037995790777e-14,2302.234619140625,614.2881266276041,366.4283447265625,781.7553100585938,0.17541160754238563,0.14986111827660353,0.2126410680450499,0.1647989104439815,0.11073099620640278,0.2139637750387192,0.24373571718732515,0.20288641527295112,0.2759271061420441,0.3332266282786926,0.31150515370070936,0.36677558049559594,0.3928697699308395,0.3224496310949326,0.4538117241859436,0.9703834656874338,0.9459702277183533,0.9852104830741882,0.047211408615112305,0.030994880944490433,0.06742799282073975,0.263325701157252,0.17730233073234558,0.3320666551589966,3.3288796742757163,3.0469510555267334,3.5466411113739014,2.3979098796844482,2.223642349243164,2.555450439453125,0.8333930361254898,0.758372661829909,0.8808913401067857,2.9761927127838135,2.856687307357788
EuroSAT|RESISC45|SVHN,3,0.4744747579097748,0.32396551966667175,0.7188688516616821,5.866268714269002,2.9023311138153076,10.377920150756836,3.837547540664673,3.081489086151123,4.862083911895752,0.6745617511488678,0.5282372613387583,0.9233768153768372,0.003167024638196144,-4.796036012777449e-09,0.009501073509454727,141.29266357421875,-1.7574037995790777e-14,423.87799072265625,290.9744288126628,121.75211334228516,384.7428283691406,0.14145177946115534,0.12038540591951459,0.16373263630550355,0.1380404843079547,0.08260847676545381,0.2139637750387192,0.20262631324430305,0.16246098831295966,0.2759271061420441,0.29524804159998896,0.27317810960114003,0.3213991506397724,0.34427171831329667,0.2684167686104775,0.4538117241859436,0.979236087401708,0.9645807147026062,0.9931578612327576,0.04768147071202596,0.031935255974531174,0.06742799282073975,0.248997762799263,0.18818528950214386,0.3320666551589966,3.2020588715871177,3.0469510555267334,3.3819963932037354,2.3131630420684814,2.223642349243164,2.428330183029175,0.8884565437674635,0.8357375249723454,0.9487407662232592,2.989893674850464,2.857102870941162
EuroSAT|SUN397|SVHN,3,0.3578687608242035,0.2985857129096985,0.45105504989624023,3.5295044581095376,1.6244373321533203,4.64552116394043,4.059480349222819,2.8277316093444824,4.862083911895752,0.5696606680120327,0.408126005693774,0.7726187370035659,-0.0058772879368868365,-0.01763187348842621,5.201169717139464e-09,-497.0924479166667,-1491.27734375,3.109784226461819e-14,507.91173553466797,121.75211334228516,707.3023681640625,0.13600157768310359,0.11790631861425936,0.14986111827660353,0.10034410923098525,0.07275213036686182,0.11754920111969114,0.175802976389726,0.1550316686183214,0.20288641527295112,0.2925261354198059,0.27490638799965383,0.31150515370070936,0.29447641169031463,0.2503929418325424,0.3224496310949326,0.9533529309431712,0.9209307038784027,0.9931578612327576,0.03316311910748482,0.02481331303715706,0.04368116334080696,0.19129449129104614,0.1698397994041443,0.22674134373664856,3.411439816157023,3.177229166030884,3.664043426513672,2.4404927094777427,2.2875165939331055,2.6193246841430664,0.8338464734887537,0.758372661829909,0.9074292336640066,2.980146884918213,2.857027769088745
GTSRB|MNIST|RESISC45,3,0.23709754397471747,0.08165492862462997,0.3831973671913147,1.0891075332959492,0.21715611219406128,2.0268354415893555,2.6272099812825522,2.245227813720703,2.880948305130005,0.6427727327639969,0.5027981364506646,0.7850699557398747,-0.01098223434140285,-0.02484152652323246,0.009807041846215725,-461.5579634408156,-1384.6168212890625,0.12451979517936707,334.2505645751953,210.95765686035156,425.3658447265625,0.12320704851454745,0.11228315519168973,0.1290969348186627,0.11827504037568966,0.08191766545176506,0.1821829304099083,0.20154997693995635,0.1564513859897852,0.27758821949362755,0.2747320415079593,0.26325097121298313,0.2811540328711271,0.3224643717706204,0.2659945370256901,0.4163283509016037,0.9736964837710063,0.9540328478813171,0.9860091483592988,0.05238505080342293,0.037141211330890656,0.08240235596895218,0.23591899871826172,0.17090266942977905,0.34534043073654175,2.981494188308716,2.7927284240722656,3.1590001583099365,2.1556617418924966,2.0512646436691284,2.272621989250183,0.872099324879467,0.8127625539628084,0.9223212853325121,2.9832324981689453,2.837071180343628
GTSRB|MNIST|SUN397,3,0.2531525765856107,0.08165492862462997,0.4222641587257385,0.8558569153149923,0.21715611219406128,1.5933984518051147,2.1765010356903076,2.09859561920166,2.245227813720703,0.7958545637413456,0.7047733238379074,0.8977204116462547,-0.006123483180999756,-0.02484152652323246,0.017926551401615143,875.5526298383871,-0.27575603127479553,2627.115234375,542.6279958089193,210.95765686035156,722.2451782226562,0.12355058814088503,0.11320292491931468,0.1290969348186627,0.11258413594216109,0.07208431433886289,0.1821829304099083,0.20107798382639885,0.15818578407168388,0.27758821949362755,0.2769728081921736,0.26807614728808404,0.28305115684866905,0.3127394001185894,0.24852196350693703,0.4163283509016037,0.946949413617452,0.9064198970794678,0.981047455072403,0.04830264486372471,0.029553378000855446,0.08240235596895218,0.2320894052584966,0.17392025887966156,0.34534043073654175,3.1821395556131997,2.7927284240722656,3.456526279449463,2.282991409301758,2.0512646436691284,2.4636164903640747,0.7916580078439814,0.6997195606551543,0.8812141353430806,2.957350730895996,2.8298089504241943
GTSRB|MNIST|SVHN,3,0.1495994652311007,0.08165492862462997,0.22993354499340057,0.5896390080451965,0.21715611219406128,0.8816286325454712,2.6580188274383545,2.245227813720703,3.0147647857666016,0.6743955472352581,0.5445210753374491,0.7850699557398747,-0.027668855463465054,-0.07440153509378433,0.016236495226621628,138.84120851755142,-0.31382858753204346,417.01904296875,191.53944651285806,121.75467681884766,241.906005859375,0.13755446191721907,0.1290969348186627,0.1418509595328942,0.23147607617080213,0.1821829304099083,0.29366352178156374,0.343100099315246,0.27758821949362755,0.44572381138801576,0.2908326253046592,0.27979112043976784,0.2986823952943087,0.465330807864666,0.4163283509016037,0.5269079574942589,0.9881949853897094,0.981047455072403,0.996018191576004,0.12467759847640991,0.08240235596895218,0.20587389171123505,0.6249922513961792,0.34534043073654175,1.1189169883728027,2.9248337745666504,2.7927284240722656,3.015798807144165,2.198244571685791,2.0512646436691284,2.3364962339401245,0.8424529688325725,0.7711009682042479,0.8812141353430806,2.9574015140533447,2.815951108932495
GTSRB|RESISC45|SUN397,3,0.4778164823849996,0.3831973671913147,0.6279879212379456,2.4400906960169473,1.5933984518051147,3.700038194656372,2.367978572845459,2.09859561920166,2.7554538249969482,0.750529582207511,0.6404501061014516,0.8977204116462547,0.003019548331697782,-0.01791221834719181,0.017926551401615143,1181.5776774088542,-1384.6168212890625,2627.115234375,643.1221110026041,425.3658447265625,781.7553100585938,0.15641134275433918,0.1282410555332899,0.2126410680450499,0.11463721614331007,0.08348516307771206,0.1697019600868225,0.19682130113244056,0.1674599479138851,0.2523936301469803,0.3103269234051307,0.2811540328711271,0.36677558049559594,0.32026202261447906,0.2733678859472275,0.40234795451164246,0.9748668400446574,0.9533808887004852,0.9860091483592988,0.03792504593729973,0.0329522006213665,0.043211352080106735,0.20847701529661813,0.17090266942977905,0.2806081175804138,3.2788530190785727,2.9927539825439453,3.5466411113739014,2.3442140420277915,2.1430985927581787,2.555450439453125,0.7911324070192457,0.6997195606551543,0.8609151064397745,2.960749864578247,2.8431313037872314
GTSRB|RESISC45|SVHN,3,0.3003323972225189,0.1372099220752716,0.3831973671913147,1.8664329449335735,0.6701322793960571,2.9023311138153076,2.950569232304891,2.7554538249969482,3.081489086151123,0.7524741773689131,0.6404501061014516,0.9233768153768372,0.0026084501296281815,-0.01791221834719181,0.016236495226621628,-181.23992919921875,-1384.6168212890625,423.87799072265625,350.6715596516927,241.906005859375,425.3658447265625,0.13015914032856624,0.12038540591951459,0.1418509595328942,0.13063825945059457,0.08260847676545381,0.21858177632093428,0.2130198602378368,0.16246098831295966,0.30598826706409454,0.2827855008840561,0.27317810960114003,0.29402436017990113,0.33541437039772665,0.2684167686104775,0.45275611519813536,0.9793697241942088,0.9645807147026062,0.9875193095207214,0.05176779627799988,0.031935255974531174,0.08575654774904251,0.2566024313370387,0.17090266942977905,0.4107193350791931,3.1301830609639487,2.9927539825439453,3.3819963932037354,2.2594672044118247,2.1430985927581787,2.428330183029175,0.8442014294634385,0.7711009682042479,0.9487407662232592,2.9751720428466797,2.841287851333618
GTSRB|SUN397|SVHN,3,0.2860199312369029,0.1372099220752716,0.4222641587257385,1.2959893544514973,0.6701322793960571,1.6244373321533203,2.6470306714375815,2.09859561920166,3.0147647857666016,0.7879782530927569,0.6935956106284505,0.8977204116462547,0.00551039104660352,-0.01763187348842621,0.017926551401615143,517.6189778645834,-1491.27734375,2627.115234375,557.1511840820312,241.906005859375,722.2451782226562,0.1293697276106104,0.11790631861425936,0.1418509595328942,0.12493968992183606,0.07275213036686182,0.21858177632093428,0.20949329453210033,0.1550316686183214,0.30598826706409454,0.2839939683427413,0.27490638799965383,0.29402436017990113,0.32550564765930173,0.2503929418325424,0.45275611519813536,0.9539436340332031,0.9209307038784027,0.9875193095207214,0.047840687135855355,0.02481331303715706,0.08575654774904251,0.25149313112099964,0.1698397994041443,0.4107193350791931,3.325668732325236,3.015798807144165,3.664043426513672,2.3867968718210855,2.20697283744812,2.6193246841430664,0.7927499208411363,0.6997195606551543,0.9074292336640066,2.9594225883483887,2.839390993118286
MNIST|RESISC45|SUN397,3,0.3766556332508723,0.2464403361082077,0.6279879212379456,1.8267951409022014,0.7570161819458008,3.700038194656372,2.438838084538778,2.1856796741485596,2.880948305130005,0.6403298963877996,0.5027981364506646,0.7134182288748269,0.002465293121834596,-0.01145547442138195,0.009807041846215725,767.3611276348432,-0.27575603127479553,2302.234619140625,614.2882181803385,366.4281921386719,781.7553100585938,0.14604238271868478,0.11228315519168973,0.2126410680450499,0.10790131329248348,0.07208431433886289,0.1697019600868225,0.18901026673614982,0.1564513859897852,0.2523936301469803,0.29936756633222106,0.26325097121298313,0.36677558049559594,0.30562148501475656,0.24852196350693703,0.40234795451164246,0.948554409344991,0.9064198970794678,0.9852104830741882,0.03663531380395094,0.029553378000855446,0.043211352080106735,0.21637651324272156,0.1770075261592865,0.2806081175804138,3.3873891830444336,3.1590001583099365,3.5466411113739014,2.430562973022461,2.272621989250183,2.555450439453125,0.8590922397686653,0.7940403275337093,0.9223212853325121,2.981942892074585,2.861130714416504
MNIST|RESISC45|SVHN,3,0.28565459450085956,0.22993354499340057,0.38058990240097046,1.60243026415507,0.8816286325454712,2.9023311138153076,2.892167091369629,2.714063882827759,3.081489086151123,0.6568986757216503,0.5027981364506646,0.9233768153768372,-0.01836447324603796,-0.07440153509378433,0.009807041846215725,141.22956064343452,-0.31382858753204346,423.87799072265625,290.97523244222003,121.75467681884766,384.7428283691406,0.12479468417043486,0.11228315519168973,0.14171549140010029,0.1527298879995942,0.08191766545176506,0.29366352178156374,0.2548787285635869,0.1564513859897852,0.44572381138801576,0.27837049203614395,0.26325097121298313,0.2986823952943087,0.35377308771014215,0.2659945370256901,0.5269079574942589,0.9715439180533091,0.9540328478813171,0.996018191576004,0.09165011967221896,0.031935255974531174,0.20587389171123505,0.49953872462113696,0.18818528950214386,1.1189169883728027,3.168990214665731,2.9659740924835205,3.3819963932037354,2.345816135406494,2.272621989250183,2.428330183029175,0.9153686181687201,0.8750438029503887,0.9487407662232592,2.975597381591797,2.8449203968048096
MNIST|SUN397|SVHN,3,0.2613526334365209,0.22993354499340057,0.2985857129096985,1.0876940488815308,0.7570161819458008,1.6244373321533203,2.575825055440267,2.1856796741485596,2.8277316093444824,0.6739710453929741,0.5445210753374491,0.7726187370035659,-0.03449629433453083,-0.07440153509378433,-0.01145547442138195,-497.2889761229356,-1491.27734375,-0.27575603127479553,507.91273244222003,121.75467681884766,707.3023681640625,0.1242749116445581,0.11320292491931468,0.14171549140010029,0.14616665549576283,0.07208431433886289,0.29366352178156374,0.25298042135934035,0.1550316686183214,0.44572381138801576,0.28055497686068215,0.26807614728808404,0.2986823952943087,0.34194095427791277,0.24852196350693703,0.5269079574942589,0.9411229308446248,0.9064198970794678,0.996018191576004,0.08674686091641585,0.02481331303715706,0.20587389171123505,0.4885881046454112,0.1698397994041443,1.1189169883728027,3.3621812661488852,2.9659740924835205,3.664043426513672,2.4731458028157554,2.3364962339401245,2.6193246841430664,0.8588377880493683,0.7940403275337093,0.9074292336640066,2.9690394401550293,2.8457701206207275
RESISC45|SUN397|SVHN,3,0.43572117884953815,0.2985857129096985,0.6279879212379456,2.7422688802083335,1.6244373321533203,3.700038194656372,2.7197023232777915,2.2498862743377686,3.081489086151123,0.8031379270850767,0.7134182288748269,0.9233768153768372,0.00030450398723284405,-0.01763187348842621,0.009501073509454727,411.61175537109375,-1491.27734375,2302.234619140625,624.6001688639323,384.7428283691406,781.7553100585938,0.15031093085960795,0.11790631861425936,0.2126410680450499,0.10835418907304604,0.07275213036686182,0.1697019600868225,0.1899620956927538,0.1550316686183214,0.2523936301469803,0.30495335936546325,0.27317810960114003,0.36677558049559594,0.3070525549848874,0.2503929418325424,0.40234795451164246,0.9569073005517325,0.9209307038784027,0.9852104830741882,0.03331997369726499,0.02481331303715706,0.043211352080106735,0.21287773549556732,0.1698397994041443,0.2806081175804138,3.530893643697103,3.3819963932037354,3.664043426513672,2.5343684355417886,2.428330183029175,2.6193246841430664,0.9056950354423469,0.8609151064397745,0.9487407662232592,2.9934325218200684,2.878594160079956
Cars|DTD|EuroSAT|GTSRB,4,0.37656321624914807,0.3228403925895691,0.44530826807022095,2.5592812101046243,1.2557101249694824,4.241743564605713,3.426713228225708,2.114609718322754,4.782921314239502,0.6475162342096862,0.3663830458349565,0.9706493007629384,-0.006934456312292743,-0.02387833595275879,2.514885188986682e-09,-1030.8173014322917,-3474.403564453125,1.4938283222172208e-14,515.8601048787435,210.9568634033203,740.1087036132812,0.13674185727878163,0.12213824848178774,0.16898704293183983,0.09899809699505568,0.0805885361880064,0.12255326576530934,0.1780413604651888,0.16340567015111446,0.20610710225999354,0.29192570231854914,0.2780163299292326,0.3259086299687624,0.2948914754390716,0.26431172996759417,0.32891391068696973,0.98066331187884,0.9690770494937897,0.9963883805274963,0.036249345168471336,0.028171755373477936,0.04183889180421829,0.17579016337792078,0.15054944157600403,0.19501541554927826,3.0986274878184,2.777924060821533,3.3997128009796143,2.2214130759239197,2.0022850036621094,2.44054114818573,0.8525725470458886,0.7490022740383472,0.9226592622244211,3.9752798080444336,3.756253957748413
Cars|DTD|EuroSAT|MNIST,4,0.3096250717838605,0.17312249541282654,0.44530826807022095,2.0670162538687387,0.535938560962677,4.241743564605713,3.464471459388733,2.0867741107940674,4.891705513000488,0.5688482067155135,0.28763632157748975,0.8850457360602333,-0.0205513087994084,-0.09361457824707031,2.514885188986682e-09,-579.4288957268,-3474.403564453125,1.4938283222172208e-14,465.71035500615835,0.03465200960636139,740.1087036132812,0.13023174735096593,0.10976220468524843,0.16898704293183983,0.0930220831092447,0.07638619754463434,0.11567817397415638,0.1730808164924383,0.154193829074502,0.20610710225999354,0.284889344026645,0.26106827825307843,0.3259086299687624,0.284462450047334,0.25994367986917494,0.32891391068696973,0.9681212387482324,0.937934502363205,0.9963883805274963,0.03576270801325639,0.028171755373477936,0.04192465916275978,0.18482506026824316,0.15054944157600403,0.19501541554927826,3.183336059252421,2.955454111099243,3.3997128009796143,2.286174774169922,2.1318084001541138,2.44054114818573,0.8934505425873495,0.8117864359076528,0.955080788132532,3.9877326488494873,3.7714357376098633
Cars|DTD|EuroSAT|RESISC45,4,0.4925147394339244,0.3228403925895691,0.7188688516616821,4.295828183492024,1.7882204055786133,10.377920150756836,3.3442732890446982,2.146897315979004,4.782921314239502,0.6110666419568936,0.3774618140114832,0.8850457360602333,0.002346458414601275,-0.013506595976650715,0.04073449969291687,550.8879801432291,-3474.403564453125,8866.283203125,564.9580841064453,366.4283447265625,740.1087036132812,0.1625189432532837,0.12213824848178774,0.19292636050842701,0.1312618695261578,0.0805885361880064,0.2139637750387192,0.20919571372369924,0.16340567015111446,0.2759271061420441,0.3191540958980719,0.2808624716103077,0.34578945353627205,0.34064464097221697,0.26431172996759417,0.4538117241859436,0.9851858343680701,0.9690770494937897,0.9975350964069366,0.04043032849828402,0.028171755373477936,0.06742799282073975,0.21575720608234406,0.15054944157600403,0.3320666551589966,3.238816579182943,3.0469510555267334,3.43625807762146,2.332091748714447,2.1990880966186523,2.4650954008102417,0.8992409215254197,0.8117864359076528,0.9792305263749103,3.9875705242156982,3.7864573001861572
Cars|DTD|EuroSAT|SUN397,4,0.46486935516198474,0.3228403925895691,0.6515501737594604,3.1306491692860923,1.7882204055786133,4.64552116394043,3.287545641263326,1.6531705856323242,4.782921314239502,0.6631554787973629,0.3774618140114832,0.9569449615996927,0.008488438276048985,-0.013506595976650715,0.04888354614377022,2941.5640869140625,-3474.403564453125,14705.7080078125,694.8639272054037,433.0490417480469,906.9490356445312,0.16857758653738228,0.12213824848178774,0.21690386246889828,0.12031247374912103,0.0805885361880064,0.15567668557167053,0.19895585766683022,0.16340567015111446,0.23128976091742515,0.326105004971226,0.2808624716103077,0.36886436238884923,0.3279602753619353,0.26431172996759417,0.37543524652719495,0.977767234245936,0.9459702277183533,0.9963883805274963,0.03337063950796922,0.028171755373477936,0.040233127772808075,0.19501177221536636,0.15054944157600403,0.24010255932807922,3.3884082237879434,3.0532758235931396,3.702666759490967,2.427588999271393,2.1990880966186523,2.6560899019241333,0.8582302837284558,0.758372661829909,0.9342021845708445,3.9777755737304688,3.788769006729126
Cars|DTD|EuroSAT|SVHN,4,0.3558519358436267,0.24100174009799957,0.44530826807022095,2.835635542869568,1.3701467514038086,4.318554878234863,3.6549238761266074,2.146897315979004,4.862083911895752,0.6231970889755755,0.3774618140114832,0.8850457360602333,0.0066668585195241254,-0.013506595976650715,0.027288692072033882,-19.74208577473958,-3474.403564453125,1973.5589599609375,489.79780705769855,121.75211334228516,740.1087036132812,0.13608832934560874,0.1069584134966135,0.16898704293183983,0.09522848622562985,0.07086245819926262,0.11754920111969114,0.17500668896983065,0.15941245667636395,0.20610710225999354,0.29190156114598115,0.26173085197806356,0.3259086299687624,0.28730633363127706,0.24886576309800149,0.32891391068696973,0.9727733194828033,0.9492643785476684,0.9963883805274963,0.03364014190932115,0.02540505677461624,0.04368116334080696,0.1851115475098292,0.15054944157600403,0.22674134373664856,3.294793407122294,3.0532758235931396,3.532566547393799,2.3640288710594177,2.1990880966186523,2.528969645500183,0.891647887019697,0.8117864359076528,0.9713413741168494,3.987992286682129,3.7851104736328125
Cars|DTD|GTSRB|MNIST,4,0.2726480948428313,0.08165492862462997,0.4401797652244568,0.9661239385604858,0.21715611219406128,1.7882204055786133,2.2108168999354043,2.0867741107940674,2.367720127105713,0.8227151503864311,0.674429281316554,0.9706493007629384,-0.02937492076307535,-0.09361457824707031,-0.004221810959279537,-1031.2092012216647,-3474.403564453125,-0.18158882856369019,515.8608779907227,210.95765686035156,740.1087036132812,0.12980904435816532,0.10976220468524843,0.16898704293183983,0.10246805235122641,0.07638619754463434,0.1821829304099083,0.18876850449790558,0.16245963543653488,0.27758821949362755,0.2828292020534476,0.26106827825307843,0.3259086299687624,0.2992192491392294,0.25994367986917494,0.4163283509016037,0.9690407568216323,0.937934502363205,0.9963883805274963,0.04351226178308328,0.03282778710126877,0.08240235596895218,0.21116231630245844,0.1694255918264389,0.34534043073654175,3.1217220226923623,2.7927284240722656,3.3997128009796143,2.245902895927429,2.0512646436691284,2.44054114818573,0.8590797739289188,0.7490022740383472,0.9418837142944523,3.972463846206665,3.7584245204925537
Cars|DTD|GTSRB|RESISC45,4,0.42495401203632355,0.33864811062812805,0.6163449883460999,2.0497690637906394,1.2557101249694824,3.3585941791534424,2.3960957129796348,2.114609718322754,2.78945255279541,0.7934244681624877,0.6404501061014516,0.9706493007629384,-0.005322269008805354,-0.02387833595275879,0.04073449969291687,-131.63153076171875,-3474.403564453125,8866.283203125,589.7776896158854,425.3658447265625,740.1087036132812,0.15337117951440934,0.12602454867679624,0.19292636050842701,0.10595978601525229,0.08343543116003276,0.14969722844660283,0.18676487319171428,0.16625771507620812,0.23710623785853385,0.30751932175209123,0.27887945041060447,0.34578945353627205,0.305180553595225,0.27399821430444715,0.36973382383584974,0.9883778985341389,0.9743295979499816,0.9975350964069366,0.03646419818202654,0.03074871376156807,0.04317259415984154,0.18941548963387808,0.1694255918264389,0.23634956777095795,3.1952906449635825,2.951887845993042,3.43625807762146,2.2918198704719543,2.118544340133667,2.4650954008102417,0.865826463974568,0.7490022740383472,0.9792305263749103,3.9750945568084717,3.7725348472595215
Cars|DTD|GTSRB|SUN397,4,0.4484553933143616,0.33864811062812805,0.6515501737594604,1.7677503824234009,1.2557101249694824,2.532944679260254,2.0766323804855347,1.6531705856323242,2.3036723136901855,0.9157158844332964,0.8590690248500855,0.9706493007629384,0.0067928375986715155,-0.02387833595275879,0.04888354614377022,2927.6665852864585,-3474.403564453125,14705.7080078125,714.4546915690104,486.2933349609375,906.9490356445312,0.16176021732855586,0.12602454867679624,0.21690386246889828,0.11100929301232099,0.08343543116003276,0.15567668557167053,0.18817340270926555,0.16625771507620812,0.23128976091742515,0.31643541764467953,0.27887945041060447,0.36886436238884923,0.31243947992722193,0.2733678859472275,0.37543524652719495,0.9811878315607707,0.9533808887004852,0.9963883805274963,0.03470013042291006,0.030238162726163864,0.040063027292490005,0.1949670414129893,0.1694255918264389,0.24010255932807922,3.337934652964274,2.951887845993042,3.702666759490967,2.3873171210289,2.118544340133667,2.6560899019241333,0.8263951070058079,0.6997195606551543,0.9342021845708445,3.9605658054351807,3.7735769748687744
Cars|DTD|GTSRB|SVHN,4,0.31311052292585373,0.1372099220752716,0.4401797652244568,1.3733534415562947,0.6701322793960571,1.820540189743042,2.5344624121983848,2.114609718322754,3.0147647857666016,0.8217181518343777,0.6935956106284505,0.9706493007629384,0.0046895816922187805,-0.02387833595275879,0.027288692072033882,-401.98895263671875,-3474.403564453125,1973.5589599609375,524.8201446533203,241.906005859375,740.1087036132812,0.13312477296451106,0.1069584134966135,0.16898704293183983,0.10730504021048547,0.07086245819926262,0.21858177632093428,0.1928782155364752,0.15941245667636395,0.30598826706409454,0.28745055589824914,0.26173085197806356,0.3259086299687624,0.30366073789695897,0.24886576309800149,0.45275611519813536,0.9740190480152765,0.9492643785476684,0.9963883805274963,0.04165597694615523,0.02540505677461624,0.08575654774904251,0.2162934939066569,0.16244852542877197,0.4107193350791931,3.233395258585612,2.951887845993042,3.532566547393799,2.323756992816925,2.118544340133667,2.528969645500183,0.8588154676981584,0.7490022740383472,0.9713413741168494,3.9705252647399902,3.767685651779175
Cars|DTD|MNIST|RESISC45,4,0.3550182258089383,0.17312249541282654,0.6163449883460999,1.6507191757361095,0.535938560962677,3.3585941791534424,2.423046827316284,2.0867741107940674,2.880948305130005,0.7049388997694281,0.5027981364506646,0.8850457360602333,-0.014319243685652813,-0.09361457824707031,0.04073449969291687,550.5470984578133,-3474.403564453125,8866.283203125,564.9586995442709,366.4281921386719,740.1087036132812,0.1467823422381965,0.10976220468524843,0.19292636050842701,0.102785862510403,0.07638619754463434,0.14969722844660283,0.1823877959077557,0.1564513859897852,0.23710623785853385,0.30007043397674954,0.26106827825307843,0.34578945353627205,0.2979754569878181,0.25994367986917494,0.36973382383584974,0.9708453891674678,0.937934502363205,0.9975350964069366,0.035884870837132134,0.03074871376156807,0.04317259415984154,0.19805831213792166,0.18653911352157593,0.23634956777095795,3.2781185706456504,3.122396945953369,3.43625807762146,2.3565815687179565,2.2480677366256714,2.4650954008102417,0.9195606604262943,0.8499662499702643,0.9792305263749103,3.9919686317443848,3.7893314361572266
Cars|DTD|MNIST|SUN397,4,0.37352485954761505,0.17312249541282654,0.6515501737594604,1.3965541819731395,0.535938560962677,2.532944679260254,2.097181757291158,1.6531705856323242,2.367720127105713,0.8180144630139768,0.674429281316554,0.9569449615996927,-0.011721018080910047,-0.09361457824707031,0.04888354614377022,2941.1564925909042,-3474.403564453125,14705.7080078125,694.8646392822266,433.0496520996094,906.9490356445312,0.15530620014838253,0.10976220468524843,0.21690386246889828,0.10740303801993528,0.07208431433886289,0.15567668557167053,0.18461045467605194,0.15818578407168388,0.23128976091742515,0.30947453855226437,0.26106827825307843,0.36886436238884923,0.3042726779729128,0.24852196350693703,0.37543524652719495,0.9611578736702602,0.9064198970794678,0.9963883805274963,0.03363272827118635,0.029553378000855446,0.03787250444293022,0.20068920403718948,0.1770075261592865,0.24010255932807922,3.4196152687072754,3.122396945953369,3.702666759490967,2.4520788192749023,2.2480677366256714,2.6560899019241333,0.8775896427090094,0.7940403275337093,0.9418837142944523,3.982572555541992,3.7927193641662598
Cars|DTD|MNIST|SVHN,4,0.2814215123653412,0.17312249541282654,0.4401797652244568,1.1768036782741547,0.535938560962677,1.820540189743042,2.4903809626897178,2.0867741107940674,2.981843948364258,0.7313288225012825,0.5445210753374491,0.8850457360602333,-0.02403360807026426,-0.09361457824707031,0.027288692072033882,-20.156025523940723,-3474.403564453125,1973.5589599609375,489.7988751729329,121.75467681884766,740.1087036132812,0.12917300772309923,0.1069584134966135,0.16898704293183983,0.11811255091801286,0.07086245819926262,0.29366352178156374,0.21415021886428198,0.15941245667636395,0.44572381138801576,0.2837618509183327,0.26106827825307843,0.3259086299687624,0.3119935633987188,0.24886576309800149,0.5269079574942589,0.9632324024041493,0.937934502363205,0.9963883805274963,0.06117460255821546,0.02540505677461624,0.20587389171123505,0.33953405419985455,0.16244852542877197,1.1189169883728027,3.2802113691965737,2.9659740924835205,3.532566547393799,2.3885186910629272,2.2480677366256714,2.528969645500183,0.9116136813792911,0.8499662499702643,0.9713413741168494,3.9749507904052734,3.773163080215454
Cars|DTD|RESISC45|SUN397,4,0.5376485834519068,0.41154617071151733,0.6515501737594604,2.669089754422506,1.7882204055786133,3.700038194656372,2.2081240018208823,1.6531705856323242,2.78945255279541,0.8142679065692572,0.6598161721211281,0.9569449615996927,0.01459338003769517,-0.013506595976650715,0.04888354614377022,4455.22509765625,-3474.403564453125,14705.7080078125,747.5591125488281,570.4490356445312,906.9490356445312,0.1955840057064779,0.16898704293183983,0.21690386246889828,0.14240744683270654,0.10747514717280865,0.1697019600868225,0.21613778007527193,0.18599085412919522,0.2523936301469803,0.35038741171360016,0.3259086299687624,0.36886436238884923,0.35774800151586533,0.3047768068313599,0.40234795451164246,0.9927998308340708,0.9852104830741882,0.9975350964069366,0.0363261221597592,0.030238162726163864,0.043211352080106735,0.22528210282325745,0.18653911352157593,0.2806081175804138,3.474865436553955,3.239434242248535,3.702666759490967,2.4979957938194275,2.3399016857147217,2.6560899019241333,0.9068907261357148,0.8430343528431323,0.9792305263749103,3.9872350692749023,3.811234951019287
Cars|DTD|RESISC45|SVHN,4,0.4085797493656476,0.24100174009799957,0.6163449883460999,2.295619328816732,1.3701467514038086,3.3585941791534424,2.6518596410751343,2.146897315979004,3.081489086151123,0.7892840718903075,0.6598161721211281,0.9233768153768372,0.012847927088538805,-0.013506595976650715,0.04073449969291687,1180.8594868977864,-3474.403564453125,8866.283203125,571.8123474121094,384.7428283691406,740.1087036132812,0.14932277518014112,0.1069584134966135,0.19292636050842701,0.10167151127010583,0.07086245819926262,0.14969722844660283,0.18276576607177655,0.15941245667636395,0.23710623785853385,0.30397410426288846,0.26173085197806356,0.34578945353627205,0.2967493569602569,0.24886576309800149,0.36973382383584974,0.9765030157566071,0.9492643785476684,0.9975350964069366,0.032601894810795784,0.02540505677461624,0.04317259415984154,0.19173823793729147,0.16244852542877197,0.23634956777095795,3.3897794485092163,3.239434242248535,3.532566547393799,2.4344356656074524,2.3399016857147217,2.528969645500183,0.9420517955337973,0.9024110270416538,0.9792305263749103,3.9949092864990234,3.805049180984497
Cars|DTD|SUN397|SVHN,4,0.4119026338060697,0.24100174009799957,0.6515501737594604,1.8728578488032024,1.3701467514038086,2.532944679260254,2.3995797634124756,1.6531705856323242,2.981843948364258,0.843570757508104,0.7145687016755472,0.9569449615996927,0.014467747571567694,-0.01763187348842621,0.04888354614377022,3252.3430379231772,-3474.403564453125,14705.7080078125,700.7693837483724,446.7848205566406,906.9490356445312,0.15728015691818048,0.1069584134966135,0.21690386246889828,0.10628485423202316,0.07086245819926262,0.15567668557167053,0.1834611385439833,0.1550316686183214,0.23128976091742515,0.3128620592256387,0.26173085197806356,0.36886436238884923,0.3029547024021546,0.24886576309800149,0.37543524652719495,0.9674759902556738,0.9209307038784027,0.9963883805274963,0.03042740064362685,0.02481331303715706,0.03775812312960625,0.19372927645842233,0.16244852542877197,0.24010255932807922,3.528696298599243,3.3487086296081543,3.702666759490967,2.529932916164398,2.403775930404663,2.6560899019241333,0.914575682023104,0.8430343528431323,0.9713413741168494,3.989875316619873,3.811243772506714
Cars|EuroSAT|GTSRB|MNIST,4,0.2504474880794684,0.08165492862462997,0.35259509086608887,1.7533913056055705,0.21715611219406128,3.474607467651367,3.548769235610962,2.245227813720703,4.891705513000488,0.5665126855095636,0.28763632157748975,0.8590690248500855,-0.010817757104319814,-0.02484152652323246,1.5623604632253318e-09,-363.6371138940255,-2181.398193359375,6.765468990154594e-15,295.72353351364535,0.03465200960636139,486.2933349609375,0.1211845639410118,0.10976220468524843,0.1290969348186627,0.10793120064151784,0.0805885361880064,0.1821829304099083,0.1831633920967579,0.154193829074502,0.27758821949362755,0.2735343493024508,0.26106827825307843,0.2808624716103077,0.30446947410702707,0.26431172996759417,0.4163283509016037,0.9736181378364562,0.937934502363205,0.9906769526004792,0.04370759303371111,0.028171755373477936,0.08240235596895218,0.20181931803623834,0.15054944157600403,0.34534043073654175,3.041163365046183,2.777924060821533,3.3119091987609863,2.1877732276916504,2.0022850036621094,2.3732614517211914,0.8616181909360496,0.7490022740383472,0.955080788132532,3.9725430011749268,3.7457399368286133
Cars|EuroSAT|GTSRB|RESISC45,4,0.42128266394138336,0.3228403925895691,0.7188688516616821,3.8347753485043845,1.3353708982467651,10.377920150756836,3.483656326929728,2.3036723136901855,4.782921314239502,0.6016630510558352,0.3663830458349565,0.8590690248500855,-0.009156618184301227,-0.02387833595275879,1.5623604632253318e-09,-942.0944620768229,-2181.398193359375,6.765468990154594e-15,415.42374420166016,210.9568634033203,570.4490356445312,0.1409806161870559,0.12213824848178774,0.17789991225581617,0.11870941438401739,0.0805885361880064,0.2139637750387192,0.1890075398981571,0.16340567015111446,0.2759271061420441,0.29559039769073325,0.2780163299292326,0.33323095068335534,0.32047695378462476,0.26431172996759417,0.4538117241859436,0.9825639116764068,0.9690770494937897,0.9953210353851318,0.040026736756165825,0.028171755373477936,0.06742799282073975,0.196158396701018,0.15054944157600403,0.3320666551589966,3.110475262006124,2.777924060821533,3.43625807762146,2.2336902022361755,2.0022850036621094,2.4650954008102417,0.8497755042973313,0.7490022740383472,0.9226592622244211,3.9718525409698486,3.757319688796997
Cars|EuroSAT|GTSRB|SUN397,4,0.39428088068962097,0.3228403925895691,0.47828248143196106,2.7349650859832764,1.3353708982467651,4.64552116394043,3.419671972592672,2.09859561920166,4.782921314239502,0.6524553222271973,0.3663830458349565,0.9569449615996927,0.007155294761544991,-0.02387833595275879,0.04888354614377022,2525.237508138021,-2181.398193359375,14705.7080078125,557.9354629516602,210.9568634033203,800.3876342773438,0.14518782974298422,0.12213824848178774,0.21690386246889828,0.10621544575318694,0.0805885361880064,0.15567668557167053,0.17921203376104433,0.16340567015111446,0.20340888559818268,0.3001964874813954,0.2780163299292326,0.36886436238884923,0.3048919608195623,0.26431172996759417,0.3718743270635605,0.9709604819615683,0.9459702277183533,0.9923281753063202,0.03309289552271366,0.028171755373477936,0.04183889180421829,0.1752903958161672,0.15054944157600403,0.2130778431892395,3.2632943391799927,2.777924060821533,3.702666759490967,2.3291874527931213,2.0022850036621094,2.6560899019241333,0.8126237298710549,0.6997195606551543,0.9342021845708445,3.954176187515259,3.755283832550049
Cars|EuroSAT|GTSRB|SVHN,4,0.2860434626539548,0.1372099220752716,0.35259509086608887,2.4048078457514444,0.6701322793960571,4.318554878234863,3.774442434310913,2.3036723136901855,4.862083911895752,0.613525660569947,0.3663830458349565,0.8590690248500855,0.0030962021197376934,-0.02387833595275879,0.026219045743346214,-63.664510091145836,-2181.398193359375,1382.39208984375,323.45702997843426,121.75211334228516,486.2933349609375,0.1275094603692802,0.1069584134966135,0.1418509595328942,0.11573221088387071,0.07086245819926262,0.21858177632093428,0.18940142046660183,0.15941245667636395,0.30598826706409454,0.28078005477786067,0.26173085197806356,0.29402436017990113,0.31231141020854314,0.24886576309800149,0.45275611519813536,0.9773375248908996,0.9492643785476684,0.9931578612327576,0.04320248278478781,0.02540505677461624,0.08575654774904251,0.2145585243900617,0.15054944157600403,0.4107193350791931,3.152080496152242,2.777924060821533,3.532566547393799,2.2656273245811462,2.0022850036621094,2.528969645500183,0.8436046399106439,0.7490022740383472,0.9713413741168494,3.966463804244995,3.7532224655151367
Cars|EuroSAT|MNIST|RESISC45,4,0.35110702613989514,0.17312249541282654,0.7188688516616821,3.273820092280706,0.535938560962677,10.377920150756836,3.5469695727030435,2.367720127105713,4.891705513000488,0.5348233114822043,0.28763632157748975,0.7455164690790885,-0.0032547994245504994,-0.016186676919460297,0.009807041846215725,-347.7783565322558,-2086.5517578125,0.12451979517936707,361.57315306117135,0.03465200960636139,570.4490356445312,0.13300905133907995,0.10976220468524843,0.17789991225581617,0.11244046279850106,0.0805885361880064,0.2139637750387192,0.1836083659529686,0.154193829074502,0.2759271061420441,0.2870667112618685,0.26106827825307843,0.33323095068335534,0.3092110690722863,0.26431172996759417,0.4538117241859436,0.9708297318220138,0.937934502363205,0.9953210353851318,0.03982679111262163,0.028171755373477936,0.06742799282073975,0.20646710693836212,0.15054944157600403,0.3320666551589966,3.1944733460744223,2.955454111099243,3.43625807762146,2.2984519004821777,2.1318084001541138,2.4650954008102417,0.8902662098322867,0.8117864359076528,0.955080788132532,3.9859328269958496,3.7731833457946777
Cars|EuroSAT|MNIST|SUN397,4,0.3191104953487714,0.17312249541282654,0.47828248143196106,2.2018635173638663,0.535938560962677,4.64552116394043,3.476583480834961,2.1428487300872803,4.891705513000488,0.5763997296273063,0.28763632157748975,0.9569449615996927,0.0035402325185616146,-0.016186676919460297,0.04888354614377022,2450.864891767502,-0.27575603127479553,14705.7080078125,509.3138095960021,0.03465200960636139,800.3876342773438,0.13735108499104778,0.10976220468524843,0.21690386246889828,0.09951416268013417,0.07208431433886289,0.15567668557167053,0.1746269890666008,0.154193829074502,0.20340888559818268,0.2921608097354571,0.26106827825307843,0.36886436238884923,0.29266437076032165,0.24852196350693703,0.3718743270635605,0.9567288535833359,0.9064198970794678,0.9923281753063202,0.03240487507234017,0.028171755373477936,0.04192465916275978,0.1826784461736679,0.15054944157600403,0.2130778431892395,3.3461451133092246,2.955454111099243,3.702666759490967,2.3939491510391235,2.1318084001541138,2.6560899019241333,0.8505747746574853,0.758372661829909,0.955080788132532,3.9736366271972656,3.773740768432617
Cars|EuroSAT|MNIST|SVHN,4,0.25411460051933926,0.17312249541282654,0.32396551966667175,2.0463527143001556,0.535938560962677,4.318554878234863,3.766723116238912,2.367720127105713,4.891705513000488,0.5447821600562804,0.28763632157748975,0.8073805370290107,-0.01072819420614716,-0.07440153509378433,0.026219045743346214,230.3058933466673,-0.31382858753204346,1382.39208984375,259.4041594291727,0.03465200960636139,446.7848205566406,0.1221749675561053,0.1069584134966135,0.14171549140010029,0.12344469351073106,0.07086245819926262,0.29366352178156374,0.20965132713317872,0.154193829074502,0.44572381138801576,0.2760165511444211,0.26106827825307843,0.2986823952943087,0.3165834476053715,0.24886576309800149,0.5269079574942589,0.9723492087920507,0.937934502363205,0.996018191576004,0.06310049009819825,0.02540505677461624,0.20587389171123505,0.3394649724165599,0.15054944157600403,1.1189169883728027,3.2000667651494346,2.955454111099243,3.532566547393799,2.3303890228271484,2.1318084001541138,2.528969645500183,0.8831593626750055,0.8117864359076528,0.9713413741168494,3.968047618865967,3.7580718994140625
Cars|EuroSAT|RESISC45|SUN397,4,0.5017634779214859,0.3228403925895691,0.7188688516616821,4.472138007481893,2.100857734680176,10.377920150756836,3.337134003639221,2.1428487300872803,4.782921314239502,0.6370942209528018,0.408126005693774,0.9569449615996927,0.00746311780291542,-0.013149152509868145,0.04888354614377022,2486.898478190104,-2086.5517578125,14705.7080078125,607.7916819254557,366.4283447265625,800.3876342773438,0.1738628076389432,0.12213824848178774,0.21690386246889828,0.1418050515713791,0.0805885361880064,0.2139637750387192,0.2140020935734113,0.16340567015111446,0.2759271061420441,0.33043961158643165,0.2808624716103077,0.36886436238884923,0.3561858695248763,0.26431172996759417,0.4538117241859436,0.9779794428745906,0.9459702277183533,0.9953210353851318,0.03846547628442446,0.028171755373477936,0.06742799282073975,0.22335725029309592,0.15054944157600403,0.3320666551589966,3.397138555844625,3.0469510555267334,3.702666759490967,2.4398661255836487,2.223642349243164,2.6560899019241333,0.8612864813998233,0.758372661829909,0.9342021845708445,3.975801467895508,3.7903478145599365
Cars|EuroSAT|RESISC45|SVHN,4,0.3998020961880684,0.24100174009799957,0.7188688516616821,4.1629072825113935,1.3701467514038086,10.377920150756836,3.6778100728988647,2.78945255279541,4.862083911895752,0.6671784572155205,0.4264884837384205,0.9233768153768372,0.003761828118404494,-0.013149152509868145,0.026219045743346214,-46.71361287434896,-2086.5517578125,1382.39208984375,387.2010307312012,121.75211334228516,570.4490356445312,0.13855865210294724,0.1069584134966135,0.17789991225581617,0.11429013394129774,0.07086245819926262,0.2139637750387192,0.1861146534482638,0.15941245667636395,0.2759271061420441,0.29359473317861556,0.26173085197806356,0.33323095068335534,0.31138541638851164,0.24886576309800149,0.4538117241859436,0.9752284542719524,0.9492643785476684,0.9953210353851318,0.037894989674290024,0.02540505677461624,0.06742799282073975,0.2077550614873568,0.15054944157600403,0.3320666551589966,3.3053781191507974,3.0469510555267334,3.532566547393799,2.3763059973716736,2.223642349243164,2.528969645500183,0.8950081001451443,0.8117864359076528,0.9713413741168494,3.986131429672241,3.7874584197998047
Cars|EuroSAT|SUN397|SVHN,4,0.35262181609869003,0.24100174009799957,0.47828248143196106,2.922354221343994,1.3701467514038086,4.64552116394043,3.6810091733932495,2.1428487300872803,4.862083911895752,0.6499659977338703,0.408126005693774,0.9569449615996927,0.00957845493980273,-0.01763187348842621,0.04888354614377022,2432.8037923177085,-1491.27734375,14705.7080078125,533.9927838643392,121.75211334228516,800.3876342773438,0.14233420958276838,0.1069584134966135,0.21690386246889828,0.10136000127531587,0.07086245819926262,0.15567668557167053,0.1756059902658065,0.1550316686183214,0.20340888559818268,0.2981726820394397,0.26173085197806356,0.36886436238884923,0.29474684253335,0.24886576309800149,0.3718743270635605,0.9617880660295487,0.9209307038784027,0.9931578612327576,0.030550722032785416,0.02481331303715706,0.04368116334080696,0.18332654734452566,0.15054944157600403,0.22674134373664856,3.4544700384140015,3.177229166030884,3.702666759490967,2.4718032479286194,2.2875165939331055,2.6560899019241333,0.8698115691769347,0.758372661829909,0.9713413741168494,3.978436231613159,3.791123151779175
Cars|GTSRB|MNIST|RESISC45,4,0.27243490144610405,0.08165492862462997,0.41154617071151733,1.2787525653839111,0.21715611219406128,2.5338833332061768,2.5570791562398276,2.245227813720703,2.880948305130005,0.7012221622562865,0.5027981364506646,0.8590690248500855,-0.01436014473438263,-0.02484152652323246,0.009807041846215725,-942.144457111756,-2181.398193359375,0.12451979517936707,415.42395273844403,210.95765686035156,570.4490356445312,0.13057190327749899,0.10976220468524843,0.17789991225581617,0.10672034754728277,0.08107058010995388,0.1821829304099083,0.18709664170940718,0.1564513859897852,0.27758821949362755,0.28289580064515274,0.26106827825307843,0.33323095068335534,0.3049969014277061,0.2650840440392494,0.4163283509016037,0.9714457645018896,0.937934502363205,0.9953210353851318,0.042635293677449226,0.03074871376156807,0.08240235596895218,0.2085707758863767,0.1694255918264389,0.34534043073654175,3.140724460283915,2.7927284240722656,3.43625807762146,2.258180022239685,2.0512646436691284,2.4650954008102417,0.8561362763651643,0.7490022740383472,0.9223212853325121,3.9716036319732666,3.760812520980835
Cars|GTSRB|MNIST|SUN397,4,0.29158513620495796,0.08165492862462997,0.47828248143196106,1.0899563233057659,0.21715611219406128,2.100857734680176,2.223957379659017,2.09859561920166,2.367720127105713,0.8130011598317282,0.674429281316554,0.9569449615996927,-0.001591986045241356,-0.02484152652323246,0.04888354614377022,2525.1208004653454,-2181.398193359375,14705.7080078125,557.9357681274414,210.95765686035156,800.3876342773438,0.13724433145951478,0.10976220468524843,0.21690386246889828,0.10979295020302136,0.07208431433886289,0.1821829304099083,0.18976365039745965,0.15818578407168388,0.27758821949362755,0.2899550859381755,0.26106827825307843,0.36886436238884923,0.30839349505801994,0.24852196350693703,0.4163283509016037,0.9575734194119772,0.9064198970794678,0.9923281753063202,0.040508998868366085,0.029553378000855446,0.08240235596895218,0.2110791007677714,0.1694255918264389,0.34534043073654175,3.285448590914408,2.7927284240722656,3.702666759490967,2.353677272796631,2.0512646436691284,2.6560899019241333,0.8180241220185667,0.6997195606551543,0.9342021845708445,3.9535975456237793,3.759509801864624
Cars|GTSRB|MNIST|SVHN,4,0.20026179030537605,0.08165492862462997,0.33864811062812805,0.8350622057914734,0.21715611219406128,1.3701467514038086,2.6045488119125366,2.245227813720703,3.0147647857666016,0.7273442474835708,0.5445210753374491,0.8590690248500855,-0.016142088919878006,-0.07440153509378433,0.026219045743346214,-63.78756318986416,-2181.398193359375,1382.39208984375,323.45769119262695,121.75467681884766,486.2933349609375,0.125922026852301,0.1069584134966135,0.1418509595328942,0.1551032157552739,0.07086245819926262,0.29366352178156374,0.25344196998824675,0.15941245667636395,0.44572381138801576,0.279029409425954,0.26106827825307843,0.2986823952943087,0.3641877716034651,0.24886576309800149,0.5269079574942589,0.9710189058383305,0.937934502363205,0.996018191576004,0.07789095801611741,0.02540505677461624,0.20587389171123505,0.39909230420986813,0.16244852542877197,1.1189169883728027,3.1284456650416055,2.7927284240722656,3.532566547393799,2.2901171445846558,2.0512646436691284,2.528969645500183,0.8496114674371964,0.7490022740383472,0.9713413741168494,3.949063777923584,3.741659641265869
Cars|GTSRB|RESISC45|SUN397,4,0.4436543683211009,0.33864811062812805,0.6279879212379456,2.21506400903066,1.3353708982467651,3.700038194656372,2.389984885851542,2.09859561920166,2.78945255279541,0.8021865336919,0.6404501061014516,0.9569449615996927,0.0034857837793727717,-0.02387833595275879,0.04888354614377022,2330.4151814778647,-2181.398193359375,14705.7080078125,631.0827229817709,425.3658447265625,800.3876342773438,0.1650309933613365,0.12614815718028694,0.21690386246889828,0.11733578634137909,0.08348516307771206,0.1697019600868225,0.19102022636681795,0.16625771507620812,0.2523936301469803,0.3186592556163668,0.27887945041060447,0.36886436238884923,0.32169410735368725,0.2733678859472275,0.40234795451164246,0.9810965547959011,0.9533808887004852,0.9953210353851318,0.03485391599436601,0.030238162726163864,0.043211352080106735,0.19907893240451813,0.1694255918264389,0.2806081175804138,3.354530135790507,2.9927539825439453,3.702666759490967,2.399594247341156,2.1430985927581787,2.6560899019241333,0.8296921398684837,0.6997195606551543,0.9342021845708445,3.9592931270599365,3.7759084701538086
Cars|GTSRB|RESISC45|SVHN,4,0.3153655355175336,0.1372099220752716,0.41154617071151733,1.8064499696095784,0.6701322793960571,2.9023311138153076,2.8211127519607544,2.3036723136901855,3.081489086151123,0.7782314271774874,0.6404501061014516,0.9233768153768372,-0.0004971820550660292,-0.02387833595275879,0.026219045743346214,-571.5462748209635,-2181.398193359375,1382.39208984375,425.92364501953125,241.906005859375,570.4490356445312,0.1335806506530692,0.1069584134966135,0.17789991225581617,0.11120060343295335,0.07086245819926262,0.21858177632093428,0.19178676776587963,0.15941245667636395,0.30598826706409454,0.2870329592873653,0.26173085197806356,0.33323095068335534,0.30876885391771797,0.24886576309800149,0.45275611519813536,0.9761706974109013,0.9492643785476684,0.9953210353851318,0.04096977350612482,0.02540505677461624,0.08575654774904251,0.2147034207979838,0.16244852542877197,0.4107193350791931,3.251845121383667,2.9927539825439453,3.532566547393799,2.336034119129181,2.1430985927581787,2.528969645500183,0.8624165160149143,0.7490022740383472,0.9713413741168494,3.968949794769287,3.770782232284546
Cars|GTSRB|SUN397|SVHN,4,0.3193320209781329,0.1372099220752716,0.47828248143196106,1.4490572412808735,0.6701322793960571,2.100857734680176,2.561576167742411,2.09859561920166,3.0147647857666016,0.8312215471261767,0.6935956106284505,0.9569449615996927,0.011292571512361368,-0.02387833595275879,0.04888354614377022,2576.5931396484375,-2181.398193359375,14705.7080078125,567.4865570068359,241.906005859375,800.3876342773438,0.13968660266293834,0.1069584134966135,0.21690386246889828,0.11426937354107697,0.07086245819926262,0.21858177632093428,0.1929264901578426,0.1550316686183214,0.30598826706409454,0.29357609496762355,0.26173085197806356,0.36886436238884923,0.3120735720048348,0.24886576309800149,0.45275611519813536,0.9629588423172634,0.9209307038784027,0.9923281753063202,0.03892112709581852,0.02481331303715706,0.08575654774904251,0.21657189230124155,0.16244852542877197,0.4107193350791931,3.393989404042562,3.015798807144165,3.702666759490967,2.4315313696861267,2.20697283744812,2.6560899019241333,0.8387992658749083,0.6997195606551543,0.9713413741168494,3.956529140472412,3.7729153633117676
Cars|MNIST|RESISC45|SUN397,4,0.36548634121815365,0.17312249541282654,0.6279879212379456,1.7751775085926056,0.535938560962677,3.700038194656372,2.436089277267456,2.1428487300872803,2.880948305130005,0.7163134001931223,0.5027981364506646,0.9569449615996927,0.004490599346657594,-0.016186676919460297,0.04888354614377022,2486.832788621386,-2086.5517578125,14705.7080078125,607.7918294270834,366.4281921386719,800.3876342773438,0.15711552126100287,0.10976220468524843,0.21690386246889828,0.11343659364928803,0.07208431433886289,0.1697019600868225,0.18701864836116633,0.1564513859897852,0.2523936301469803,0.31021104838699104,0.26106827825307843,0.36886436238884923,0.31269044607877733,0.24852196350693703,0.40234795451164246,0.961874490181605,0.9064198970794678,0.9953210353851318,0.03407320535431305,0.029553378000855446,0.043211352080106735,0.20607490837574005,0.1770075261592865,0.2806081175804138,3.4355002641677856,3.1590001583099365,3.702666759490967,2.464355945587158,2.272621989250183,2.6560899019241333,0.8804993855651797,0.7940403275337093,0.9342021845708445,3.981912612915039,3.7956302165985107
Cars|MNIST|RESISC45|SVHN,4,0.28043903162082034,0.17312249541282654,0.41154617071151733,1.5412099063396454,0.535938560962677,2.9023311138153076,2.802586317062378,2.367720127105713,3.081489086151123,0.699670385764934,0.5027981364506646,0.9233768153768372,-0.009701700570682684,-0.07440153509378433,0.026219045743346214,-46.78564786911011,-2086.5517578125,1382.39208984375,387.20153427124023,121.75467681884766,570.4490356445312,0.12816743049149712,0.1069584134966135,0.17789991225581617,0.1217151764407754,0.07086245819926262,0.29366352178156374,0.2126201411212484,0.1564513859897852,0.44572381138801576,0.2818569261704882,0.26106827825307843,0.33323095068335534,0.31626482009887696,0.24886576309800149,0.5269079574942589,0.9661919450759888,0.937934502363205,0.996018191576004,0.06077509062985579,0.02540505677461624,0.20587389171123505,0.33921779443820316,0.16244852542877197,1.1189169883728027,3.2979507446289062,2.9659740924835205,3.532566547393799,2.400795817375183,2.272621989250183,2.528969645500183,0.9148274396895412,0.8499662499702643,0.9713413741168494,3.9741175174713135,3.7769062519073486
Cars|MNIST|SUN397|SVHN,4,0.2794107695420583,0.17312249541282654,0.47828248143196106,1.2116708656152089,0.535938560962677,2.100857734680176,2.5366479953130088,2.1428487300872803,2.981843948364258,0.7434446526873634,0.5445210753374491,0.9569449615996927,-0.007428828005989392,-0.07440153509378433,0.04888354614377022,2432.665044685205,-1491.27734375,14705.7080078125,533.9933840433756,121.75467681884766,800.3876342773438,0.13440820259740574,0.1069584134966135,0.21690386246889828,0.12435161506136257,0.07086245819926262,0.29366352178156374,0.2145739927639564,0.1550316686183214,0.44572381138801576,0.288888070533673,0.26106827825307843,0.36886436238884923,0.3186078328390916,0.24852196350693703,0.5269079574942589,0.9504826414585114,0.9064198970794678,0.996018191576004,0.0582383694127202,0.02481331303715706,0.20587389171123505,0.33816560606161755,0.16244852542877197,1.1189169883728027,3.4389477173487344,2.9659740924835205,3.702666759490967,2.496293067932129,2.3364962339401245,2.6560899019241333,0.8886705288010105,0.7940403275337093,0.9713413741168494,3.968597412109375,3.7808985710144043
Cars|RESISC45|SUN397|SVHN,4,0.4063323214650154,0.24100174009799957,0.6279879212379456,2.371949076652527,1.3701467514038086,3.700038194656372,2.6788753668467202,2.1428487300872803,3.081489086151123,0.8198759581605036,0.7134182288748269,0.9569449615996927,0.010477825223157803,-0.01763187348842621,0.04888354614377022,2539.3972676595054,-2086.5517578125,14705.7080078125,615.2369995117188,384.7428283691406,800.3876342773438,0.1587824968000253,0.1069584134966135,0.21690386246889828,0.11196167788778742,0.07086245819926262,0.1697019600868225,0.18644974724700056,0.1550316686183214,0.2523936301469803,0.31311437385777635,0.26173085197806356,0.36886436238884923,0.31070293424030143,0.24886576309800149,0.40234795451164246,0.9679392484823862,0.9209307038784027,0.9953210353851318,0.03105864239235719,0.02481331303715706,0.043211352080106735,0.20011644810438156,0.16244852542877197,0.2806081175804138,3.544028719266256,3.3819963932037354,3.702666759490967,2.542210042476654,2.428330183029175,2.6560899019241333,0.9240299707597845,0.8609151064397745,0.9713413741168494,3.9907901287078857,3.8147387504577637
DTD|EuroSAT|GTSRB|MNIST,4,0.28594424451390904,0.08165492862462997,0.44530826807022095,1.8893720209598541,0.21715611219406128,4.241743564605713,3.4250826438268027,2.0867741107940674,4.891705513000488,0.5915380069192738,0.28763632157748975,0.9706493007629384,-0.02044631966792082,-0.09361457824707031,2.514885188986682e-09,-88.53509139021237,-529.10205078125,1.4938283222172208e-14,373.45225258916616,0.03465200960636139,630.7442626953125,0.1272246931446716,0.112238151114434,0.1494294590363279,0.11286164375332496,0.07638619754463434,0.1821829304099083,0.19103152496119338,0.154193829074502,0.27758821949362755,0.279909591289858,0.2625884451717138,0.30773391894996166,0.31418207943439486,0.25994367986917494,0.4163283509016037,0.9762893400589624,0.9438604724407196,0.9906769526004792,0.04738909440735976,0.03787250444293022,0.08240235596895218,0.211125078300635,0.1674669086933136,0.34534043073654175,2.9422778685887656,2.777924060821533,3.122396945953369,2.1251763701438904,2.0022850036621094,2.2480677366256714,0.9050690305096238,0.830001242885715,0.955080788132532,3.983109951019287,3.748666524887085
DTD|EuroSAT|GTSRB|RESISC45,4,0.47935370604197186,0.35259509086608887,0.7188688516616821,4.0868063767751055,1.2557101249694824,10.377920150756836,3.319633404413859,2.114609718322754,4.70136833190918,0.5978052692604944,0.3663830458349565,0.9706493007629384,0.003100078173830271,-0.01791221834719181,0.04073449969291687,1158.760721842448,-1384.6168212890625,8866.283203125,485.53478240966797,210.9568634033203,685.7049560546875,0.14801295790433264,0.12602454867679624,0.19292636050842701,0.12934206660836936,0.08343543116003276,0.2139637750387192,0.20593185584992169,0.1706103253364563,0.2759271061420441,0.3023743831614653,0.2780163299292326,0.34578945353627205,0.3389486153920491,0.27399821430444715,0.4538117241859436,0.9846164623896282,0.9728237581253052,0.9975350964069366,0.04505786982675394,0.03761158511042595,0.06742799282073975,0.2131782372792562,0.1674669086933136,0.3320666551589966,3.0103711684544883,2.777924060821533,3.239434242248535,2.1710933446884155,2.0022850036621094,2.3399016857147217,0.8875199942886972,0.8127625539628084,0.9792305263749103,3.979719638824463,3.759638547897339
DTD|EuroSAT|GTSRB|SUN397,4,0.44709673523902893,0.35259509086608887,0.6515501737594604,2.9215587973594666,1.2557101249694824,4.64552116394043,3.2611966927846274,1.6531705856323242,4.70136833190918,0.6575344082716635,0.3663830458349565,0.9706493007629384,0.00487640321780608,-0.004221810959279537,0.017926551401615143,1419.348876953125,-529.10205078125,6418.080078125,626.5974146525065,210.9568634033203,906.9490356445312,0.1475894176781488,0.12602454867679624,0.20414578802883626,0.11126805559421578,0.08343543116003276,0.15172530338168144,0.19226393164445957,0.1674599479138851,0.23128976091742515,0.30370257761329417,0.2780163299292326,0.361755493208766,0.31605478008588156,0.2733678859472275,0.37543524652719495,0.9722586290041605,0.9459702277183533,0.9906769526004792,0.03730670859416326,0.030994880944490433,0.04183889180421829,0.18851261337598166,0.1674669086933136,0.24010255932807922,3.166296362876892,2.777924060821533,3.524479627609253,2.2665905952453613,2.0022850036621094,2.5308961868286133,0.825560353435979,0.6997195606551543,0.9226592622244211,3.958527088165283,3.754460334777832
DTD|EuroSAT|GTSRB|SVHN,4,0.33011706670125324,0.1372099220752716,0.44530826807022095,2.5944526394208274,0.6701322793960571,4.318554878234863,3.6414372523625693,2.114609718322754,4.862083911895752,0.6084826223753557,0.3663830458349565,0.9706493007629384,0.0065505641655196345,-0.004221810959279537,0.027288692072033882,310.24599202473956,-529.10205078125,1973.5589599609375,400.40856806437176,121.75211334228516,630.7442626953125,0.13567424445645884,0.12602454867679624,0.1494294590363279,0.12283587483999629,0.07921740069985389,0.21858177632093428,0.19873555429279807,0.16498674765229226,0.30598826706409454,0.2891835860783855,0.2780163299292326,0.30773391894996166,0.32580030389130116,0.2663831290602684,0.45275611519813536,0.9801317505041758,0.9559284889698029,0.9931578612327576,0.047182453175385795,0.031521961092948914,0.08575654774904251,0.226517120997111,0.1674669086933136,0.4107193350791931,3.054137388865153,2.777924060821533,3.3487086296081543,2.2030304670333862,2.0022850036621094,2.403775930404663,0.8646849930610682,0.7711009682042479,0.9290359199021377,3.97322940826416,3.7537920475006104
DTD|EuroSAT|MNIST|RESISC45,4,0.41721032559871674,0.23382391035556793,0.7188688516616821,3.560529410839081,0.6643475294113159,10.377920150756836,3.367632746696472,2.0867741107940674,4.891705513000488,0.5269685374134457,0.28763632157748975,0.7620276035889003,-0.007178840786600545,-0.09361457824707031,0.04073449969291687,1477.4134690314531,-1.9269087314605713,8866.283203125,434.43603758265573,0.03465200960636139,685.7049560546875,0.14157419000208998,0.112238151114434,0.19292636050842701,0.12242948402029773,0.07638619754463434,0.2139637750387192,0.19870754946023225,0.154193829074502,0.2759271061420441,0.29532270995279153,0.2625884451717138,0.34578945353627205,0.3270237007488807,0.25994367986917494,0.4538117241859436,0.9728108551104864,0.9438604724407196,0.9975350964069366,0.044628681614995,0.037141211330890656,0.06742799282073975,0.2226021115978559,0.19043058156967163,0.3320666551589966,3.0960853894551597,2.955454111099243,3.239434242248535,2.2358550429344177,2.1318084001541138,2.3399016857147217,0.9298304490697892,0.8808913401067857,0.9792305263749103,3.9909708499908447,3.7729008197784424
DTD|EuroSAT|MNIST|SUN397,4,0.3799586072564125,0.23382391035556793,0.6515501737594604,2.42313551902771,0.6643475294113159,4.64552116394043,3.3027942975362143,1.6531705856323242,4.891705513000488,0.5774818233983549,0.28763632157748975,0.9248658716805741,-0.01491939674535884,-0.09361457824707031,0.015553670935332775,1069.312902227044,-1.9269087314605713,6418.080078125,580.727607610325,0.03465200960636139,906.9490356445312,0.14128546987194568,0.112238151114434,0.20414578802883626,0.10392314151860772,0.07208431433886289,0.15172530338168144,0.18585375450551508,0.154193829074502,0.23128976091742515,0.2971389130875468,0.2625884451717138,0.361755493208766,0.3031681600958109,0.24852196350693703,0.37543524652719495,0.9579555732011795,0.9064198970794678,0.9900158143043518,0.03638944557557503,0.029553378000855446,0.04192465916275978,0.19501582781473795,0.1770075261592865,0.24010255932807922,3.250863273938497,2.955454111099243,3.524479627609253,2.3313522934913635,2.1318084001541138,2.5308961868286133,0.8653311474685462,0.758372661829909,0.955080788132532,3.9752423763275146,3.7706336975097656
DTD|EuroSAT|MNIST|SVHN,4,0.3062204619248708,0.22993354499340057,0.44530826807022095,2.270675798257192,0.6643475294113159,4.318554878234863,3.6184040307998657,2.0867741107940674,4.891705513000488,0.5357421295882713,0.28763632157748975,0.7620276035889003,-0.023454569880546765,-0.09361457824707031,0.027288692072033882,328.5530371069908,-1.9269087314605713,1973.5589599609375,339.10754382858676,0.03465200960636139,603.083740234375,0.13187254858901723,0.112238151114434,0.1494294590363279,0.12990472646430135,0.07638619754463434,0.29366352178156374,0.217160328514874,0.154193829074502,0.44572381138801576,0.28589209566513696,0.2625884451717138,0.30773391894996166,0.3294133113572995,0.25994367986917494,0.5269079574942589,0.9750720069805782,0.9438604724407196,0.996018191576004,0.0668512179205815,0.031521961092948914,0.20587389171123505,0.3505387331048648,0.1818915158510208,1.1189169883728027,3.1038397947947183,2.955454111099243,3.3487086296081543,2.2677921652793884,2.1318084001541138,2.403775930404663,0.9060594650715664,0.8357375249723454,0.955080788132532,3.971834659576416,3.756552219390869
DTD|EuroSAT|RESISC45|SUN397,4,0.5851858754952749,0.44530826807022095,0.7188688516616821,4.809460322062175,2.532944679260254,10.377920150756836,3.1230084896087646,1.6531705856323242,4.510810375213623,0.6092932115187991,0.3774618140114832,0.9248658716805741,0.010888747460727469,-4.796036012777449e-09,0.04073449969291687,2931.099650065104,-1.7574037995790777e-14,8866.283203125,671.5877990722656,366.4283447265625,906.9490356445312,0.17878940503345805,0.1494294590363279,0.2126410680450499,0.15191623952239752,0.11073099620640278,0.2139637750387192,0.23428504209965464,0.20288641527295112,0.2759271061420441,0.3358264584218462,0.30773391894996166,0.36677558049559594,0.37544871514042216,0.3224496310949326,0.4538117241859436,0.9785875109831492,0.9459702277183533,0.9975350964069366,0.04379967848459879,0.030994880944490433,0.06742799282073975,0.24340871224800745,0.17730233073234558,0.3320666551589966,3.300638119379679,3.0469510555267334,3.5466411113739014,2.3772692680358887,2.1990880966186523,2.555450439453125,0.8703365046286757,0.758372661829909,0.9792305263749103,3.976391553878784,3.7871010303497314
DTD|EuroSAT|RESISC45|SVHN,4,0.4744822432597478,0.32396551966667175,0.7188688516616821,4.503280679384868,1.820540189743042,10.377920150756836,3.489154656728109,2.266488552093506,4.862083911895752,0.6292553235424604,0.3774618140114832,0.9233768153768372,0.012920711365737395,-4.796036012777449e-09,0.04073449969291687,1877.2866923014324,-1.7574037995790777e-14,8866.283203125,459.28673426310223,121.75211334228516,685.7049560546875,0.1492484456494761,0.12038540591951459,0.19292636050842701,0.12645237600741288,0.07921740069985389,0.2139637750387192,0.20267983791728814,0.16246098831295966,0.2759271061420441,0.3038790211826563,0.27317810960114003,0.34578945353627205,0.3329743364204963,0.2663831290602684,0.4538117241859436,0.9773326009511948,0.9559284889698029,0.9975350964069366,0.04299534919361273,0.031521961092948914,0.06742799282073975,0.22654290248950323,0.1818915158510208,0.3320666551589966,3.2079325517018638,3.0469510555267334,3.3819963932037354,2.3137091398239136,2.1990880966186523,2.428330183029175,0.9122018529594967,0.8357375249723454,0.9792305263749103,3.98917818069458,3.785191297531128
DTD|EuroSAT|SUN397|SVHN,4,0.42204677561918896,0.2985857129096985,0.6515501737594604,3.197290301322937,1.6244373321533203,4.64552116394043,3.4979013999303183,1.6531705856323242,4.862083911895752,0.6209797319006171,0.3774618140114832,0.9248658716805741,0.004201750285265223,-0.01763187348842621,0.027288692072033882,1150.060282389323,-1491.27734375,6418.080078125,604.6294008890787,121.75211334228516,906.9490356445312,0.1483932493471851,0.11790631861425936,0.20414578802883626,0.10794220095810791,0.07275213036686182,0.15172530338168144,0.18829875666648146,0.1550316686183214,0.23128976091742515,0.30517907470464706,0.27490638799965383,0.361755493208766,0.3090269202242295,0.2503929418325424,0.37543524652719495,0.9631378090381623,0.9209307038784027,0.9931578612327576,0.03483376155296961,0.02481331303715706,0.04368116334080696,0.19831676532824835,0.1698397994041443,0.24010255932807922,3.3601305882136026,3.0532758235931396,3.664043426513672,2.4092063903808594,2.1990880966186523,2.6193246841430664,0.8621974555648455,0.758372661829909,0.9290359199021377,3.977372646331787,3.786311149597168
DTD|GTSRB|MNIST|RESISC45,4,0.32165348157286644,0.08165492862462997,0.6163449883460999,1.4243290722370148,0.21715611219406128,3.3585941791534424,2.391583720842997,2.0867741107940674,2.880948305130005,0.7201352124608262,0.5027981364506646,0.9706493007629384,-0.015008098756273588,-0.09361457824707031,0.04073449969291687,1158.4300588816404,-1384.6168212890625,8866.283203125,485.5354283650716,210.95765686035156,685.7049560546875,0.13456790543083721,0.11228315519168973,0.19292636050842701,0.11072399637972315,0.07638619754463434,0.1821829304099083,0.19636709984391928,0.1564513859897852,0.27758821949362755,0.2868855518847704,0.26325097121298313,0.34578945353627205,0.3118448055535555,0.25994367986917494,0.4163283509016037,0.9738615254561106,0.9438604724407196,0.9975350964069366,0.04637721305092176,0.037141211330890656,0.08240235596895218,0.21893267830212912,0.17090266942977905,0.34534043073654175,3.0430335998535156,2.7927284240722656,3.239434242248535,2.195583164691925,2.0512646436691284,2.3399016857147217,0.8945689096989131,0.8127625539628084,0.9792305263749103,3.979093551635742,3.7605581283569336
DTD|GTSRB|MNIST|SUN397,4,0.3355485287805398,0.08165492862462997,0.6515501737594604,1.1700955132643382,0.21715611219406128,2.532944679260254,2.0640095869700112,1.6531705856323242,2.245227813720703,0.8408510778760748,0.7047733238379074,0.9706493007629384,-0.016775527969002724,-0.09361457824707031,0.017926551401615143,1418.9515013545752,-529.10205078125,6418.080078125,626.5981572469076,210.95765686035156,906.9490356445312,0.13660957983074087,0.11320292491931468,0.20414578802883626,0.10821655665213863,0.07208431433886289,0.1821829304099083,0.19516169046362242,0.15818578407168388,0.27758821949362755,0.29066694183895986,0.26807614728808404,0.361755493208766,0.3079325568427642,0.24852196350693703,0.4163283509016037,0.9592347766955694,0.9064198970794678,0.9900158143043518,0.0434335982427001,0.029553378000855446,0.08240235596895218,0.2176433801651001,0.17392025887966156,0.34534043073654175,3.190863847732544,2.7927284240722656,3.524479627609253,2.291080415248871,2.0512646436691284,2.5308961868286133,0.8316488889258741,0.6997195606551543,0.9418837142944523,3.957122564315796,3.7566709518432617
DTD|GTSRB|MNIST|SVHN,4,0.2354829323788484,0.08165492862462997,0.3618159294128418,0.9182524780432383,0.21715611219406128,1.820540189743042,2.4700711170832315,2.0867741107940674,3.0147647857666016,0.74507204128886,0.5445210753374491,0.9706493007629384,-0.02559237725411852,-0.09361457824707031,0.027288692072033882,309.84227100014687,-529.10205078125,1973.5589599609375,400.40966669718426,121.75467681884766,630.7442626953125,0.13105047137554113,0.11883537785615772,0.1418509595328942,0.15557787631948788,0.07638619754463434,0.29366352178156374,0.25512224599719047,0.16245963543653488,0.44572381138801576,0.28463870649536455,0.2711743202060461,0.2986823952943087,0.3660529078046481,0.25994367986917494,0.5269079574942589,0.9741763416926066,0.9438604724407196,0.996018191576004,0.08058171470959981,0.031521961092948914,0.20587389171123505,0.40439296265443164,0.17826057970523834,1.1189169883728027,3.032915790875753,2.7927284240722656,3.3487086296081543,2.2275202870368958,2.0512646436691284,2.403775930404663,0.8713799639300036,0.7711009682042479,0.9418837142944523,3.9552106857299805,3.7404541969299316
DTD|GTSRB|RESISC45|SUN397,4,0.5101920465628306,0.35980767011642456,0.6515501737594604,2.41125351190567,1.2557101249694824,3.700038194656372,2.1897007624308267,1.6531705856323242,2.7554538249969482,0.8011533485311957,0.6404501061014516,0.9706493007629384,0.010187500777343908,-0.01791221834719181,0.04073449969291687,3049.9990437825522,-1384.6168212890625,8866.283203125,692.127431233724,425.3658447265625,906.9490356445312,0.1653884542461795,0.12602454867679624,0.2126410680450499,0.12146160190304121,0.08343543116003276,0.1697019600868225,0.20547444952030977,0.1674599479138851,0.2523936301469803,0.31977985500047607,0.28015341304242614,0.36677558049559594,0.32999222541848816,0.2733678859472275,0.40234795451164246,0.9821392605702082,0.9533808887004852,0.9975350964069366,0.039128147065639496,0.0329522006213665,0.043211352080106735,0.21335729211568832,0.17090266942977905,0.2806081175804138,3.258726795514425,2.951887845993042,3.5466411113739014,2.336997389793396,2.118544340133667,2.555450439453125,0.8376105571935825,0.6997195606551543,0.9792305263749103,3.961251735687256,3.772517681121826
DTD|GTSRB|RESISC45|SVHN,4,0.3731609632571538,0.1372099220752716,0.6163449883460999,2.005690554777781,0.6701322793960571,3.3585941791534424,2.6462987263997397,2.114609718322754,3.081489086151123,0.7670761177777256,0.6404501061014516,0.9706493007629384,0.01193778853242596,-0.01791221834719181,0.04073449969291687,1627.8367207845051,-1384.6168212890625,8866.283203125,495.2579396565755,241.906005859375,685.7049560546875,0.13970130768992628,0.12038540591951459,0.19292636050842701,0.1173774731097122,0.07921740069985389,0.21858177632093428,0.2025232268621524,0.16246098831295966,0.30598826706409454,0.2930509998401006,0.27317810960114003,0.34578945353627205,0.31939304639895755,0.2663831290602684,0.45275611519813536,0.9787094817558925,0.9559284889698029,0.9975350964069366,0.045010161896546684,0.031521961092948914,0.08575654774904251,0.22771815955638885,0.17090266942977905,0.4107193350791931,3.155096650123596,2.951887845993042,3.3819963932037354,2.273437261581421,2.118544340133667,2.428330183029175,0.878478662925513,0.7711009682042479,0.9792305263749103,3.973501205444336,3.768407106399536
DTD|GTSRB|SUN397|SVHN,4,0.37187226116657257,0.1372099220752716,0.6515501737594604,1.5828605095545452,0.6701322793960571,2.532944679260254,2.392309784889221,1.6531705856323242,3.0147647857666016,0.8290031055662218,0.6935956106284505,0.9706493007629384,0.009191954197982946,-0.01763187348842621,0.027288692072033882,1569.2323201497395,-1491.27734375,6418.080078125,635.3717651367188,241.906005859375,906.9490356445312,0.14117650591768324,0.11790631861425936,0.20414578802883626,0.11486620083451271,0.07275213036686182,0.21858177632093428,0.19979053118576606,0.1550316686183214,0.30598826706409454,0.2963162401815256,0.27490638799965383,0.361755493208766,0.3153889221449693,0.2503929418325424,0.45275611519813536,0.9647432229916255,0.9209307038784027,0.9900158143043518,0.042144195487101875,0.02481331303715706,0.08575654774904251,0.2257890080412229,0.1698397994041443,0.4107193350791931,3.3003470500310264,2.951887845993042,3.664043426513672,2.3689345121383667,2.118544340133667,2.6193246841430664,0.8300535463590656,0.6997195606551543,0.9290359199021377,3.9568705558776855,3.76822829246521
DTD|MNIST|RESISC45|SUN397,4,0.4400562768181165,0.24247559905052185,0.6515501737594604,2.0060453017552695,0.6643475294113159,3.700038194656372,2.2204912503560386,1.6531705856323242,2.880948305130005,0.7112832227590001,0.5027981364506646,0.9248658716805741,-0.0049884213755528135,-0.09361457824707031,0.04073449969291687,2930.7532925705113,-1.9269087314605713,8866.283203125,671.5883839925131,366.4281921386719,906.9490356445312,0.15900577909157923,0.11228315519168973,0.2126410680450499,0.11691877820839484,0.07208431433886289,0.1697019600868225,0.1996477390701572,0.1564513859897852,0.2523936301469803,0.3128036609912912,0.26325097121298313,0.36677558049559594,0.3203295342127482,0.24852196350693703,0.40234795451164246,0.9628457685311634,0.9064198970794678,0.9975350964069366,0.03811819385737181,0.029553378000855446,0.043211352080106735,0.21946843216816583,0.1770075261592865,0.2806081175804138,3.341413060824076,3.122396945953369,3.5466411113739014,2.401759088039398,2.2480677366256714,2.555450439453125,0.8902375521364152,0.7940403275337093,0.9792305263749103,3.981670618057251,3.790151596069336
DTD|MNIST|RESISC45|SVHN,4,0.3462667167186737,0.22993354499340057,0.6163449883460999,1.7751287817955017,0.6643475294113159,3.3585941791534424,2.6124583880106607,2.0867741107940674,3.081489086151123,0.6845180840917545,0.5027981364506646,0.9233768153768372,-0.01344746770337224,-0.09361457824707031,0.04073449969291687,1876.9339893807967,-1.9269087314605713,8866.283203125,459.28767522176105,121.75467681884766,685.7049560546875,0.1358208844740875,0.11228315519168973,0.19292636050842701,0.12724841511497895,0.07638619754463434,0.29366352178156374,0.22153146777302027,0.1564513859897852,0.44572381138801576,0.2893469799434145,0.26325097121298313,0.34578945353627205,0.3262299826492866,0.25994367986917494,0.5269079574942589,0.968659301996231,0.9438604724407196,0.9975350964069366,0.06458623645206292,0.031521961092948914,0.20587389171123505,0.3513476972778638,0.1818915158510208,1.1189169883728027,3.2029184103012085,2.9659740924835205,3.3819963932037354,2.338198959827423,2.2480677366256714,2.428330183029175,0.9327093358462767,0.8750438029503887,0.9792305263749103,3.9756622314453125,3.772606611251831
DTD|MNIST|SUN397|SVHN,4,0.3399832670887311,0.22993354499340057,0.6515501737594604,1.380152424176534,0.6643475294113159,2.532944679260254,2.352067708969116,1.6531705856323242,2.8277316093444824,0.7372292188539906,0.5445210753374491,0.9248658716805741,-0.025710183040549357,-0.09361457824707031,0.027288692072033882,1149.640866830945,-1491.27734375,6418.080078125,604.630438486735,121.75467681884766,906.9490356445312,0.137430902797884,0.11320292491931468,0.20414578802883626,0.12430481135224303,0.07208431433886289,0.29366352178156374,0.21961290134737887,0.1550316686183214,0.44572381138801576,0.293100228967766,0.26807614728808404,0.361755493208766,0.3212641530483961,0.24852196350693703,0.5269079574942589,0.9521955947081248,0.9064198970794678,0.996018191576004,0.06123219523578882,0.02481331303715706,0.20587389171123505,0.34649788588285446,0.1698397994041443,1.1189169883728027,3.347021500269572,2.9659740924835205,3.664043426513672,2.433696210384369,2.2480677366256714,2.6193246841430664,0.8817445585313045,0.7940403275337093,0.9418837142944523,3.9662411212921143,3.7744486331939697
DTD|RESISC45|SUN397|SVHN,4,0.4894791046778361,0.2985857129096985,0.6515501737594604,2.6564809481302896,1.6244373321533203,3.700038194656372,2.453958749771118,1.6531705856323242,3.081489086151123,0.7847774211220799,0.6598161721211281,0.9248658716805741,0.014081729110330343,-0.01763187348842621,0.04073449969291687,3082.126251220703,-1491.27734375,8866.283203125,678.2563730875651,384.7428283691406,906.9490356445312,0.16279740951412047,0.11790631861425936,0.2126410680450499,0.11761708329121272,0.07275213036686182,0.1697019600868225,0.2005448389177521,0.1550316686183214,0.2523936301469803,0.31773527577519417,0.27317810960114003,0.36677558049559594,0.32211831072966257,0.2503929418325424,0.40234795451164246,0.9690335502227146,0.9209307038784027,0.9975350964069366,0.03540209991236528,0.02481331303715706,0.043211352080106735,0.21616280823946,0.1698397994041443,0.2806081175804138,3.450883905092875,3.239434242248535,3.664043426513672,2.479613184928894,2.3399016857147217,2.6193246841430664,0.9113976509078702,0.8430343528431323,0.9792305263749103,3.98738431930542,3.8076720237731934
EuroSAT|GTSRB|MNIST|RESISC45,4,0.33609674746791524,0.08165492862462997,0.7188688516616821,3.100419590870539,0.21715611219406128,10.377920150756836,3.507295568784078,2.245227813720703,4.891705513000488,0.5257347904059076,0.28763632157748975,0.7850699557398747,-0.005491118768845393,-0.02484152652323246,0.009807041846215725,-230.7789817204078,-1384.6168212890625,0.12451979517936707,263.36192564417917,0.03465200960636139,425.3658447265625,0.1288859367215385,0.112238151114434,0.16373263630550355,0.13137933759950102,0.08191766545176506,0.2139637750387192,0.20110407243172326,0.154193829074502,0.27758821949362755,0.28103334171076616,0.2625884451717138,0.3213991506397724,0.33785219339032974,0.2659945370256901,0.4538117241859436,0.9800632266203563,0.9540328478813171,0.9906769526004792,0.051391116032997765,0.037141211330890656,0.08240235596895218,0.23295352359612784,0.1674669086933136,0.34534043073654175,2.954135298728943,2.777924060821533,3.1590001583099365,2.1374534964561462,2.0022850036621094,2.272621989250183,0.8958215608503567,0.8127625539628084,0.955080788132532,3.979891538619995,3.7484500408172607
EuroSAT|GTSRB|MNIST|SUN397,4,0.2994886301457882,0.08165492862462997,0.45105504989624023,2.0283944507439933,0.21715611219406128,4.64552116394043,3.4352004130681357,2.09859561920166,4.891705513000488,0.5749515107217095,0.28763632157748975,0.8977204116462547,-0.003061741643205181,-0.02484152652323246,0.017926551401615143,437.77631491919357,-0.27575603127479553,2627.115234375,422.2593713228901,0.03465200960636139,722.2451782226562,0.12674578686322396,0.112238151114434,0.14986111827660353,0.11132842224401733,0.07208431433886289,0.1821829304099083,0.18869462739676238,0.154193829074502,0.27758821949362755,0.28050472556302947,0.2625884451717138,0.31150515370070936,0.31109602538247905,0.24852196350693703,0.4163283509016037,0.9610231151183446,0.9064198970794678,0.9906769526004792,0.04327772775044044,0.029553378000855446,0.08240235596895218,0.20524467279513678,0.1674669086933136,0.34534043073654175,3.1121406157811484,2.777924060821533,3.456526279449463,2.232950747013092,2.0022850036621094,2.4636164903640747,0.835181122619801,0.6997195606551543,0.955080788132532,3.9537196159362793,3.7410123348236084
EuroSAT|GTSRB|MNIST|SVHN,4,0.22653048609693846,0.08165492862462997,0.35259509086608887,1.8407911161581676,0.21715611219406128,4.318554878234863,3.738202373186747,2.245227813720703,4.891705513000488,0.5342405450761631,0.28763632157748975,0.7850699557398747,-0.013834427663675541,-0.07440153509378433,0.016236495226621628,69.42060425877571,-0.31382858753204346,417.01904296875,151.226994715631,0.03465200960636139,241.906005859375,0.132143753398365,0.112238151114434,0.1418509595328942,0.1719107598438859,0.09693386366590857,0.29366352178156374,0.25413975680867834,0.154193829074502,0.44572381138801576,0.2840449192623297,0.2625884451717138,0.2986823952943087,0.3854145677636067,0.28374452888965607,0.5269079574942589,0.9895105065902073,0.981047455072403,0.996018191576004,0.08357958495616913,0.04183889180421829,0.20587389171123505,0.40993593136469525,0.1674669086933136,1.1189169883728027,2.9475181102752686,2.777924060821533,3.177229166030884,2.169390618801117,2.0022850036621094,2.3364962339401245,0.8734727469711693,0.7711009682042479,0.955080788132532,3.954932451248169,3.729391098022461
EuroSAT|GTSRB|RESISC45|SUN397,4,0.49266140659650165,0.35259509086608887,0.7188688516616821,4.267291367053986,1.5933984518051147,10.377920150756836,3.3104998668034873,2.09859561920166,4.70136833190918,0.5996948291470453,0.3663830458349565,0.8977204116462547,0.0015097742688900406,-0.01791221834719181,0.017926551401615143,590.7888387044271,-1384.6168212890625,2627.115234375,533.5720443725586,210.9568634033203,781.7553100585938,0.15175857836846263,0.12772368736565112,0.2126410680450499,0.1318599475733936,0.08348516307771206,0.2139637750387192,0.20685516556104022,0.1674599479138851,0.2759271061420441,0.3069835674141844,0.2780163299292326,0.36677558049559594,0.3432018691798051,0.2733678859472275,0.4538117241859436,0.9735362311204274,0.9459702277183533,0.9906769526004792,0.042339483896891274,0.030994880944490433,0.06742799282073975,0.21704449007908502,0.1674669086933136,0.3320666551589966,3.1757468382517495,2.777924060821533,3.5466411113739014,2.278867721557617,2.0022850036621094,2.555450439453125,0.8225534142031421,0.6997195606551543,0.9226592622244211,3.9554407596588135,3.754448175430298
EuroSAT|GTSRB|RESISC45|SVHN,4,0.38273777564366657,0.1372099220752716,0.7188688516616821,3.925968110561371,0.6701322793960571,10.377920150756836,3.6640382607777915,2.7554538249969482,4.862083911895752,0.6206856693352437,0.3663830458349565,0.9233768153768372,0.0013042252886175294,-0.01791221834719181,0.016236495226621628,-90.61996459960938,-1384.6168212890625,423.87799072265625,291.85866673787433,121.75211334228516,425.3658447265625,0.13702850680255022,0.12038540591951459,0.16373263630550355,0.1409968367125839,0.08260847676545381,0.21858177632093428,0.20938851678123074,0.16246098831295966,0.30598826706409454,0.2898231412967046,0.27317810960114003,0.3213991506397724,0.34880088157951833,0.2684167686104775,0.4538117241859436,0.9836522787809372,0.9645807147026062,0.9931578612327576,0.05137523946662744,0.031935255974531174,0.08575654774904251,0.24934703360001245,0.1674669086933136,0.4107193350791931,3.0654422442118325,2.777924060821533,3.3819963932037354,2.215307593345642,2.0022850036621094,2.428330183029175,0.8619820692823112,0.7711009682042479,0.9487407662232592,3.970317840576172,3.7543673515319824
EuroSAT|GTSRB|SUN397|SVHN,4,0.3309459090232849,0.1372099220752716,0.45105504989624023,2.685346484184265,0.6701322793960571,4.64552116394043,3.6655282974243164,2.09859561920166,4.862083911895752,0.6111135120242933,0.3663830458349565,0.8977204116462547,0.002755197292543865,-0.01763187348842621,0.017926551401615143,258.8094889322917,-1491.27734375,2627.115234375,449.8072090148926,121.75211334228516,722.2451782226562,0.13432188077208898,0.11790631861425936,0.14986111827660353,0.12094208880948525,0.07275213036686182,0.21858177632093428,0.19545178545018038,0.1550316686183214,0.30598826706409454,0.2887783755362034,0.27490638799965383,0.31150515370070936,0.3219528380284707,0.2503929418325424,0.45275611519813536,0.9652726572751998,0.9209307038784027,0.9931578612327576,0.04333949958284696,0.02481331303715706,0.08575654774904251,0.22099832942088446,0.1674669086933136,0.4107193350791931,3.22086771329244,2.777924060821533,3.664043426513672,2.310804843902588,2.0022850036621094,2.6193246841430664,0.8158365352583474,0.6997195606551543,0.9226592622244211,3.949683427810669,3.751035213470459
EuroSAT|MNIST|RESISC45|SUN397,4,0.4222857852776845,0.23382391035556793,0.7188688516616821,3.700177788734436,0.7570161819458008,10.377920150756836,3.3776524861653647,2.1856796741485596,4.891705513000488,0.5314705321942784,0.28763632157748975,0.7134182288748269,0.0012326455525915048,-0.01145547442138195,0.009807041846215725,383.6805638174216,-0.27575603127479553,2302.234619140625,484.0013960624735,0.03465200960636139,781.7553100585938,0.14399317564209924,0.112238151114434,0.2126410680450499,0.12422209579808018,0.07208431433886289,0.2139637750387192,0.20000635844965775,0.154193829074502,0.2759271061420441,0.29893257475147644,0.2625884451717138,0.36677558049559594,0.32947838986913364,0.24852196350693703,0.4538117241859436,0.960041068593661,0.9064198970794678,0.9886432695388794,0.0417089123899738,0.029553378000855446,0.06742799282073975,0.22482151786486307,0.1770075261592865,0.3320666551589966,3.259603261947632,2.955454111099243,3.5466411113739014,2.3436294198036194,2.1318084001541138,2.555450439453125,0.8619369182292038,0.758372661829909,0.955080788132532,3.972702741622925,3.7712953090667725
EuroSAT|MNIST|RESISC45|SVHN,4,0.3556036775310834,0.22993354499340057,0.7188688516616821,3.5335009694099426,0.8816286325454712,10.377920150756836,3.6665600538253784,2.714063882827759,4.891705513000488,0.5597734644687012,0.28763632157748975,0.9233768153768372,-0.009182237510582484,-0.07440153509378433,0.009807041846215725,70.61478032171726,-0.31382858753204346,423.87799072265625,226.8568012341857,0.03465200960636139,384.7428283691406,0.13176535601494835,0.112238151114434,0.16373263630550355,0.1477727506371836,0.08191766545176506,0.29366352178156374,0.22737466103086867,0.154193829074502,0.44572381138801576,0.28504432274649544,0.2625884451717138,0.3213991506397724,0.35157702972491583,0.2659945370256901,0.5269079574942589,0.979400428533554,0.9540328478813171,0.996018191576004,0.07133069572349389,0.031935255974531174,0.20587389171123505,0.37464245905478794,0.18818528950214386,1.1189169883728027,3.1144341627756753,2.955454111099243,3.3819963932037354,2.2800692915916443,2.1318084001541138,2.428330183029175,0.9029692512863039,0.8357375249723454,0.955080788132532,3.9695279598236084,3.7578248977661133
EuroSAT|MNIST|SUN397|SVHN,4,0.29881706337134045,0.22993354499340057,0.45105504989624023,2.3207330306371055,0.7570161819458008,4.64552116394043,3.6616483529408774,2.1856796741485596,4.891705513000488,0.5409854541314907,0.28763632157748975,0.7726187370035659,-0.017248146509390255,-0.07440153509378433,5.201169717139464e-09,-248.6444880614678,-1491.27734375,3.109784226461819e-14,390.03428129603464,0.03465200960636139,707.3023681640625,0.1291935500805266,0.112238151114434,0.14986111827660353,0.1272856712465485,0.07208431433886289,0.29366352178156374,0.2142520589505633,0.154193829074502,0.44572381138801576,0.2844875656689207,0.2625884451717138,0.31150515370070936,0.323767280826966,0.24852196350693703,0.5269079574942589,0.9585233585039775,0.9064198970794678,0.996018191576004,0.06280688103288412,0.02481331303715706,0.20587389171123505,0.34337309499581653,0.1698397994041443,1.1189169883728027,3.268712321917216,2.955454111099243,3.664043426513672,2.37556654214859,2.1318084001541138,2.6193246841430664,0.8542840565138152,0.758372661829909,0.955080788132532,3.95619797706604,3.7567942142486572
EuroSAT|RESISC45|SUN397|SVHN,4,0.4668421596288681,0.2985857129096985,0.7188688516616821,4.5948004722595215,1.6244373321533203,10.377920150756836,3.5131476720174155,2.2498862743377686,4.862083911895752,0.6529747041697951,0.408126005693774,0.9233768153768372,0.00015225280723803655,-0.01763187348842621,0.009501073509454727,205.80587768554688,-1491.27734375,2302.234619140625,509.4436149597168,121.75211334228516,781.7553100585938,0.15079397388656313,0.11790631861425936,0.2126410680450499,0.12788442326399188,0.07275213036686182,0.2139637750387192,0.203031775628527,0.1550316686183214,0.2759271061420441,0.30648854116598767,0.27317810960114003,0.36677558049559594,0.33466761372983456,0.2503929418325424,0.4538117241859436,0.9649699461460113,0.9209307038784027,0.9931578612327576,0.040343993032972016,0.02481331303715706,0.06742799282073975,0.2291239226857821,0.1698397994041443,0.3320666551589966,3.3683180014292398,3.0469510555267334,3.664043426513672,2.4214835166931152,2.223642349243164,2.6193246841430664,0.8653477722060133,0.758372661829909,0.9487407662232592,3.9747462272644043,3.787572145462036
GTSRB|MNIST|RESISC45|SUN397,4,0.33618055904905003,0.08165492862462997,0.6279879212379456,1.5529625713825226,0.21715611219406128,3.700038194656372,2.402631918589274,2.09859561920166,2.880948305130005,0.7073716937751633,0.5027981364506646,0.8977204116462547,-0.0029052190172175565,-0.02484152652323246,0.017926551401615143,590.7333678603172,-1384.6168212890625,2627.115234375,533.5722223917643,210.95765686035156,781.7553100585938,0.13730284053211408,0.11228315519168973,0.2126410680450499,0.11334942643841107,0.07208431433886289,0.1821829304099083,0.19711488215873638,0.1564513859897852,0.27758821949362755,0.2903498348593712,0.26325097121298313,0.36677558049559594,0.31527181987961134,0.24852196350693703,0.4163283509016037,0.9610167866945267,0.9064198970794678,0.9860091483592988,0.043812013852099575,0.029553378000855446,0.08240235596895218,0.2232154831290245,0.17090266942977905,0.34534043073654175,3.2074689865112305,2.7927284240722656,3.5466411113739014,2.3033575415611267,2.0512646436691284,2.555450439453125,0.8284954948778399,0.6997195606551543,0.9223212853325121,3.9572672843933105,3.7579641342163086
GTSRB|MNIST|RESISC45|SVHN,4,0.24317100023229918,0.08165492862462997,0.3831973671913147,1.2869024376074474,0.21715611219406128,2.9023311138153076,2.7819912830988565,2.245227813720703,3.081489086151123,0.6816352832724547,0.5027981364506646,0.9233768153768372,-0.01360177823031942,-0.07440153509378433,0.016236495226621628,-90.68178086976211,-1384.6168212890625,423.87799072265625,291.8592007954915,121.75467681884766,425.3658447265625,0.1289288337326919,0.11228315519168973,0.1418509595328942,0.15827981599917015,0.08191766545176506,0.29366352178156374,0.2531371662641565,0.1564513859897852,0.44572381138801576,0.28168016493320464,0.26325097121298313,0.2986823952943087,0.36924565943578874,0.2659945370256901,0.5269079574942589,0.9782012778520585,0.9540328478813171,0.996018191576004,0.08012014130751292,0.031935255974531174,0.20587389171123505,0.40426310151815414,0.17090266942977905,1.1189169883728027,3.0513753096262612,2.7927284240722656,3.3819963932037354,2.2397974133491516,2.0512646436691284,2.428330183029175,0.8685305853360495,0.7711009682042479,0.9487407662232592,3.955444097518921,3.742490530014038
GTSRB|MNIST|SUN397|SVHN,4,0.2375311516225338,0.08165492862462997,0.4222641587257385,0.9572948316733042,0.21715611219406128,1.6244373321533203,2.5143438975016275,2.09859561920166,3.0147647857666016,0.7330498523655837,0.5445210753374491,0.8977204116462547,-0.01569456048309803,-0.07440153509378433,0.017926551401615143,258.6809600243966,-1491.27734375,2627.115234375,449.80783971150714,121.75467681884766,722.2451782226562,0.12868742232831817,0.11320292491931468,0.1418509595328942,0.1537916393826405,0.07208431433886289,0.29366352178156374,0.25166294975827136,0.1550316686183214,0.44572381138801576,0.2830885946750641,0.26807614728808404,0.2986823952943087,0.36137920248011746,0.24852196350693703,0.5269079574942589,0.9575527409712473,0.9064198970794678,0.996018191576004,0.07689194784810145,0.02481331303715706,0.20587389171123505,0.39929072310527164,0.1698397994041443,1.1189169883728027,3.1987058321634927,2.7927284240722656,3.664043426513672,2.3352946639060974,2.0512646436691284,2.6193246841430664,0.8214246713917647,0.6997195606551543,0.9074292336640066,3.936215400695801,3.739562749862671
GTSRB|RESISC45|SUN397|SVHN,4,0.37497249742348987,0.1372099220752716,0.6279879212379456,2.086195468902588,0.6701322793960571,3.700038194656372,2.6713201999664307,2.09859561920166,3.081489086151123,0.7735299849385644,0.6404501061014516,0.9233768153768372,0.002860723373790582,-0.01791221834719181,0.017926551401615143,482.3921203613281,-1491.27734375,2627.115234375,543.8862559000651,241.906005859375,781.7553100585938,0.14156278538828096,0.11790631861425936,0.2126410680450499,0.11964233864719669,0.07275213036686182,0.21858177632093428,0.2023241378987829,0.1550316686183214,0.30598826706409454,0.29551493799934786,0.27317810960114003,0.36677558049559594,0.32205864891409874,0.2503929418325424,0.45275611519813536,0.9662718747059503,0.9209307038784027,0.9875193095207214,0.04271337576210499,0.02481331303715706,0.08575654774904251,0.23236257831255594,0.1698397994041443,0.4107193350791931,3.316399614016215,2.9927539825439453,3.664043426513672,2.3812116384506226,2.1430985927581787,2.6193246841430664,0.8334446981915419,0.6997195606551543,0.9487407662232592,3.9562196731567383,3.770249366760254
MNIST|RESISC45|SUN397|SVHN,4,0.33984601000944775,0.22993354499340057,0.6279879212379456,1.814797083536784,0.7570161819458008,3.700038194656372,2.656633138656616,2.1856796741485596,3.081489086151123,0.6935843861468752,0.5027981364506646,0.9233768153768372,-0.012522742617875338,-0.07440153509378433,0.009807041846215725,205.72836688160896,-1491.27734375,2302.234619140625,509.44408798217773,121.75467681884766,781.7553100585938,0.13635572734832144,0.11228315519168973,0.2126410680450499,0.12878801146522165,0.07208431433886289,0.29366352178156374,0.2217078780879577,0.1550316686183214,0.44572381138801576,0.2908115986486276,0.26325097121298313,0.36677558049559594,0.32709702049692474,0.24852196350693703,0.5269079574942589,0.9545321396986642,0.9064198970794678,0.996018191576004,0.06208806702246269,0.02481331303715706,0.20587389171123505,0.35434526950120926,0.1698397994041443,1.1189169883728027,3.362363576889038,2.9659740924835205,3.664043426513672,2.4459733366966248,2.272621989250183,2.6193246841430664,0.8847484203572752,0.7940403275337093,0.9487407662232592,3.9645605087280273,3.7771008014678955
